Symbol,longName,sector,industry,industryKey,marketCap,priceToSalesTrailing12Months,currentRatio,quickRatio,revenueGrowth,grossMargins,trailingPE,forwardPE,PS_adj,pegRatio,dividendYield,earningsGrowth,profitMargins,shortPercentOfFloat,roe,score
XNET,Xunlei Limited,Technology,Software - Infrastructure,software-infrastructure,368555392,0.74,2.112,2.04,53.900000000000006,48.13,0.43,0.0,0.18,0,0.0,0.0,176.72,5.37,76.32,24
DEC,Diversified Energy Company,Energy,Oil & Gas Integrated,oil-gas-integrated,941282112,0.51,0.47,0.349,66.0,55.669999999999995,1.69,5.55,0.08,0,8.11,0.0,27.37,4.12,34.66,24
SSSS,Neostellar Capital Corp.,Financial Services,Asset Management,asset-management,326920416,170.34,26.889,26.879,46.7,100.0,1.79,-22.59,0.0,0,4.24,0.0,10694.8,0.74,23.77,24
TOYO,"TOYO Co., Ltd.",Technology,Solar,solar,287498528,0.55,0.681,0.237,177.0,26.86,3.45,1.66,-0.31,0,0.0,0.0,13.750000000000002,3.9699999999999998,35.65,24
ATLCP,Atlanticus Holdings Corporation,Financial Services,Credit Services,credit-services,0,0.0,14.669,14.219,60.8,72.39,3.2,0.0,0.0,0,7.78,50.2,21.44,0.0,20.08,24
CRMD,CorMedix Inc.,Healthcare,Biotechnology,biotechnology,689592064,1.72,2.975,2.585,226.10000000000002,91.86,4.05,25.11,-0.18,0,0.0,42.8,45.25,18.740000000000002,40.23,24
RILYL,"BRC Group Holdings, Inc.",Financial Services,Financial Conglomerates,financial-conglomerates,0,0.0,4.178,3.901,113.39999999999999,22.7,2.44,0.0,0.0,0,0.0,0.0,50.77,0.0,-179.22,24
RILY,"BRC Group Holdings, Inc.",Financial Services,Financial Conglomerates,financial-conglomerates,306283584,0.29,4.178,3.901,113.39999999999999,22.7,0.52,0.0,-0.03,0,0.0,0.0,50.77,11.43,-179.22,24
RILYP,"BRC Group Holdings, Inc.",Financial Services,Financial Conglomerates,financial-conglomerates,0,0.0,4.178,3.901,113.39999999999999,22.7,2.4,0.0,0.0,0,0.0,0.0,50.77,0.0,-179.22,24
INR,"Infinity Natural Resources, Inc.",Energy,Oil & Gas E&P,oil-gas-e-p,229519680,0.54,0.873,0.778,81.8,78.4,4.25,2.74,0.02,0,0.0,0.0,10.92,13.25,7.73,24
LUXE,LuxExperience B.V.,Consumer Cyclical,Luxury Goods,luxury-goods,1087111936,0.45,2.325,0.588,155.0,46.56,1.36,-131.78,-0.13,0,0.0,0.0,18.990000000000002,22.96,,24
VEL,"Velocity Financial, Inc.",Financial Services,Mortgage Finance,mortgage-finance,727792896,2.68,27.351,27.109,132.1,74.86,6.6,6.18,-0.22,0,0.0,11.3,39.96,27.46,15.62,22
PICS,PicS N.V.,Technology,Software - Infrastructure,software-infrastructure,1478593920,0.13,0.962,0.897,70.19999999999999,94.08999999999999,6.63,3.67,0.0,0,0.0,-99.7,9.959999999999999,5.81,28.18,22
IRWD,"Ironwood Pharmaceuticals, Inc.",Healthcare,Drug Manufacturers - Specialty & Generic,drug-manufacturers-specialty-generic,721006720,1.99,1.406,1.381,158.9,75.2,7.06,3.04,-0.29,0,0.0,0.0,28.26,10.549999999999999,-9.17,22
ZVRA,"Zevra Therapeutics, Inc.",Healthcare,Biotechnology,biotechnology,825837760,6.75,4.89,4.736,77.5,86.07000000000001,6.95,11.69,0.21,0,0.0,0.0,101.58,11.16,53.82,22
FUBO,FuboTV Inc.,Communication Services,Broadcasting,broadcasting,301209632,0.06,0.994,0.933,39.800000000000004,4.46,2.66,21.67,0.03,0,0.0,0.0,-1.6,23.849999999999998,-87.72,22
TREE,"LendingTree, Inc.",Financial Services,Financial Conglomerates,financial-conglomerates,640024896,0.53,1.89,1.765,36.5,96.32,3.55,6.76,0.01,0,0.0,0.0,15.02,8.15,52.76,22
EFC,Ellington Financial Inc.,Real Estate,REIT - Mortgage,reit-mortgage,1702845440,4.26,8.095,8.08,76.5,100.0,8.38,7.04,0.0,0,11.58,127.0,53.39,6.02,9.78,22
YB,Yuanbao Inc.,Technology,Software - Application,software-application,665858880,0.14,3.484,3.448,35.6,96.39,3.45,2.93,0.0,0,8.4,24.4,29.67,0.2,39.07,22
ETO,Eaton Vance Tax-Advantaged Global Dividend Opportunities Fund,Financial Services,Asset Management,asset-management,509671104,20.47,4.067,4.008,31.4,100.0,3.7,0.0,0.0,0,6.75,0.0,553.51,0.0,17.35,22
ABUS,Arbutus Biopharma Corporation,Healthcare,Biotechnology,biotechnology,981762368,5.13,54.263,54.002,10054.5,89.34,5.99,-30.07,-54.4,0,0.0,0.0,83.95,13.200000000000001,-43.75,22
CDLR,Cadeler A/S,Industrials,Engineering & Construction,engineering-construction,2280574720,3.36,1.305,1.247,90.5,56.81,6.83,0.0,0.14,0,0.0,0.0,39.93,1.18,18.63,22
SHIP,Seanergy Maritime Holdings Corp,Industrials,Marine Shipping,marine-shipping,307688416,1.74,0.0,0.0,77.0,62.99,7.89,6.5,0.15,0,5.96,0.0,21.34,1.5699999999999998,7.55,22
LPG,Dorian LPG Ltd.,Energy,Oil & Gas Midstream,oil-gas-midstream,1616329600,3.4,2.667,2.526,105.2,68.93,8.32,10.97,-0.05,0,8.19,897.6000000000001,40.78,5.800000000000001,17.0,22
NEXA,Nexa Resources S.A.,Basic Materials,Other Industrial Metals & Mining,other-industrial-metals-mining,1749513984,0.54,0.851,0.464,41.699999999999996,26.009999999999998,8.36,4.62,0.23,0,1.18,653.7,6.4399999999999995,0.54,13.22,22
WDH,Waterdrop Inc.,Financial Services,Insurance - Diversified,insurance-diversified,456313472,0.1,1.948,1.452,64.8,53.97,5.77,7.73,0.02,0,5.0,-8.5,12.520000000000001,0.03,11.04,22
SLDE,"Slide Insurance Holdings, Inc.",Financial Services,Insurance - Property & Casualty,insurance-property-casualty,2402307328,1.9,1.733,1.108,38.2,66.94,5.76,6.04,0.39,0,0.0,36.0,38.86,8.48,39.88,20
FDUS,Fidus Investment Corporation,Financial Services,Asset Management,asset-management,774648576,4.64,2.201,2.146,30.2,100.0,9.03,10.45,0.0,0,11.43,-9.2,49.51,2.75,11.11,20
SKWD,"Skyward Specialty Insurance Group, Inc.",Financial Services,Insurance - Property & Casualty,insurance-property-casualty,2440692480,1.56,1.908,0.871,44.800000000000004,30.72,14.51,10.92,0.6,0,0.0,7.9,11.360000000000001,3.6900000000000004,16.84,20
EZPW,"EZCORP, Inc.",Financial Services,Credit Services,credit-services,2170373888,1.47,4.712,1.905,45.9,58.589999999999996,19.06,16.45,0.33,0,0.0,82.69999999999999,9.93,25.3,10.69,20
MUX,McEwen Inc.,Basic Materials,Other Precious Metals & Mining,other-precious-metals-mining,1125503232,4.77,1.136,0.778,107.4,36.480000000000004,15.97,4.55,-0.22,0,0.0,0.0,31.4,19.56,6.3,20
ASIC,unknown,Financial Services,Insurance - Property & Casualty,insurance-property-casualty,1198894976,2.55,1.672,1.175,55.2,26.009999999999998,13.0,10.07,0.85,0,0.0,155.0,19.36,3.01,12.05,20
SKYT,"SkyWater Technology, Inc.",Technology,Semiconductors,semiconductors,1677384832,3.1,0.514,0.389,162.1,19.36,14.57,-167.66,-1.55,0,0.0,0.0,21.04,6.34,63.31,20
SCZM,Santacruz Silver Mining Ltd.,Basic Materials,Other Industrial Metals & Mining,other-industrial-metals-mining,631564160,1.65,1.542,1.095,81.39999999999999,37.7,10.48,0.0,0.19,0,0.0,182.4,15.959999999999999,0.0,23.58,20
ATLC,Atlanticus Holdings Corporation,Financial Services,Credit Services,credit-services,1448757632,2.3,14.669,14.219,60.8,72.39,11.41,7.18,0.25,0,0.0,50.2,21.44,22.86,20.08,20
MAKO,Mako Mining Corp.,Basic Materials,Gold,gold,692636352,3.74,3.204,2.352,115.8,58.24,14.38,0.0,-0.25,0,0.0,118.10000000000001,25.619999999999997,0.0,22.38,20
JLHL,Julong Holding Limited,Industrials,Building Products & Equipment,building-products-equipment,79145456,0.31,1.213,1.206,85.39999999999999,16.08,19.42,0.0,0.04,0,0.0,71.7,10.38,1.67,37.46,20
GAU,Galiano Gold Inc.,Basic Materials,Gold,gold,514591104,1.19,0.965,0.578,248.70000000000002,50.739999999999995,17.91,2.15,-0.87,0,0.0,0.0,7.000000000000001,0.8500000000000001,-13.38,20
GCT,GigaCloud Technology Inc.,Technology,Software - Infrastructure,software-infrastructure,1240917504,0.9,2.067,1.303,32.2,23.43,8.63,6.91,0.47,0,0.0,53.2,10.77,17.09,28.28,20
DDL,Dingdong (Cayman) Limited,Consumer Defensive,Grocery Stores,grocery-stores,441687392,0.02,1.23,0.074,195.2,29.09,18.36,5.33,-0.01,0,0.0,2790.2999999999997,1.55,1.6500000000000001,21.3,20
GOLD,"Gold.com, Inc.",Financial Services,Capital Markets,capital-markets,1277642624,0.06,1.176,0.126,244.0,1.8399999999999999,14.35,12.13,-0.08,0,1.82,0.0,0.35000000000000003,16.2,2.67,20
TRIN,Trinity Capital Inc.,Financial Services,Asset Management,asset-management,1584719104,5.28,1.478,1.406,32.9,100.0,9.33,8.44,0.0,0,14.31,-17.1,46.089999999999996,6.67,12.4,20
AII,"American Integrity Insurance Group, Inc.",Financial Services,Insurance - Property & Casualty,insurance-property-casualty,367700000,1.24,1.509,0.428,26.5,51.54,3.88,6.23,0.44,0,0.0,-63.4,27.560000000000002,1.6400000000000001,29.56,20
VOXR,Vox Royalty Corp.,Basic Materials,Other Precious Metals & Mining,other-precious-metals-mining,314880992,10.5,4.943,4.823,498.29999999999995,94.74000000000001,10.16,16.32,-2.2,0,1.23,0.0,102.49999999999999,2.36,5.5,20
DMLP,"Dorchester Minerals, L.P.",Energy,Oil & Gas E&P,oil-gas-e-p,1224240768,7.52,16.613,16.525,36.4,93.77,18.25,0.0,0.3,0,10.0,63.0,40.87,1.35,18.79,18
DDI,"DoubleDown Interactive Co., Ltd.",Communication Services,Electronic Gaming & Multimedia,electronic-gaming-multimedia,564413696,1.52,8.196,8.153,12.7,72.52,4.95,4.76,0.37,0,0.0,48.4,30.769999999999996,0.15,10.79,18
TEN,Tsakos Energy Navigation Limited,Energy,Oil & Gas Midstream,oil-gas-midstream,1140631168,1.33,0.0,0.0,28.4,59.72,6.18,12.9,0.38,0,5.35,162.79999999999998,24.81,1.0999999999999999,8.9,18
TIGR,UP Fintech Holding Limited,Financial Services,Capital Markets,capital-markets,827384064,1.46,1.079,1.075,27.1,87.58,7.47,4.91,0.13,0,0.0,0.0,20.01,7.62,19.75,18
TASK,"TaskUs, Inc.",Technology,Information Technology Services,information-technology-services,474375104,0.39,2.751,2.442,10.299999999999999,39.22,4.58,3.41,0.21,0,0.0,13.0,8.7,14.63,17.05,18
ECPG,"Encore Capital Group, Inc.",Financial Services,Credit Services,credit-services,1919131264,1.04,18.241,18.058,21.0,100.0,6.97,6.7,0.0,0,0.0,100.0,16.0,7.61,26.29,18
UAN,"CVR Partners, LP",Basic Materials,Agricultural Inputs,agricultural-inputs,1207686912,1.88,2.751,1.835,26.0,42.66,9.94,-18.19,0.8,0,10.77,84.3,18.89,4.65,37.13,18
RIGL,"Rigel Pharmaceuticals, Inc.",Healthcare,Biotechnology,biotechnology,744801280,2.48,2.615,2.197,10.299999999999999,81.2,2.09,8.42,0.42,0,0.0,-30.2,121.50000000000001,19.2,93.75,18
NAT,Nordic American Tankers Limited,Energy,Oil & Gas Midstream,oil-gas-midstream,1234506368,3.72,2.999,1.605,104.3,46.93,22.42,19.76,-0.08,0,15.15,990.3000000000001,16.36,10.94,2.75,18
IDR,"Idaho Strategic Resources, Inc.",Basic Materials,Gold,gold,503385920,10.15,12.768,12.276,99.0,69.69,22.42,40.3,0.03,0,0.0,239.8,43.33,7.95,15.45,18
ASM,Avino Silver & Gold Mines Ltd.,Basic Materials,Other Precious Metals & Mining,other-precious-metals-mining,1153283328,10.22,5.775,5.21,109.3,54.94,29.91,8.12,-0.43,0,0.0,125.69999999999999,32.74,4.109999999999999,-160.36,18
ATEX,Anterix Inc.,Communication Services,Telecom Services,telecom-services,2067618048,318.05,3.333,3.033,41.0,100.0,21.95,-143.3,0.0,0,0.0,98.4,1394.17,14.860000000000001,34.55,18
IRS,IRSA Inversiones y Representaciones Sociedad Anónima,Real Estate,Real Estate Services,real-estate-services,1362246656,0.0,0.605,0.491,29.299999999999997,64.64999999999999,5.08,29.51,0.0,0,15.17,0.0,72.50999999999999,0.51,-2.7,18
HSHP,Himalaya Shipping Ltd.,Industrials,Marine Shipping,marine-shipping,698688896,4.87,0.953,0.743,52.7,78.82000000000001,23.52,0.0,0.49,0,8.06,0.0,20.28,2.75,10.95,18
JCAP,"Jefferson Capital, Inc.",Financial Services,Credit Services,credit-services,1142931712,1.83,5.13,5.08,11.899999999999999,75.12,3.6,6.38,0.4,0,5.1,0.0,25.8,5.82,39.48,18
INVA,"Innoviva, Inc.",Healthcare,Biotechnology,biotechnology,1610507008,3.83,21.134,19.272,10.6,74.1,3.49,9.87,0.89,0,0.0,0.0,119.88000000000001,12.049999999999999,23.12,18
TK,Teekay Corporation Ltd.,Energy,Oil & Gas Midstream,oil-gas-midstream,906663232,0.9,0.0,0.0,23.5,43.47,9.22,24.23,0.39,0,0.0,96.0,17.49,6.22,13.54,18
RJET,Republic Airways Holdings Inc.,Industrials,Airlines,airlines,991848320,0.55,0.935,0.614,33.6,34.77,11.97,0.0,0.24,0,0.0,-14.7,4.2,2.19,5.74,18
ROCK,"Gibraltar Industries, Inc.",Industrials,Building Products & Equipment,building-products-equipment,1282284800,1.03,1.407,0.544,44.6,26.06,20.68,9.12,0.42,0,0.0,0.0,-10.68,7.290000000000001,-4.67,18
RERE,ATRenew Inc.,Consumer Cyclical,Internet Retail,internet-retail,885963456,0.04,2.418,0.956,32.4,20.630000000000003,15.38,6.67,0.02,0,2.52,223.1,1.9,1.37,8.43,18
PANL,Pangaea Logistics Solutions Ltd.,Industrials,Marine Shipping,marine-shipping,447438080,0.66,1.633,1.079,38.9,18.25,12.67,7.74,0.33,0,3.02,0.0,5.1,2.8899999999999997,4.51,18
RFI,"Cohen & Steers Total Return Realty Fund, Inc.",Financial Services,Asset Management,asset-management,305737792,28.12,4.976,4.976,97.0,100.0,27.21,0.0,0.0,0,8.36,0.0,104.71999999999998,0.02,3.84,18
RHLD,"Resolute Holdings Management, Inc.",Industrials,Specialty Business Services,specialty-business-services,1293528192,1.69,1.593,0.73,292.5,47.17,22.77,0.0,-1.72,0,0.0,0.0,7.7,12.15,-90.8,18
ELA,Envela Corporation,Consumer Cyclical,Luxury Goods,luxury-goods,652721792,2.24,3.519,1.92,103.89999999999999,21.490000000000002,31.43,71.83,-0.07,0,0.0,254.5,7.19,3.37,21.77,18
VMET,Versamet Royalties Corporation,Basic Materials,Other Precious Metals & Mining,other-precious-metals-mining,1248787712,22.59,33.759,32.846,593.9,67.36,37.1,0.0,-36.42,0,0.0,573.4,58.440000000000005,0.7000000000000001,8.69,18
ONIT,Onity Group Inc.,Financial Services,Mortgage Finance,mortgage-finance,330033824,0.3,3.188,0.411,17.8,94.19999999999999,1.99,5.74,0.01,0,0.0,-70.39999999999999,15.75,3.55,30.18,18
GASS,StealthGas Inc.,Industrials,Marine Shipping,marine-shipping,308641216,1.77,8.905,7.852,1.9,52.01,4.91,5.5,0.84,0,0.0,8.9,35.91,0.16999999999999998,8.79,16
GUT,The Gabelli Utility Trust,Financial Services,Asset Management,asset-management,601213376,52.89,1.055,1.038,21.9,100.0,12.43,0.0,0.0,0,9.09,-21.2,421.40000000000003,1.15,17.61,16
ECVT,Ecovyst Inc.,Basic Materials,Specialty Chemicals,specialty-chemicals,1292645760,1.63,2.379,2.02,50.2,22.05,69.47,13.37,0.63,0,0.0,0.0,-7.95,3.3099999999999996,-11.79,16
UTL,Unitil Corporation,Utilities,Utilities - Diversified,utilities-diversified,940199808,1.62,0.57,0.316,27.0,40.150000000000006,16.7,14.89,0.71,0,3.46,9.3,9.6,3.61,8.24,16
GAB,The Gabelli Equity Trust Inc.,Financial Services,Asset Management,asset-management,1780045056,49.76,1.732,1.718,19.400000000000002,100.0,5.84,0.0,0.0,0,10.58,22.400000000000002,847.5,0.0,17.43,16
PD,"PagerDuty, Inc.",Technology,Software - Application,software-application,767369536,1.55,1.948,1.812,1.0,85.16,4.81,7.08,0.23,0,0.0,0.0,38.6,12.590000000000002,68.37,16
GLAD,Gladstone Capital Corporation,Financial Services,Asset Management,asset-management,445083456,4.63,1.129,0.914,20.5,100.0,10.53,10.15,0.0,0,9.43,73.7,44.05,3.64,12.06,16
GNK,Genco Shipping & Trading Limited,Industrials,Marine Shipping,marine-shipping,1088554752,2.83,2.979,1.852,60.6,39.2,64.05,14.25,0.68,0,4.69,0.0,4.38,2.68,-0.49,16
ARCO,Arcos Dorados Holdings Inc.,Consumer Cyclical,Restaurants,restaurants,1740076928,0.36,0.803,0.587,12.9,12.21,7.44,9.6,0.28,0,3.4,159.4,4.859999999999999,6.69,27.53,16
ABX,"Abacus Global Management, Inc.",Financial Services,Insurance - Life,insurance-life,1151068416,4.6,1.908,1.756,34.599999999999994,88.8,31.58,10.56,0.34,0,1.69,45.1,15.629999999999999,22.15,8.73,16
FLYW,Flywire Corporation,Technology,Software - Infrastructure,software-infrastructure,2262249728,3.34,1.745,1.612,41.0,60.56,76.38,14.62,0.78,0,0.0,0.0,4.45,7.35,1.62,16
STC,Stewart Information Services Corporation,Financial Services,Insurance - Property & Casualty,insurance-property-casualty,2065086336,0.67,1.963,1.948,27.700000000000003,61.73,15.12,9.13,0.18,0,3.09,400.0,4.18,3.1,7.04,16
GRVY,"Gravity Co., Ltd.",Communication Services,Electronic Gaming & Multimedia,electronic-gaming-multimedia,449663328,0.0,6.559,6.347,18.2,32.1,9.28,0.0,0.0,0,0.0,33.4,13.13,1.1900000000000002,10.59,16
TBPH,"Theravance Biopharma, Inc.",Healthcare,Biotechnology,biotechnology,881080320,8.03,13.143,12.911,15.0,71.04,7.62,13.55,1.98,0,0.0,0.0,104.34,14.860000000000001,35.69,16
GSL,"Global Ship Lease, Inc.",Industrials,Marine Shipping,marine-shipping,1405021568,1.86,2.26,1.956,2.1999999999999997,68.91000000000001,3.73,4.34,0.56,0,6.56,-26.0,51.11,2.03,23.12,16
CINT,CI&T Inc.,Technology,Software - Infrastructure,software-infrastructure,435725216,0.85,1.374,1.329,23.200000000000003,31.41,10.94,7.01,0.45,0,0.0,16.7,7.9,0.8500000000000001,13.15,16
NEWT,"NewtekOne, Inc.",Financial Services,Banks - Regional,banks-regional,413432384,1.05,14.943,2.315,10.7,86.63,6.33,5.65,0.13,0,5.21,22.900000000000002,16.42,9.85,17.32,16
QNST,"QuinStreet, Inc.",Communication Services,Advertising Agencies,advertising-agencies,941529536,0.8,1.184,1.151,28.299999999999997,10.48,14.63,10.76,0.51,0,0.0,65.2,5.53,12.67,1.93,16
MNTN,"MNTN, Inc.",Technology,Software - Application,software-application,841995392,2.81,5.437,5.187,14.2,79.96,8.19,9.46,0.48,0,0.0,0.0,7.84,3.5700000000000003,-2.1,16
CMCL,Caledonia Mining Corporation Plc,Basic Materials,Gold,gold,373127680,1.43,4.662,3.685,13.900000000000002,60.47,6.08,3.78,0.49,0,2.79,79.4,23.77,11.16,21.32,16
PAYS,"Paysign, Inc.",Technology,Software - Infrastructure,software-infrastructure,466813216,5.1,1.118,0.464,50.8,60.4,49.12,19.12,0.99,0,0.0,86.5,11.379999999999999,3.05,15.57,16
OPY,Oppenheimer Holdings Inc.,Financial Services,Capital Markets,capital-markets,1236453376,0.76,1.266,1.184,23.1,91.86999999999999,13.78,45.11,0.05,0,0.73,0.0,5.96,1.08,15.08,16
OPRA,Opera Limited,Communication Services,Internet Content & Information,internet-content-information,1839417984,2.84,1.876,1.828,23.200000000000003,50.99,16.3,11.79,1.07,0,4.02,35.0,17.72,7.12,10.71,16
SOR,Source Capital,Financial Services,Asset Management,asset-management,384221728,18.53,0.502,0.332,13.8,100.0,6.45,0.0,0.0,0,5.37,130.7,287.06,0.27,14.98,16
HRTG,"Heritage Insurance Holdings, Inc.",Financial Services,Insurance - Property & Casualty,insurance-property-casualty,830402752,0.98,0.774,0.434,0.5,43.56,4.21,5.8,0.55,0,0.0,20.1,23.76,3.49,38.71,16
WLFC,Willis Lease Finance Corporation,Industrials,Rental & Leasing Services,rental-leasing-services,1911270912,2.54,1.505,0.244,24.6,83.7,14.53,13.35,0.31,0,0.71,47.5,16.189999999999998,12.33,17.18,16
WD,"Walker & Dunlop, Inc.",Financial Services,Mortgage Finance,mortgage-finance,1807196416,1.47,1.321,0.301,32.0,100.0,26.06,9.04,0.0,0,4.99,471.1,5.72,4.66,3.29,16
EVER,"EverQuote, Inc.",Communication Services,Internet Content & Information,internet-content-information,928194880,1.3,3.14,3.057,14.499999999999998,97.45,8.96,8.53,0.03,0,0.0,142.9,15.35,18.459999999999997,41.72,16
ADAM,"Adamas Trust, Inc.",Real Estate,REIT - Mortgage,reit-mortgage,824026304,2.55,0.817,0.772,10.7,75.0,7.84,8.17,0.57,0,10.5,21.2,48.08,3.6799999999999997,16.81,16
BOW,Bowhead Specialty Holdings Inc.,Financial Services,Insurance - Property & Casualty,insurance-property-casualty,1036860992,1.77,1.374,0.297,26.900000000000002,32.14,18.25,13.02,0.88,0,0.0,41.199999999999996,9.98,4.29,11.97,16
WLKP,Westlake Chemical Partners LP,Basic Materials,Chemicals,chemicals,778933952,0.63,3.65,3.569,28.599999999999998,31.39,13.48,12.94,0.31,0,8.43,186.3,4.6899999999999995,0.6,18.84,16
LX,LexinFintech Holdings Ltd.,Financial Services,Credit Services,credit-services,308154080,0.02,2.026,1.194,6.6000000000000005,35.23,1.55,1.87,0.01,0,20.0,-50.0,10.84,4.97,14.03,16
LWAY,"Lifeway Foods, Inc.",Consumer Defensive,Packaged Foods,packaged-foods,452955136,1.97,2.139,1.435,36.7,29.67,30.88,21.64,0.88,0,0.0,30.4,6.529999999999999,6.7299999999999995,16.15,16
SD,"SandRidge Energy, Inc.",Energy,Oil & Gas E&P,oil-gas-e-p,484367552,2.96,2.404,2.237,16.8,69.35,6.4,8.81,0.76,0,3.93,42.9,46.37,5.38,13.74,16
SHLS,"Shoals Technologies Group, Inc.",Technology,Solar,solar,1775025920,3.31,1.836,1.013,74.9,33.5,52.9,21.02,0.55,0,0.0,0.0,6.2700000000000005,10.7,5.6,16
CLMB,"Climb Global Solutions, Inc.",Technology,Electronics & Computer Distribution,electronics-computer-distribution,450238208,0.65,1.101,1.055,32.1,15.55,21.24,13.7,0.37,0,0.75,-10.0,3.01,8.4,18.3,16
RVT,"Royce Small-Cap Trust, Inc.",Financial Services,Asset Management,asset-management,2247823360,82.48,16.532,0.7,11.899999999999999,100.0,6.33,0.0,0.0,0,7.8,49.9,962.14,2.02,4.05,16
SOHU,Sohu.com Limited,Communication Services,Electronic Gaming & Multimedia,electronic-gaming-multimedia,380026656,0.64,2.955,2.648,4.2,78.28,1.64,-5.55,0.13,0,0.0,0.0,35.19,428.0,30.84,16
AVAH,Aveanna Healthcare Holdings Inc.,Healthcare,Medical Care Facilities,medical-care-facilities,2075207040,0.82,1.473,1.365,15.9,32.76,7.88,12.35,0.47,0,0.0,612.3000000000001,10.37,4.02,115.29,16
SIGIP,"Selective Insurance Group, Inc.",Financial Services,Insurance - Property & Casualty,insurance-property-casualty,0,0.0,0.321,0.197,5.7,21.72,2.84,0.0,0.0,0,7.15,-10.2,8.39,0.0,13.68,16
HCM,HUTCHMED (China) Limited,Healthcare,Drug Manufacturers - Specialty & Generic,drug-manufacturers-specialty-generic,2003221760,3.65,4.963,4.807,-16.5,11.64,4.4,23.61,4.25,0,0.0,-98.1,83.3,0.19,36.91,14
GTM,ZoomInfo Technologies Inc.,Technology,Software - Application,software-application,863523904,0.69,0.685,0.609,1.5,86.75,7.33,2.64,0.09,0,0.0,23.200000000000003,10.100000000000001,16.96,8.23,14
CYD,China Yuchai International Limited,Consumer Cyclical,Auto Manufacturers,auto-manufacturers,1734847360,0.07,1.391,1.061,23.0,16.5,22.02,11.73,0.05,0,1.15,109.1,2.18,2.2399999999999998,5.61,14
SWBI,"Smith & Wesson Brands, Inc.",Industrials,Aerospace & Defense,aerospace-defense,687007744,1.31,3.203,1.035,26.700000000000003,26.91,37.46,46.55,0.7,0,3.48,86.7,3.53,4.29,4.91,14
HIPO,Hippo Holdings Inc.,Financial Services,Insurance - Property & Casualty,insurance-property-casualty,731088512,1.53,1.081,0.539,8.9,61.339999999999996,6.38,10.06,0.54,0,0.0,0.0,23.51,2.52,13.23,14
HLF,Herbalife Ltd.,Consumer Defensive,Packaged Foods,packaged-foods,1334225408,0.26,1.225,0.558,7.8,77.78,5.64,4.08,0.05,0,0.0,16.3,4.67,8.95,-44.32,14
HLIT,Harmonic Inc.,Technology,Communication Equipment,communication-equipment,1513525248,3.81,2.265,0.907,43.4,48.29,174.38,17.95,1.11,0,0.0,31.900000000000002,-10.56,5.08,-11.3,14
FINV,FinVolution Group,Financial Services,Credit Services,credit-services,1147416832,0.09,7.534,3.314,-7.8,71.54,3.92,3.39,0.09,0,6.34,-42.1,16.580000000000002,5.26,15.36,14
WWW,"Wolverine World Wide, Inc.",Consumer Cyclical,Footwear & Accessories,footwear-accessories,1393822208,0.73,1.533,0.696,11.0,47.32,13.82,9.67,0.34,0,2.42,64.1,5.41,11.690000000000001,23.48,14
ESEA,Euroseas Ltd.,Industrials,Marine Shipping,marine-shipping,485551328,2.14,5.462,5.334,-0.8999999999999999,77.28,3.59,4.65,2.15,0,4.84,-12.1,58.309999999999995,1.43,29.55,14
EFSCP,Enterprise Financial Services Corp,Financial Services,Banks - Regional,banks-regional,0,0.0,0.0,0.0,12.6,0.0,4.9,0.0,0.0,0,6.09,-0.8,28.939999999999998,0.6799999999999999,10.24,14
VITL,"Vital Farms, Inc.",Consumer Defensive,Farm Products,farm-products,550174208,0.7,1.766,0.905,15.4,35.21,12.35,26.57,0.38,0,0.0,0.0,6.1,38.36,18.87,14
VINP,Vinci Compass Investments Ltd.,Financial Services,Asset Management,asset-management,649924928,0.64,5.079,4.767,17.1,100.0,12.88,8.53,0.0,0,6.43,73.3,25.95,1.4000000000000001,11.0,14
ACCO,unknown,Industrials,Business Equipment & Supplies,business-equipment-supplies,0,0.0,1.771,0.881,8.3,32.7,5.25,4.28,0.0,0,7.14,0.0,4.760000000000001,7.449999999999999,6.21,14
ESOA,Energy Services of America Corporation,Industrials,Engineering & Construction,engineering-construction,311803232,0.71,1.403,1.329,21.5,11.940000000000001,30.38,20.25,0.49,0,0.89,0.0,2.1,2.65,0.64,14
VMD,"Viemed Healthcare, Inc.",Healthcare,Medical Devices,medical-devices,465025376,1.62,1.224,1.006,27.500000000000004,57.58,32.78,30.32,0.5,0,0.0,0.0,5.2,1.4000000000000001,10.55,14
VRRM,Verra Mobility Corporation,Technology,Information Technology Services,information-technology-services,659274880,0.67,1.892,1.597,0.1,56.910000000000004,5.29,4.22,0.29,0,0.0,-15.0,13.38,6.0600000000000005,46.64,14
DCBO,Docebo Inc.,Technology,Software - Application,software-application,468056128,1.86,0.851,0.722,14.499999999999998,79.67,15.76,9.13,0.32,0,0.0,0.0,13.71,0.0,50.63,14
DDD,3D Systems Corporation,Technology,Computer Hardware,computer-hardware,462253600,1.19,2.76,1.436,1.0999999999999999,34.43,6.43,-22.2,0.77,0,0.0,0.0,16.1,28.08,12.43,14
TCMD,"Tactile Systems Technology, Inc.",Healthcare,Medical Devices,medical-devices,718868032,2.09,4.244,3.566,22.8,76.39,36.63,21.18,0.38,0,0.0,0.0,5.91,10.39,8.72,14
TGLS,Tecnoglass Inc.,Basic Materials,Building Materials,building-materials,1976452480,1.96,1.772,0.963,12.0,41.54,13.79,12.48,1.01,0,1.32,-20.9,14.77,10.489999999999998,22.38,14
TILE,"Interface, Inc.",Consumer Cyclical,"Furnishings, Fixtures & Appliances",furnishings-fixtures-appliances,2020936064,1.42,2.431,0.971,11.3,38.940000000000005,16.27,14.92,0.77,0,0.34,81.8,8.92,10.39,18.12,14
AMSF,"AMERISAFE, Inc.",Financial Services,Insurance - Specialty,insurance-specialty,648085760,2.0,1.924,1.311,10.299999999999999,28.04,14.26,16.63,1.29,0,4.68,-8.5,14.27,4.05,18.74,14
DSP,Viant Technology Inc.,Technology,Software - Application,software-application,838609792,2.32,2.868,2.817,25.3,45.12,31.95,16.06,0.95,0,0.0,0.0,2.5100000000000002,6.4399999999999995,10.17,14
FUND,"Sprott Focus Trust, Inc.",Financial Services,Asset Management,asset-management,284906336,34.07,3.892,0.101,3.8,100.0,5.21,0.0,0.0,0,6.25,764.1,645.99,0.11,18.8,14
FTK,"Flotek Industries, Inc.",Energy,Oil & Gas Equipment & Services,oil-gas-equipment-services,840402944,3.34,1.83,1.581,26.5,24.98,29.41,29.04,1.84,0,0.0,-29.4,11.83,16.470000000000002,27.0,14
VTOL,Bristow Group Inc.,Energy,Oil & Gas Equipment & Services,oil-gas-equipment-services,1246404736,0.82,2.154,1.643,10.9,27.13,10.96,8.0,0.53,0,1.21,-52.2,7.51,2.91,12.18,14
AGM,Federal Agricultural Mortgage Corporation,Financial Services,Credit Services,credit-services,2178804224,5.65,1.568,1.548,14.2,100.0,11.57,9.41,0.0,0,3.09,18.5,56.28999999999999,0.58,17.13,14
AFYA,Afya Limited,Consumer Defensive,Education & Training Services,education-training-services,1359900544,0.36,1.784,1.731,8.200000000000001,64.33,9.29,7.54,0.12,0,4.29,3.2,20.07,4.92,15.51,14
UROY,Uranium Royalty Corp.,Energy,Uranium,uranium,413390880,7.57,325.28,139.199,416400.0,19.91,94.0,200.1,-25243.23,0,0.0,0.0,8.03,0.0,-1.92,14
UFCS,"United Fire Group, Inc.",Financial Services,Insurance - Property & Casualty,insurance-property-casualty,1354388992,0.95,0.35,0.252,11.600000000000001,12.36,10.64,11.65,0.74,0,1.48,71.6,9.16,1.49,12.56,14
ANIP,"ANI Pharmaceuticals, Inc.",Healthcare,Drug Manufacturers - Specialty & Generic,drug-manufacturers-specialty-generic,1933579392,2.09,3.119,2.428,20.5,60.83,21.75,7.95,0.65,0,0.0,86.1,9.98,17.19,14.49,14
DOLE,Dole plc,Consumer Defensive,Farm Products,farm-products,1327467392,0.14,1.25,0.694,11.600000000000001,7.62,15.0,9.39,0.12,0,2.43,-19.6,0.45999999999999996,4.96,3.76,14
GAM,"General American Investors Company, Inc.",Financial Services,Asset Management,asset-management,1553852416,63.93,0.864,0.488,-22.1,100.0,4.45,0.0,78.06,0,0.0,292.3,1398.14,0.0,21.7,14
GAIN,unknown,Financial Services,Asset Management,asset-management,0,0.0,0.126,0.113,-8.6,100.0,3.27,16.82,0.0,0,6.17,326.5,186.47,1.78,27.65,14
TRTX,"TPG RE Finance Trust, Inc.",Real Estate,REIT - Mortgage,reit-mortgage,644750464,4.73,92.745,92.734,11.899999999999999,75.14999999999999,13.03,7.34,1.04,0,11.43,58.3,48.11,4.9399999999999995,5.65,14
TWFG,"TWFG, Inc.",Financial Services,Insurance Brokers,insurance-brokers,326617408,1.22,3.421,2.877,35.3,85.3,44.88,22.62,0.12,0,0.0,32.300000000000004,3.1300000000000003,5.96,9.55,14
GLP,Global Partners LP,Energy,Oil & Gas Midstream,oil-gas-midstream,1600732672,0.08,1.121,0.523,15.9,6.1899999999999995,13.09,18.77,0.07,0,6.45,413.90000000000003,0.67,0.98,14.5,14
GMRS,GMR Solutions Inc.,Healthcare,Medical Care Facilities,medical-care-facilities,776688448,0.13,1.868,1.485,6.6000000000000005,39.12,7.45,8.06,0.08,0,0.0,0.0,4.71,0.0,101.01,14
HQH,Abrdn Healthcare Investors,Financial Services,Asset Management,asset-management,1258229248,227.05,1.025,0.943,-42.1,100.0,4.92,0.0,322.64,0,10.55,0.0,4561.32,0.0,9.02,14
DAKT,"Daktronics, Inc.",Technology,Electronic Components,electronic-components,961834112,1.15,2.313,1.684,20.9,27.3,21.65,13.64,0.66,0,0.0,0.0,5.41,4.9,15.09,14
CYH,"Community Health Systems, Inc.",Healthcare,Medical Care Facilities,medical-care-facilities,518573472,0.04,1.47,1.186,-6.1,41.6,1.07,38.74,0.04,0,0.0,0.0,3.7800000000000002,9.5,-36.51,14
SAFE,Safehold Inc.,Real Estate,REIT - Diversified,reit-diversified,1142895616,2.74,39.047,37.87,11.899999999999999,95.89,10.1,9.21,0.1,0,4.32,-2.4,27.35,7.9799999999999995,4.75,14
MBINN,Merchants Bancorp,Financial Services,Banks - Regional,banks-regional,0,0.0,0.0,0.0,15.8,0.0,4.53,0.0,0.0,0,7.52,34.5,38.99,0.0,12.65,14
MAMA,"Mama's Creations, Inc.",Consumer Defensive,Packaged Foods,packaged-foods,871464000,4.61,2.324,1.793,49.7,24.46,124.33,62.17,1.75,0,0.0,66.7,3.2300000000000004,7.85,10.05,14
LE,"Lands' End, Inc.",Consumer Cyclical,Apparel Retail,apparel-retail,357208896,0.27,1.575,0.228,-8.5,47.910000000000004,1.06,12.91,0.3,0,0.0,0.0,26.240000000000002,10.620000000000001,2.25,14
ITRN,Ituran Location and Control Ltd.,Technology,Scientific & Technical Instruments,scientific-technical-instruments,1146061440,3.05,1.897,1.341,18.8,49.57,19.0,15.79,1.25,0,3.5,16.0,16.03,1.87,26.64,14
SB,"Safe Bulkers, Inc.",Industrials,Marine Shipping,marine-shipping,680201536,2.38,1.375,0.947,15.6,60.0,14.84,14.21,0.8,0,3.75,296.20000000000005,18.73,5.07,4.64,14
BCX,Blackrock Resources & Commodities Strategy Trust,Financial Services,Asset Management,asset-management,867589440,0.0,0.0,0.0,0.0,0.0,4.06,0.0,0.0,0,7.3,0.0,0.0,0.06,24.41,14
ITIC,Investors Title Company,Financial Services,Insurance - Specialty,insurance-specialty,531385888,1.9,1.506,1.36,13.200000000000001,56.8,13.96,0.0,0.71,0,0.66,91.60000000000001,13.59,3.9600000000000004,13.11,14
LXU,"LSB Industries, Inc.",Basic Materials,Chemicals,chemicals,774781440,1.21,3.073,2.24,18.2,19.6,17.1,10.5,0.79,0,0.0,0.0,7.16,4.92,4.73,14
RM,Regional Management Corp.,Financial Services,Credit Services,credit-services,385729184,0.6,40.696,38.629,9.6,60.5,8.5,5.69,0.22,0,2.88,68.60000000000001,7.64,4.96,11.9,14
ROOT,"Root, Inc.",Financial Services,Insurance - Property & Casualty,insurance-property-casualty,1012724736,0.65,1.984,1.741,12.6,39.48,18.99,20.98,0.34,0,0.0,95.3,3.52,14.879999999999999,14.18,14
LKFT,Lakefront Biotherapeutics NV,Healthcare,Biotechnology,biotechnology,1993914112,1.91,30.478,30.235,-91.4,68.53,3.6,-10.27,3.66,0,0.0,0.0,46.83,5.4,9.92,14
SGU,"Star Group, L.P.",Energy,Oil & Gas Refining & Marketing,oil-gas-refining-marketing,424214400,0.23,0.988,0.614,3.2,32.6,5.03,14.68,0.15,0,6.13,32.1,5.26,0.24,21.28,14
ASA,ASA Gold and Precious Metals Limited,Financial Services,Asset Management,asset-management,1030143680,258.81,6.275,6.099,-0.3,100.0,1.56,0.0,259.59,0,0.15,1212.1000000000001,16684.030000000002,0.22,60.38,14
ASC,Ardmore Shipping Corporation,Industrials,Marine Shipping,marine-shipping,620811840,1.92,4.868,3.33,18.8,39.019999999999996,11.53,17.8,0.95,0,4.37,316.40000000000003,18.0,5.21,6.47,14
AUNA,unknown,Healthcare,Medical Care Facilities,medical-care-facilities,393609344,0.09,1.089,0.849,13.0,37.89,19.69,4.8,0.05,0,0.0,-81.5,1.52,3.9800000000000004,6.1,14
HRMY,"Harmony Biosciences Holdings, Inc.",Healthcare,Biotechnology,biotechnology,2142607872,2.38,3.583,3.447,16.6,76.55,14.92,6.15,0.47,0,0.0,-29.5,16.2,10.74,18.24,14
HQL,Abrdn Life Sciences Investors,Financial Services,Asset Management,asset-management,612722176,552.12,1.614,1.548,-60.8,100.0,3.03,0.0,887.81,0,10.14,0.0,17856.98,0.0,16.66,14
HTT,High Templar Tech Limited,Financial Services,Credit Services,credit-services,411501312,10.05,5.752,4.619,-93.89999999999999,11.88,4.21,0.0,19.48,0,0.0,0.0,1729.8899999999999,0.76,6.09,14
HURN,Huron Consulting Group Inc.,Industrials,Consulting Services,consulting-services,1621345024,0.95,2.217,2.067,12.1,32.629999999999995,17.1,9.79,0.56,0,0.0,0.8,6.0600000000000005,4.74,19.87,14
CSHR,CoinShares PLC,Financial Services,Capital Markets,capital-markets,535027648,3.23,1.095,0.036,-32.0,87.81,2.39,5.8,4.26,0,15.69,-58.9,68.97,1.5599999999999998,23.96,14
CRESY,"Cresud Sociedad Anónima, Comercial, Inmobiliaria, Financiera y Agropecuaria",Industrials,Conglomerates,conglomerates,788688192,0.0,1.432,1.041,5.0,41.27,5.67,165.97,0.0,0,5.72,-26.3,18.04,5.3,,14
CPAC,Cementos Pacasmayo S.A.A.,Basic Materials,Building Materials,building-materials,1018894272,0.47,1.173,0.254,11.3,39.47,19.19,77.27,0.25,0,5.1,55.60000000000001,8.44,0.06999999999999999,12.94,14
IBEX,IBEX Limited,Technology,Information Technology Services,information-technology-services,436752960,0.7,1.951,1.705,16.8,29.87,10.19,9.0,0.41,0,0.0,21.9,7.5200000000000005,1.87,27.45,14
SBH,"Sally Beauty Holdings, Inc.",Consumer Cyclical,Specialty Retail,specialty-retail,1350984192,0.36,2.336,0.468,2.3,51.9,7.82,6.32,0.17,0,0.0,13.200000000000001,4.9399999999999995,28.82,24.66,14
SENEA,Seneca Foods Corporation,Consumer Defensive,Packaged Foods,packaged-foods,1229084288,0.74,5.062,1.06,13.900000000000002,13.930000000000001,10.95,0.0,0.55,0,0.0,3996.9,6.909999999999999,4.09,15.17,14
SENEB,Seneca Foods Corporation,Consumer Defensive,Packaged Foods,packaged-foods,1229897600,0.74,5.062,1.06,13.900000000000002,13.930000000000001,10.94,0.0,0.55,0,0.0,3996.9,6.909999999999999,0.08,15.17,14
NCZ,Virtus Convertible & Income Fund II,Financial Services,Asset Management,asset-management,297802912,17.87,0.347,0.343,-10.4,100.0,4.4,0.0,19.73,0,9.17,54.6,406.29999999999995,0.12,22.4,14
CGBD,"Carlyle Secured Lending, Inc.",Financial Services,Asset Management,asset-management,731804736,2.76,4.968,4.289,16.8,100.0,15.04,7.5,0.0,0,14.21,0.0,19.52,5.3,5.99,14
BLKB,"Blackbaud, Inc.",Technology,Software - Application,software-application,1344432768,1.18,0.741,0.128,4.2,59.24,9.92,4.99,0.46,0,0.0,650.6,12.44,14.11,135.17,14
PRSU,"Pursuit Attractions and Hospitality, Inc.",Consumer Cyclical,Travel Services,travel-services,1489122560,3.19,1.536,0.314,37.4,92.43,50.23,30.19,0.15,0,0.0,0.0,6.1899999999999995,7.23,3.9,14
PRTH,"Priority Technology Holdings, Inc.",Technology,Software - Infrastructure,software-infrastructure,582251072,0.6,1.084,0.124,11.1,39.489999999999995,10.1,5.64,0.32,0,0.0,19.900000000000002,5.8500000000000005,4.06,-55.45,14
QFIN,"Qfin Holdings, Inc.",Financial Services,Credit Services,credit-services,1859151360,0.1,2.218,0.359,-16.7,57.06,2.69,3.25,0.12,0,9.96,-43.3,27.529999999999998,3.09,24.84,14
BHFAO,"Brighthouse Financial, Inc.",Financial Services,Insurance - Life,insurance-life,0,0.0,1.536,1.145,-36.199999999999996,25.580000000000002,1.2,0.0,0.0,0,11.2,0.0,-1.0699999999999998,0.0,6.4,14
BHFAN,"Brighthouse Financial, Inc.",Financial Services,Insurance - Life,insurance-life,0,0.0,1.536,1.145,-36.199999999999996,25.580000000000002,0.96,0.0,0.0,0,11.11,0.0,-1.0699999999999998,0.0,6.4,14
BHFAP,"Brighthouse Financial, Inc.",Financial Services,Insurance - Life,insurance-life,0,0.0,1.536,1.145,-36.199999999999996,25.580000000000002,1.17,0.0,0.0,0,11.12,0.0,-1.0699999999999998,0.0,6.4,14
PRG,"PROG Holdings, Inc.",Industrials,Rental & Leasing Services,rental-leasing-services,1732835584,0.7,4.826,3.692,11.1,34.77,11.01,8.11,0.4,0,1.27,6.4,5.96,11.59,19.67,14
BHFAM,"Brighthouse Financial, Inc.",Financial Services,Insurance - Life,insurance-life,0,0.0,1.536,1.145,-36.199999999999996,25.580000000000002,0.85,0.0,0.0,0,10.91,0.0,-1.0699999999999998,0.0,6.4,14
NCV,Virtus Convertible & Income Fund,Financial Services,Asset Management,asset-management,390639776,17.47,0.361,0.357,-10.5,100.0,4.65,0.0,19.3,0,9.39,34.0,351.06,0.37,21.18,14
NBR,Nabors Industries Ltd.,Energy,Oil & Gas Drilling,oil-gas-drilling,1129371776,0.35,1.97,1.57,6.4,39.34,5.58,22.48,0.2,0,0.0,0.0,7.380000000000001,7.5600000000000005,48.52,14
MSIF,"MSC Income Fund, Inc.",Financial Services,Asset Management,asset-management,526911552,3.76,0.203,0.148,2.6,100.0,6.32,7.84,0.0,0,12.24,-19.3,61.480000000000004,0.67,12.01,14
REPX,"Riley Exploration Permian, Inc.",Energy,Oil & Gas E&P,oil-gas-e-p,688846336,1.71,0.315,0.275,11.200000000000001,69.1,11.06,3.88,0.47,0,4.92,0.0,15.310000000000002,3.7800000000000002,25.36,14
BME,BlackRock Health Sciences Trust,Financial Services,Asset Management,asset-management,562133824,72.67,0.234,0.234,7.6,100.0,7.35,0.0,0.0,0,7.21,0.0,994.98,0.53,13.54,14
CCSI,"Consensus Cloud Solutions, Inc.",Technology,Software - Infrastructure,software-infrastructure,683483840,1.95,1.804,1.617,1.5,80.22,8.13,6.16,0.38,0,0.0,21.5,25.09,6.47,613.72,14
RES,"RPC, Inc.",Energy,Oil & Gas Equipment & Services,oil-gas-equipment-services,1219008640,0.7,3.127,2.456,36.6,23.1,61.11,21.78,0.34,0,2.86,-95.6,1.2,23.419999999999998,2.92,14
PAX,Patria Investments Limited,Financial Services,Asset Management,asset-management,1778738944,4.46,0.639,0.403,22.0,58.07,21.04,7.19,1.46,0,5.52,-85.2,18.099999999999998,13.28,14.0,14
PAHC,Phibro Animal Health Corporation,Healthcare,Drug Manufacturers - Specialty & Generic,drug-manufacturers-specialty-generic,1384473856,0.92,3.172,1.063,10.299999999999999,32.57,14.65,10.21,0.56,0,1.44,15.7,6.35,6.94,16.89,14
OSPN,OneSpan Inc.,Technology,Software - Infrastructure,software-infrastructure,559429312,2.28,1.254,0.985,4.1000000000000005,73.87,8.34,11.5,0.57,0,3.6,-18.9,28.470000000000002,9.11,26.82,14
OZKAP,Bank OZK,Financial Services,Banks - Regional,banks-regional,0,0.0,0.0,0.0,1.4000000000000001,0.0,3.7,0.0,0.0,0,7.23,-2.0,45.29,0.0,12.36,14
OPFI,OppFi Inc.,Financial Services,Credit Services,credit-services,1441755264,4.24,6.161,5.792,-2.1999999999999997,100.0,4.93,4.56,4.33,0,0.0,0.0,19.439999999999998,2.56,45.02,14
CBL,"CBL & Associates Properties, Inc.",Real Estate,REIT - Retail,reit-retail,1643321344,2.82,0.326,0.21,3.0,65.0,9.57,-136.17,0.96,0,4.75,448.50000000000006,29.81,3.4000000000000004,36.26,14
BWAY,BrainsWay Ltd.,Healthcare,Medical Devices,medical-devices,642873152,11.43,3.338,2.809,34.599999999999994,75.51,72.82,29.67,1.83,0,0.0,200.0,15.58,0.41000000000000003,10.42,14
PNTG,"The Pennant Group, Inc.",Healthcare,Medical Care Facilities,medical-care-facilities,1387573120,1.36,1.189,0.993,36.0,19.64,46.41,25.08,0.7,0,0.0,9.1,2.96,1.91,8.89,14
NOAH,Noah Holdings Limited,Financial Services,Asset Management,asset-management,709797184,0.27,4.754,4.508,1.7999999999999998,55.010000000000005,9.23,6.73,0.12,0,6.88,-14.299999999999999,20.39,0.54,5.69,14
FBYD,"Falcon's Beyond Global, Inc.",Industrials,Conglomerates,conglomerates,971420992,52.33,0.448,0.326,214.8,68.11,110.11,0.0,-19.16,0,0.0,0.0,51.31,3.3099999999999996,28.44,14
AEF,"abrdn Emerging Markets ex-China Fund, Inc.",Financial Services,Asset Management,asset-management,384089472,59.25,0.013,0.012,-2.3,100.0,4.13,0.0,60.62,0,8.6,3754.6,1474.25,0.0,30.84,14
ETW,Eaton Vance Tax-Managed Global Buy-Write Opportunities Fund,Financial Services,Asset Management,asset-management,1037108864,51.7,0.489,0.413,4.6,100.0,5.55,0.0,0.0,0,8.35,195.5,927.99,0.0,16.77,14
ERII,"Energy Recovery, Inc.",Industrials,Pollution & Treatment Controls,pollution-treatment-controls,463907328,3.4,9.283,7.308,20.3,64.27000000000001,24.32,16.82,0.97,0,0.0,0.0,15.07,5.01,11.14,14
WB,Weibo Corporation,Communication Services,Internet Content & Information,internet-content-information,1859741440,1.04,3.021,2.421,6.2,74.7,5.29,5.13,0.25,0,8.28,-65.9,21.15,19.45,11.45,14
ADMA,"ADMA Biologics, Inc.",Healthcare,Biotechnology,biotechnology,2123038080,4.16,6.951,3.726,15.9,61.28,13.47,9.18,1.36,0,0.0,0.0,32.43,11.23,30.78,14
AEBI,Aebi Schmidt Holding AG,Industrials,Farm & Heavy Construction Machinery,farm-heavy-construction-machinery,906046592,0.52,1.985,1.045,82.8,19.509999999999998,106.27,8.66,0.07,0,0.83,-82.0,0.48,18.01,1.2,14
ADUS,Addus HomeCare Corporation,Healthcare,Medical Care Facilities,medical-care-facilities,1973426816,1.36,1.826,1.68,7.7,32.45,19.51,14.15,0.85,0,0.0,17.2,6.890000000000001,5.99,8.84,12
WSR,Whitestone REIT,Real Estate,REIT - Retail,reit-retail,986971776,6.01,1.485,1.435,8.9,68.73,19.76,42.34,1.71,0,3.0,14.299999999999999,30.669999999999998,1.69,10.9,12
WMK,"Weis Markets, Inc.",Consumer Defensive,Grocery Stores,grocery-stores,1986248576,0.4,2.041,0.902,4.6,25.900000000000002,19.82,0.0,0.28,0,1.7,54.900000000000006,2.04,16.34,6.93,12
WILC,G. Willi-Food International Ltd.,Consumer Defensive,Food Distribution,food-distribution,443614528,0.0,7.086,5.905,8.3,28.53,14.57,0.0,0.0,0,2.79,3.5999999999999996,14.62,0.03,13.8,12
WHK,WhiteHawk Minerals Corp.,Energy,Oil & Gas Midstream,oil-gas-midstream,616308352,8.93,5.792,5.401,225.0,100.0,0.0,0.0,-0.0,0,0.0,0.0,4.99,0.8500000000000001,-12.98,12
WEST,Westrock Coffee Company,Consumer Defensive,Packaged Foods,packaged-foods,681930112,0.53,0.972,0.314,44.4,13.04,0.0,38.83,0.26,0,0.0,0.0,-5.59,13.239999999999998,4841.81,12
WEN,The Wendy's Company,Consumer Cyclical,Restaurants,restaurants,1504797056,0.69,1.831,1.397,3.3000000000000003,34.1,10.26,12.35,0.44,0,6.51,-37.2,6.77,38.04,140.63,12
WAFDP,"WaFd, Inc.",Financial Services,Banks - Regional,banks-regional,0,0.0,0.0,0.0,9.2,0.0,5.94,0.0,0.0,0,7.49,26.400000000000002,33.6,0.0,8.25,12
ENR,"Energizer Holdings, Inc.",Industrials,Electrical Equipment & Parts,electrical-equipment-parts,1461224192,0.49,2.048,0.826,-3.0,42.99,7.82,5.85,0.51,0,5.52,-62.2,6.550000000000001,9.370000000000001,140.67,12
FBRT,"Franklin BSP Realty Trust, Inc.",Real Estate,REIT - Mortgage,reit-mortgage,603390016,2.11,1.316,1.154,6.1,99.71,15.37,6.51,0.01,0,13.75,-65.0,24.6,9.02,6.96,12
EVTC,"EVERTEC, Inc.",Technology,Software - Infrastructure,software-infrastructure,1774665856,1.87,1.967,1.526,8.4,50.28,13.85,6.63,0.85,0,0.67,-24.0,13.950000000000001,5.33,22.78,12
EVLV,"Evolv Technologies Holdings, Inc.",Industrials,Security & Protection Services,security-protection-services,1147579648,7.16,1.207,0.834,44.7,49.769999999999996,0.0,-212.67,1.99,0,0.0,0.0,-22.75,4.569999999999999,-27.75,12
EVGO,"EVgo, Inc.",Consumer Cyclical,Specialty Retail,specialty-retail,615164352,1.47,2.068,1.516,45.5,38.75,0.0,-5.94,0.49,0,0.0,0.0,-11.15,34.79,35.56,12
EVC,Entravision Communications Corporation,Communication Services,Advertising Agencies,advertising-agencies,1157852928,2.09,1.404,1.215,114.39999999999999,25.319999999999997,0.0,-66.21,-0.23,0,1.53,0.0,-3.4099999999999997,13.270000000000001,-142.79,12
ETV,Eaton Vance Tax-Managed Buy-Write Opportunities Fund,Financial Services,Asset Management,asset-management,1754821120,88.02,0.262,0.112,-8.1,100.0,7.91,0.0,95.14,0,7.93,36.199999999999996,1110.81,0.0,12.12,12
ETB,Eaton Vance Tax-Managed Buy-Write Income Fund,Financial Services,Asset Management,asset-management,457070592,74.05,0.285,0.118,-10.2,100.0,7.63,0.0,81.61,0,8.18,48.9,972.84,0.0,12.49,12
YELP,Yelp Inc.,Communication Services,Internet Content & Information,internet-content-information,1448455168,0.99,1.739,1.512,0.8,90.03999999999999,12.08,6.35,0.1,0,0.0,-16.7,9.47,24.42,20.48,12
BTZ,BlackRock Credit Allocation Income Trust,Financial Services,Asset Management,asset-management,958722112,17.25,0.067,0.055,-3.6999999999999997,100.0,9.34,0.0,17.89,0,9.81,-1.9,-55.95,0.08,9.65,12
BTGO,unknown,Financial Services,Capital Markets,capital-markets,609946496,0.03,1.077,0.037,112.6,1.1199999999999999,0.0,17.09,-0.0,0,0.0,0.0,-0.27,3.88,-15.71,12
BSTZ,BlackRock Science and Technology Term Trust,Financial Services,Asset Management,asset-management,2033452032,0.0,0.0,0.0,0.0,0.0,6.36,0.0,0.0,0,6.63,0.0,0.0,0.15,18.31,12
PDO,Pimco Dynamic Income Opportunities Fund,Financial Services,Asset Management,asset-management,1892208256,0.0,0.0,0.0,0.0,0.0,7.38,0.0,0.0,0,11.58,0.0,0.0,0.0,,12
ORRF,"Orrstown Financial Services, Inc.",Financial Services,Banks - Regional,banks-regional,802220224,3.14,0.0,0.0,5.4,0.0,9.36,9.51,2.97,0,2.79,20.4,33.129999999999995,4.47,13.67,12
CARE,"Carter Bankshares, Inc.",Financial Services,Banks - Regional,banks-regional,737770752,2.85,0.0,0.0,260.0,0.0,6.82,12.94,-4.56,0,1.21,900.8,41.78,6.61,7.47,12
BWMX,"Betterware de México, S.A.P.I. de C.V.",Consumer Cyclical,Specialty Retail,specialty-retail,686759296,0.05,0.927,0.386,0.3,66.67,10.13,6.33,0.02,0,6.63,85.7,8.219999999999999,0.89,77.92,12
ORC,"Orchid Island Capital, Inc.",Real Estate,REIT - Mortgage,reit-mortgage,1382824576,9.5,0.108,0.1,0.0,96.97,7.25,5.01,0.0,0,17.34,0.0,83.76,7.03,11.59,12
BRBR,"BellRing Brands, Inc.",Consumer Defensive,Packaged Foods,packaged-foods,1562774272,0.67,2.515,1.014,1.7999999999999998,30.17,10.42,9.92,0.46,0,0.0,-35.8,6.78,15.61,-47.63,12
BORR,Borr Drilling Limited,Energy,Oil & Gas Drilling,oil-gas-drilling,1376742784,1.31,1.628,1.512,14.000000000000002,50.46000000000001,29.73,14.15,0.56,0,3.92,0.0,3.1300000000000003,11.700000000000001,3.68,12
BOBS,"Bob's Discount Furniture, Inc.",Consumer Cyclical,Specialty Retail,specialty-retail,2099836928,0.87,0.84,0.096,8.5,45.629999999999995,18.91,15.18,0.43,0,0.0,-83.3,4.6,20.18,74.26,12
PMT,PennyMac Mortgage Investment Trust,Real Estate,REIT - Mortgage,reit-mortgage,950505664,1.41,1.959,1.481,-24.099999999999998,82.04,9.4,7.32,1.75,0,14.8,0.0,21.14,7.829999999999999,9.5,12
PMO,Putnam Municipal Opportunities Trust,Financial Services,Asset Management,asset-management,301626336,13.97,4.015,3.951,0.6,100.0,12.65,0.0,0.0,0,4.75,56.8,57.48,0.09,9.51,12
PLOW,"Douglas Dynamics, Inc.",Consumer Cyclical,Auto Parts,auto-parts,1084802816,1.6,2.653,0.727,19.8,27.169999999999998,21.13,15.31,0.93,0,2.35,0.0,7.829999999999999,2.46,16.66,12
PKBK,"Parke Bancorp, Inc.",Financial Services,Banks - Regional,banks-regional,391989952,4.7,0.0,0.0,35.3,0.0,9.43,0.0,3.04,0,2.43,52.300000000000004,50.21,1.4200000000000002,11.65,12
PHAT,"Phathom Pharmaceuticals, Inc.",Healthcare,Biotechnology,biotechnology,907622720,4.43,2.212,2.092,104.4,84.93,0.0,7.91,-0.03,0,0.0,0.0,-76.77000000000001,14.74,50.49,12
PGY,Pagaya Technologies Ltd.,Technology,Software - Infrastructure,software-infrastructure,1550513280,1.17,7.305,7.003,9.6,42.85,16.71,5.25,0.6,0,0.0,183.8,7.39,19.38,16.96,12
PFLT,PennantPark Floating Rate Capital Ltd.,Financial Services,Asset Management,asset-management,724290688,2.7,4.189,4.137,6.5,100.0,11.59,6.65,0.0,0,16.19,2030.2,23.080000000000002,4.49,6.18,12
PDYN,Palladyne AI Corp.,Technology,Software - Infrastructure,software-infrastructure,269764512,38.13,7.846,7.468,106.89999999999999,32.0,0.0,-8.04,-1.79,0,0.0,0.0,0.0,16.71,13.44,12
BVC,BitVentures Limited,Technology,Software - Application,software-application,1512000000,4652.31,610.625,609.667,0.0,91.69,6.12,0.0,0.0,0,0.0,0.0,521.23,0.08,,12
OOMA,"Ooma, Inc.",Technology,Software - Application,software-application,544001472,1.88,0.94,0.412,24.8,61.33,60.0,13.25,0.55,0,0.0,0.0,3.17,3.8,6.95,12
OMER,Omeros Corporation,Healthcare,Biotechnology,biotechnology,748361152,75.65,3.034,2.479,0.0,-190.49,9.07,-66.71,0.0,0,0.0,0.0,871.02,25.94,2.76,12
OMDA,"Omada Health, Inc.",Healthcare,Health Information Services,health-information-services,1358398464,4.79,3.923,3.686,42.0,66.27,0.0,47.96,0.94,0,0.0,0.0,-2.22,13.370000000000001,-5.56,12
OLP,"One Liberty Properties, Inc.",Real Estate,REIT - Diversified,reit-diversified,547449984,5.47,0.487,0.464,11.4,79.22,20.07,119.48,1.01,0,7.12,55.60000000000001,27.55,1.83,8.5,12
OFRM,"Once Upon A Farm, PBC",Consumer Defensive,Packaged Foods,packaged-foods,841811840,3.2,4.019,2.845,43.7,42.8,0.0,47.46,1.03,0,0.0,0.0,-5.17,22.33,13.9,12
OABI,"OmniAb, Inc.",Healthcare,Biotechnology,biotechnology,349383936,12.07,4.801,4.549,247.29999999999998,98.91,0.0,-7.47,-0.19,0,0.0,0.0,-187.59,3.56,-24.26,12
NXP,Nuveen Select Tax-Free Income Portfolio,Financial Services,Asset Management,asset-management,905244032,24.38,1.044,1.044,16.0,100.0,25.23,0.0,0.0,0,4.46,0.0,78.56,0.06,3.29,12
NWPX,"NWPX Infrastructure, Inc.",Basic Materials,Steel,steel,1379826688,2.52,2.682,2.01,19.1,20.24,33.77,28.23,1.62,0,0.0,176.89999999999998,7.66,6.49,8.97,12
NUVB,Nuvation Bio Inc.,Healthcare,Biotechnology,biotechnology,1949931136,13.63,7.439,7.038,2598.7,90.78,0.0,-93.33,-31.42,0,0.0,0.0,-102.06,23.26,-66.93,12
NUTX,Nutex Health Inc.,Healthcare,Medical Care Facilities,medical-care-facilities,1331814272,1.51,3.143,3.0,2.1999999999999997,50.580000000000005,14.15,9.52,0.73,0,0.0,95.89999999999999,10.95,25.619999999999997,21.49,12
NUAI,"New Era Energy & Digital, Inc.",Technology,Software - Infrastructure,software-infrastructure,482144832,354.18,0.098,0.06,145.79999999999998,100.0,0.0,-4.45,-0.0,0,0.0,0.0,0.0,12.61,1133.86,12
NRIM,"Northrim BanCorp, Inc.",Financial Services,Banks - Regional,banks-regional,606614784,2.86,0.0,0.0,6.2,0.0,9.47,10.1,2.69,0,2.36,1.7000000000000002,30.680000000000003,3.2,19.79,12
NRGV,"Energy Vault Holdings, Inc.",Utilities,Utilities - Renewable,utilities-renewable,741352832,3.42,1.441,1.109,156.4,22.07,0.0,-24.87,-1.5,0,0.0,0.0,-52.96999999999999,15.190000000000001,-153.52,12
NRDS,"NerdWallet, Inc.",Communication Services,Internet Content & Information,internet-content-information,623772416,0.73,2.57,2.177,6.2,93.04,10.19,4.61,0.05,0,0.0,10935.0,8.110000000000001,17.48,13.0,12
CBZ,"CBIZ, Inc.",Industrials,Specialty Business Services,specialty-business-services,1896482560,0.69,1.63,1.218,1.3,15.509999999999998,13.86,7.87,0.57,0,0.0,37.7,5.57,8.83,6.55,12
NPK,"National Presto Industries, Inc.",Industrials,Aerospace & Defense,aerospace-defense,892172352,1.72,5.877,0.876,14.499999999999998,15.370000000000001,27.79,143.1,1.24,0,0.81,-13.200000000000001,6.1899999999999995,10.01,8.37,12
NPB,"Northpointe Bancshares, Inc.",Financial Services,Banks - Regional,banks-regional,657746624,2.62,0.0,0.0,27.900000000000002,0.0,8.49,6.38,1.89,0,0.53,26.5,35.11,1.77,14.66,12
NIE,Virtus Equity & Convertible Income Fund,Financial Services,Asset Management,asset-management,736781376,0.0,0.0,0.0,0.0,0.0,6.44,0.0,0.0,0,8.78,0.0,0.0,0.04,14.67,12
NGVC,"Natural Grocers by Vitamin Cottage, Inc.",Consumer Defensive,Grocery Stores,grocery-stores,765184512,0.57,1.05,0.208,0.5,33.64,15.97,14.38,0.38,0,1.84,3.5999999999999996,3.5999999999999996,6.550000000000001,21.87,12
NGS,"Natural Gas Services Group, Inc.",Energy,Oil & Gas Equipment & Services,oil-gas-equipment-services,482737056,2.69,2.703,1.155,17.1,58.79,21.8,15.95,0.92,0,0.91,39.5,12.17,2.48,7.25,12
NEXN,Nexxen International Ltd.,Communication Services,Advertising Agencies,advertising-agencies,519317664,1.39,1.246,1.246,10.9,83.87,31.07,7.5,0.2,0,0.0,0.0,4.8500000000000005,6.02,5.28,12
CDRE,"Cadre Holdings, Inc.",Industrials,Aerospace & Defense,aerospace-defense,1293766912,2.04,2.258,1.087,19.5,42.089999999999996,35.99,21.14,0.95,0,1.32,-79.60000000000001,5.800000000000001,6.4,13.89,12
CD,Chaince Digital Holdings Inc.,Financial Services,Capital Markets,capital-markets,340813888,145.06,24.396,20.308,1924.8999999999999,62.19,0.0,0.0,-1000.98,0,0.0,0.0,-219.14,4.21,-11.58,12
CCU,Compañía Cervecerías Unidas S.A.,Consumer Defensive,Beverages - Brewers,beverages-brewers,2088371584,0.0,2.036,1.398,0.2,44.55,17.09,12.36,0.0,0,3.15,-6.800000000000001,3.8899999999999997,3.6799999999999997,7.96,12
BKTI,BK Technologies Corporation,Technology,Communication Equipment,communication-equipment,320276448,3.62,4.124,2.727,11.799999999999999,49.91,23.89,20.27,1.6,0,0.0,25.5,16.03,2.9499999999999997,30.28,12
RCKY,"Rocky Brands, Inc.",Consumer Cyclical,Footwear & Accessories,footwear-accessories,299467520,0.61,2.902,0.954,9.1,39.76,16.08,9.71,0.33,0,1.69,-74.7,3.7800000000000002,3.47,8.84,12
RCAT,"Red Cat Holdings, Inc.",Industrials,Aerospace & Defense,aerospace-defense,1538663808,28.2,10.988,7.468,849.0999999999999,7.489999999999999,0.0,-28.08,-195.39,0,0.0,0.0,-138.35999999999999,21.08,-29.32,12
PSTL,"Postal Realty Trust, Inc.",Real Estate,REIT - Office,reit-office,854891200,8.52,1.976,1.881,20.3,78.25999999999999,46.83,41.43,1.48,0,3.95,83.3,15.840000000000002,10.79,4.96,12
PSIX,"Power Solutions International, Inc.",Industrials,Specialty Industrial Machinery,specialty-industrial-machinery,845490496,1.18,3.419,1.688,-5.1,24.32,8.3,11.05,1.24,0,0.0,-61.8,14.280000000000001,14.09,63.82,12
PSF,"Cohen & Steers Select Preferred and Income Fund, Inc.",Financial Services,Asset Management,asset-management,242488256,0.0,0.0,0.0,0.0,0.0,9.65,0.0,0.0,0,7.55,0.0,0.0,0.11,9.45,12
PRGS,Progress Software Corporation,Technology,Software - Infrastructure,software-infrastructure,1588841472,1.58,0.809,0.672,6.800000000000001,85.57000000000001,18.81,6.21,0.21,0,0.0,28.199999999999996,8.870000000000001,13.51,15.29,12
PRE,Prenetics Global Limited,Consumer Defensive,Packaged Foods,packaged-foods,297336864,2.48,5.152,4.599,107.69999999999999,55.36,0.0,-25.72,-0.09,0,0.0,0.0,-41.99,4.16,-24.1,12
BST,BlackRock Science and Technology Trust,Financial Services,Asset Management,asset-management,1695378688,0.0,0.0,0.0,0.0,0.0,6.76,0.0,0.0,0,6.19,0.0,0.0,0.03,16.95,12
BRUNW,"Boost Run, Inc.",,,,0,0.0,0.299,0.243,164.6,85.86,0.0,0.0,0.0,0,0.0,0.0,-60.57,0.0,0.0,12
BHRB,Burke & Herbert Financial Services Corp.,Financial Services,Banks - Regional,banks-regional,1404240000,4.12,0.0,0.0,2.9000000000000004,0.0,9.05,7.9,4.0,0,3.13,-0.6,34.449999999999996,3.16,13.89,12
REX,REX American Resources Corporation,Basic Materials,Chemicals,chemicals,1498666112,2.28,6.76,6.073,3.5999999999999996,16.520000000000003,16.25,20.04,1.84,0,0.0,117.5,14.13,2.8899999999999997,13.58,12
CCNEP,CNB Financial Corporation,Financial Services,Banks - Regional,banks-regional,0,0.0,0.0,0.0,48.6,0.0,7.73,0.0,0.0,0,7.12,76.9,27.200000000000003,0.0,8.12,12
NECB,"Northeast Community Bancorp, Inc.",Financial Services,Banks - Regional,banks-regional,382925760,3.66,0.0,0.0,-1.3,0.0,8.62,7.75,3.71,0,3.62,-5.1,41.870000000000005,0.77,12.63,12
NATR,"Nature's Sunshine Products, Inc.",Consumer Defensive,Packaged Foods,packaged-foods,381064192,0.78,2.502,1.403,8.5,72.71,19.7,16.93,0.19,0,0.0,16.0,4.06,4.5600000000000005,12.08,12
NATH,"Nathan's Famous, Inc.",Consumer Cyclical,Restaurants,restaurants,413903392,2.55,2.493,2.341,13.900000000000002,30.19,20.84,0.0,1.54,0,1.97,-34.1,12.35,5.4,-140.76,12
MTA,Metalla Royalty & Streaming Ltd.,Basic Materials,Other Precious Metals & Mining,other-precious-metals-mining,689607552,52.71,3.449,3.167,78.0,100.0,0.0,42.78,0.0,0,0.0,0.0,-25.979999999999997,0.0,-1.68,12
MOMO,Hello Group Inc.,Communication Services,Internet Content & Information,internet-content-information,885006912,0.09,4.35,3.966,-5.4,38.03,9.08,5.62,0.09,0,0.0,-12.5,7.199999999999999,3.81,7.39,12
MOBI,"Mobia Medical, Inc.",Healthcare,Medical Devices,medical-devices,440549344,11.46,6.06,5.119,113.3,81.32000000000001,0.0,-6.18,-0.28,0,0.0,0.0,-139.35,4.26,30.84,12
MLKN,"MillerKnoll, Inc.",Consumer Cyclical,"Furnishings, Fixtures & Appliances",furnishings-fixtures-appliances,1429715712,0.37,1.577,0.754,4.3999999999999995,38.79,15.84,8.79,0.22,0,3.5,0.0,2.3800000000000003,6.5,,12
MHD,"BlackRock MuniHoldings Fund, Inc.",Financial Services,Asset Management,asset-management,625177984,11.95,0.049,0.048,11.200000000000001,100.0,38.68,0.0,0.0,0,5.99,0.0,29.849999999999998,0.18,,12
MGRT,Mega Fortune Company Limited,Technology,Information Technology Services,information-technology-services,1145375104,103.32,4.883,2.786,308.8,50.68,490.0,0.0,-106.41,0,0.0,144.3,16.13,1.5699999999999998,11.49,12
MFI,mF International Limited,Technology,Software - Application,software-application,457609536,13.53,164.323,9.11,37.8,29.62,5.46,-37.69,5.92,0,0.0,0.0,232.81,0.06,1.96,12
MAX,"MediaAlpha, Inc.",Communication Services,Internet Content & Information,internet-content-information,756870208,0.65,1.46,1.412,17.299999999999997,14.89,21.88,9.15,0.46,0,0.0,0.0,3.37,11.39,615.94,12
MATV,"Mativ Holdings, Inc.",Basic Materials,Specialty Chemicals,specialty-chemicals,411176000,0.21,2.261,1.009,-1.0999999999999999,18.93,5.29,5.97,0.21,0,5.54,0.0,3.8600000000000003,1.83,-67.66,12
LZM,Lifezone Metals Limited,Basic Materials,Other Industrial Metals & Mining,other-industrial-metals-mining,352067904,333.07,0.465,0.368,705.1,49.519999999999996,0.0,-9.9,-1017.37,0,0.0,0.0,0.0,0.1,-18.46,12
LYTS,LSI Industries Inc.,Technology,Electronic Components,electronic-components,942407424,1.55,1.483,0.79,13.600000000000001,25.679999999999996,34.69,18.4,0.99,0,0.78,-53.6,3.92,5.220000000000001,10.57,12
LXRX,"Lexicon Pharmaceuticals, Inc.",Healthcare,Biotechnology,biotechnology,1030535552,14.8,18.795,18.432,1572.1,94.12,0.0,-11.25,-12.81,0,0.0,0.0,-37.46,10.8,-46.81,12
BBW,"Build-A-Bear Workshop, Inc.",Consumer Cyclical,Specialty Retail,specialty-retail,388911488,0.74,1.53,0.595,-2.4,57.440000000000005,7.26,7.2,0.76,0,2.92,23.9,10.48,28.46,33.67,12
BBNX,"Beta Bionics, Inc.",Healthcare,Medical Devices,medical-devices,745071552,6.76,10.693,9.385,56.599999999999994,57.15,0.0,-7.0,1.26,0,0.0,0.0,-60.27,10.54,-25.45,12
SAFT,"Safety Insurance Group, Inc.",Financial Services,Insurance - Property & Casualty,insurance-property-casualty,1133561088,0.89,0.366,0.251,4.3999999999999995,7.109999999999999,18.29,12.35,0.79,0,4.74,0.0,4.9399999999999995,2.88,11.12,12
RZLVW,Rezolve AI PLC,,,,0,0.0,0.668,0.595,4888.4,65.98,0.0,0.0,0.0,0,0.0,0.0,-216.69,0.0,-41.09,12
RZLV,Rezolve AI PLC,Technology,Software - Infrastructure,software-infrastructure,1104752384,23.61,0.668,0.595,4888.4,65.98,0.0,0.0,-384.56,0,0.0,0.0,-216.69,19.869999999999997,-41.09,12
RVLV,"Revolve Group, Inc.",Consumer Cyclical,Internet Retail,internet-retail,1620733056,1.27,2.544,1.346,15.6,53.63,25.17,21.14,0.5,0,0.0,21.2,5.050000000000001,12.590000000000002,12.04,12
RPC,"Ridgepost Capital, Inc",Financial Services,Asset Management,asset-management,862836544,2.83,2.163,1.987,10.9,53.300000000000004,37.33,6.49,1.18,0,2.04,93.8,7.7,4.9,5.55,12
RNGR,"Ranger Energy Services, Inc.",Energy,Oil & Gas Equipment & Services,oil-gas-equipment-services,364740928,0.64,1.659,1.522,17.7,17.34,24.37,11.67,0.43,0,1.56,346.20000000000005,2.58,1.63,4.1,12
RMT,"Royce Micro-Cap Trust, Inc.",Financial Services,Asset Management,asset-management,765812416,155.51,0.535,0.086,-19.400000000000002,100.0,8.63,0.0,185.68,0,5.7,102.0,1782.03,0.06999999999999999,13.91,12
RMNI,"Rimini Street, Inc.",Technology,Software - Application,software-application,431329600,1.02,0.845,0.721,1.2,59.919999999999995,12.94,9.08,0.4,0,0.0,-72.8,8.3,4.17,-137.25,12
CMCO,Columbus McKinnon Corporation,Industrials,Farm & Heavy Construction Machinery,farm-heavy-construction-machinery,403653600,0.34,2.021,0.852,77.3,33.339999999999996,0.0,5.58,0.05,0,2.06,0.0,-19.23,26.47,-34.84,12
CIX,CompX International Inc.,Industrials,Security & Protection Services,security-protection-services,308076416,1.94,6.995,4.781,0.7000000000000001,31.069999999999997,15.24,15.53,1.33,0,4.69,14.000000000000002,12.740000000000002,1.87,14.05,12
LPTH,"LightPath Technologies, Inc.",Technology,Electronic Components,electronic-components,885330688,14.1,3.855,3.067,108.89999999999999,32.1,0.0,108.46,-0.85,0,0.0,0.0,-37.38,11.41,-95.07,12
LOCO,"El Pollo Loco Holdings, Inc.",Consumer Cyclical,Restaurants,restaurants,496421344,1.0,0.342,0.233,5.8999999999999995,22.91,16.63,15.09,0.72,0,0.0,43.3,5.87,6.59,9.1,12
LINC,Lincoln Educational Services Corporation,Consumer Defensive,Education & Training Services,education-training-services,1716408576,3.15,0.828,0.726,22.5,60.28,75.15,50.01,0.97,0,0.0,133.20000000000002,4.109999999999999,9.06,10.01,12
LIFE,Ethos Technologies Inc.,Financial Services,Insurance Brokers,insurance-brokers,1846327936,3.8,1.674,1.448,103.49999999999999,98.27,0.0,10.09,-0.0,0,0.0,0.0,-22.12,6.1,-295.04,12
LEG,"Leggett & Platt, Incorporated",Consumer Cyclical,"Furnishings, Fixtures & Appliances",furnishings-fixtures-appliances,1611423104,0.41,2.333,1.377,-10.2,18.45,7.33,11.65,0.45,0,1.68,-36.4,5.6899999999999995,17.580000000000002,23.03,12
COLL,"Collegium Pharmaceutical, Inc.",Healthcare,Drug Manufacturers - Specialty & Generic,drug-manufacturers-specialty-generic,1215293824,1.53,1.714,1.496,8.9,89.17,18.19,4.92,0.15,0,0.0,-46.6,9.41,19.64,20.84,12
COFS,"ChoiceOne Financial Services, Inc.",Financial Services,Banks - Regional,banks-regional,499567168,2.92,0.0,0.0,135.0,0.0,7.91,9.06,-1.02,0,3.42,0.0,32.62,1.8900000000000001,6.05,12
CNOBP,"ConnectOne Bancorp, Inc.",Financial Services,Banks - Regional,banks-regional,0,0.0,0.0,0.0,65.5,0.0,7.93,0.0,0.0,0,5.25,47.5,25.900000000000002,0.0,5.5,12
SENS,"Senseonics Holdings, Inc.",Healthcare,Medical Devices,medical-devices,293902688,7.22,3.505,3.015,87.2,52.07000000000001,0.0,-2.57,0.44,0,0.0,0.0,-214.16,9.47,-113.21,12
SCSC,"ScanSource, Inc.",Technology,Electronics & Computer Distribution,electronics-computer-distribution,1044477504,0.34,1.862,1.016,8.799999999999999,13.69,15.62,11.65,0.27,0,0.0,5.4,2.3800000000000003,9.25,7.89,12
SBGI,"Sinclair, Inc.",Communication Services,Broadcasting,broadcasting,1092587008,0.34,2.423,2.195,4.0,44.62,15.61,-8.75,0.18,0,6.48,0.0,2.0,27.24,-25.28,12
SBET,"Sharplink, Inc.",Financial Services,Capital Markets,capital-markets,1192188928,30.28,3.315,3.189,1525.1,95.62,0.0,2.85,-18.9,0,0.0,0.0,0.0,13.81,-30.37,12
SATL,Satellogic Inc.,Industrials,Aerospace & Defense,aerospace-defense,767904384,37.59,2.445,2.23,80.30000000000001,75.08,0.0,-57.56,1.85,0,0.0,0.0,0.0,15.229999999999999,-7.9,12
SAR,Saratoga Investment Corp.,Financial Services,Asset Management,asset-management,348455168,2.77,0.354,0.112,-0.6,100.0,9.27,10.17,2.79,0,13.42,0.0,29.12,4.35,9.24,12
BETR,Better Home & Finance Holding Company,Financial Services,Mortgage Finance,mortgage-finance,559112896,3.09,0.522,0.49,51.6,100.0,0.0,37.83,0.0,0,0.0,0.0,-102.53000000000002,23.080000000000002,-446.1,12
BDJ,BlackRock Enhanced Equity Dividend Trust,Financial Services,Asset Management,asset-management,1716894336,38.82,0.077,0.074,-4.0,100.0,6.18,0.0,40.38,0,7.7,237.4,627.33,0.05,16.1,12
BCAT,BlackRock Capital Allocation Term Trust,Financial Services,Asset Management,asset-management,1674832640,0.0,0.0,0.0,0.0,0.0,7.54,0.0,0.0,0,19.36,0.0,0.0,0.0,13.92,12
CMRE,Costamare Inc.,Industrials,Marine Shipping,marine-shipping,1749498752,2.02,1.961,1.742,-5.3,70.49,5.12,5.21,2.13,0,3.51,-21.2,39.82,4.859999999999999,17.48,12
LAES,SEALSQ Corp,Technology,Semiconductors,semiconductors,668321984,36.62,15.918,15.641,118.19999999999999,50.06,0.0,-20.0,-3.33,0,0.0,0.0,-187.34,8.95,-7.41,12
KSS,Kohl's Corporation,Consumer Cyclical,Department Stores,department-stores,1916459776,0.12,1.482,0.174,-2.0,40.52,7.1,11.41,0.13,0,2.75,0.0,1.77,31.31,6.72,12
KRT,Karat Packaging Inc.,Consumer Cyclical,Packaging & Containers,packaging-containers,694538240,1.44,2.289,1.09,12.9,35.94,22.02,14.32,0.81,0,5.24,5.6000000000000005,6.61,3.64,20.62,12
KARO,Karooooo Ltd.,Technology,Software - Application,software-application,1739910656,0.32,1.056,1.052,18.8,67.97,28.73,19.92,0.08,0,5.1,-11.4,18.14,1.31,30.28,12
JBSS,"John B. Sanfilippo & Son, Inc.",Consumer Defensive,Packaged Foods,packaged-foods,1034878080,0.89,2.299,0.565,8.0,18.54,15.48,18.6,0.67,0,0.99,-16.900000000000002,5.76,4.82,16.34,12
JBI,"Janus International Group, Inc.",Industrials,Building Products & Equipment,building-products-equipment,721516160,0.8,2.647,1.921,5.800000000000001,37.519999999999996,17.63,7.53,0.47,0,0.0,-98.1,4.82,4.78,9.4,12
ISSC,"Innovative Aerosystems, Inc.",Industrials,Aerospace & Defense,aerospace-defense,337278304,3.72,3.229,1.311,2.0,50.739999999999995,19.84,20.0,1.8,0,0.0,-36.7,18.82,2.16,24.19,12
CRMLW,Critical Metals Corp.,,,,0,0.0,0.747,0.747,57.8,100.0,0.0,0.0,0.0,0,0.0,0.0,0.0,0.0,,12
CRML,Critical Metals Corp.,Basic Materials,Other Industrial Metals & Mining,other-industrial-metals-mining,1360189824,1769.76,0.747,0.747,57.8,100.0,0.0,-48.74,0.0,0,0.0,0.0,0.0,28.92,,12
CRI,"Carter's, Inc.",Consumer Cyclical,Apparel Retail,apparel-retail,1440839424,0.49,2.795,1.546,8.1,44.66,15.7,10.7,0.25,0,2.46,-9.3,3.0700000000000003,10.09,9.92,12
SMP,"Standard Motor Products, Inc.",Consumer Cyclical,Auto Parts,auto-parts,843110400,0.46,2.234,0.743,9.1,31.380000000000003,10.18,7.67,0.29,0,3.48,35.6,2.5100000000000002,4.14,6.05,12
SLRC,SLR Investment Corp.,Financial Services,Asset Management,asset-management,701027072,3.27,1.043,1.04,-7.3,100.0,7.84,9.48,3.5,0,12.47,-14.099999999999998,41.8,1.7500000000000002,9.29,12
SLNHP,"Soluna Holdings, Inc.",Financial Services,Capital Markets,capital-markets,0,0.0,1.748,1.426,58.3,65.64999999999999,0.0,0.0,0.0,0,0.0,0.0,-190.87,0.0,-97.54,12
SLN,Silence Therapeutics plc,Healthcare,Biotechnology,biotechnology,499742176,595.64,9.833,8.824,197.2,79.5,0.0,-27.13,-118.69,0,0.0,0.0,0.0,5.79,-142.23,12
AXG,Solowin Holdings,Financial Services,Capital Markets,capital-markets,634211200,82.84,1.729,1.17,295.8,92.31,0.0,0.0,-12.48,0,0.0,0.0,-90.32,0.3,-180.47,12
AVX,Avax One Technology Ltd.,Technology,Software - Infrastructure,software-infrastructure,42044944,9.18,2.718,1.221,819.8000000000001,38.019999999999996,0.0,0.0,-40.97,0,0.0,0.0,0.0,0.8500000000000001,-17.75,12
SEPN,"Septerna, Inc.",Healthcare,Biotechnology,biotechnology,1508678144,20.88,4.709,4.627,12011.0,100.0,0.0,-12.59,-0.0,0,0.0,0.0,-49.88,11.68,-12.8,12
CRAI,"CRA International, Inc.",Industrials,Consulting Services,consulting-services,969132544,1.26,0.831,0.698,10.5,29.42,20.77,15.57,0.79,0,1.55,-35.5,6.22,4.49,25.65,12
INSP,"Inspire Medical Systems, Inc.",Healthcare,Medical Devices,medical-devices,1424810368,1.56,6.339,4.349,1.6,85.78,11.24,38.59,0.22,0,0.0,0.0,14.330000000000002,16.33,18.62,12
INMD,InMode Ltd.,Healthcare,Medical Devices,medical-devices,839219264,2.24,8.801,7.47,5.3,77.84,10.81,10.04,0.47,0,0.0,-30.8,23.27,6.47,13.73,12
IMPPP,Imperial Petroleum Inc.,Energy,Oil & Gas Midstream,oil-gas-midstream,0,0.0,5.775,5.492,92.30000000000001,49.26,0.0,0.0,0.0,0,8.38,90.0,34.99,0.0,9.42,12
IMKTA,"Ingles Markets, Incorporated",Consumer Defensive,Grocery Stores,grocery-stores,1719370880,0.32,3.341,1.703,3.4000000000000004,24.41,16.49,19.26,0.23,0,0.73,0.0,1.9300000000000002,9.58,5.17,12
IIIN,Insteel Industries Inc.,Industrials,Metal Fabrication,metal-fabrication,576390144,0.84,3.712,1.386,7.5,13.62,13.67,12.84,0.67,0,0.4,-48.5,6.16,7.66,11.04,12
IDT,IDT Corporation,Communication Services,Telecom Services,telecom-services,1499077120,1.18,1.924,0.952,4.5,37.35,18.49,15.26,0.7,0,0.44,1.0,6.41,2.2800000000000002,24.94,12
IAUX,i-80 Gold Corp.,Basic Materials,Gold,gold,1258594688,9.43,9.46,8.947,272.90000000000003,8.91,0.0,0.0,-14.84,0,0.0,0.0,-176.91,8.62,-57.34,12
ASPI,ASP Isotopes Inc.,Basic Materials,Chemicals,chemicals,696246080,25.86,4.388,4.194,279.3,17.62,0.0,-4.78,-38.19,0,0.0,0.0,0.0,20.45,-85.77,12
ARTNA,Artesian Resources Corporation,Utilities,Utilities - Regulated Water,utilities-regulated-water,352786016,3.07,1.012,0.582,7.3,49.45,15.25,16.35,1.44,0,3.64,8.0,20.31,1.16,9.13,12
SRTA,"Strata Critical Medical, Inc.",Healthcare,Medical Care Facilities,medical-care-facilities,470704544,2.06,5.928,4.698,87.4,21.08,0.0,0.0,0.2,0,0.0,0.0,20.560000000000002,11.53,14.82,12
SPRY,"ARS Pharmaceuticals, Inc.",Healthcare,Biotechnology,biotechnology,827196160,8.36,4.943,4.645,184.5,59.41,0.0,-9.76,-2.87,0,0.0,0.0,-200.0,33.550000000000004,-149.92,12
SPH,"Suburban Propane Partners, L.P.",Utilities,Utilities - Regulated Gas,utilities-regulated-gas,1161003520,0.83,1.08,0.615,-6.2,27.450000000000003,8.93,8.88,0.89,0,7.42,-1.9,9.569999999999999,0.61,17.8,12
SPB,"Spectrum Brands Holdings, Inc.",Consumer Defensive,Household & Personal Products,household-personal-products,1918752640,0.68,2.295,1.342,4.9,36.63,16.3,15.28,0.41,0,2.21,2634.3,4.47,16.96,5.23,12
SOUNW,"SoundHound AI, Inc.",,,,0,0.0,3.941,3.8,51.7,40.589999999999996,0.0,0.0,0.0,0,0.0,0.0,-91.84,0.0,-3.02,12
CTS,CTS Corporation,Technology,Electronic Components,electronic-components,1725296256,3.11,2.524,1.807,10.7,39.019999999999996,25.79,20.88,1.69,0,0.26,34.1,12.46,2.62,11.84,12
CTRN,"Citi Trends, Inc.",Consumer Cyclical,Apparel Retail,apparel-retail,460473984,0.54,1.145,0.439,14.399999999999999,39.7,38.66,23.28,0.28,0,0.0,739.3,1.4200000000000002,16.88,4.48,12
HYLN,Hyliion Holdings Corp.,Consumer Cyclical,Auto Parts,auto-parts,765023808,131.49,10.087,9.351,479.1,6.32,0.0,-14.07,-466.96,0,0.0,0.0,0.0,7.59,-29.78,12
HMN,Horace Mann Educators Corporation,Financial Services,Insurance - Property & Casualty,insurance-property-casualty,2185428992,1.27,2.841,0.094,3.1,38.76,13.6,10.67,0.76,0,2.67,8.7,9.629999999999999,3.82,10.93,12
CZFS,"Citizens Financial Services, Inc.",Financial Services,Banks - Regional,banks-regional,348309792,3.07,0.0,0.0,13.600000000000001,0.0,8.87,8.72,2.65,0,2.82,36.0,34.660000000000004,0.8699999999999999,10.82,12
ARLO,"Arlo Technologies, Inc.",Industrials,Building Products & Equipment,building-products-equipment,1431477376,2.55,1.517,1.209,26.3,45.09,47.07,13.34,1.03,0,0.0,0.0,5.46,12.67,11.68,12
ARI,"Apollo Commercial Real Estate Finance, Inc.",Real Estate,REIT - Mortgage,reit-mortgage,1347447168,5.02,6.723,6.723,0.2,69.21000000000001,12.7,13.98,1.54,0,9.62,0.0,47.29,5.76,6.83,12
ARHS,"Arhaus, Inc.",Consumer Cyclical,Specialty Retail,specialty-retail,1153551488,0.83,1.248,0.381,0.8999999999999999,38.73,17.34,14.72,0.51,0,0.0,-47.4,4.67,8.37,16.08,12
ARDT,"Ardent Health, Inc.",Healthcare,Medical Care Facilities,medical-care-facilities,1552480896,0.24,2.123,1.401,7.000000000000001,58.599999999999994,11.52,8.25,0.09,0,0.0,-3.4000000000000004,2.09,10.92,10.55,12
AQST,"Aquestive Therapeutics, Inc.",Healthcare,Drug Manufacturers - Specialty & Generic,drug-manufacturers-specialty-generic,531980032,10.58,4.1,3.704,65.7,63.449999999999996,0.0,-9.42,1.33,0,0.0,0.0,-137.08,12.35,248.9,12
SUPX,SuperX AI Technology Limited,Technology,Software - Infrastructure,software-infrastructure,339903360,59.73,6.585,5.399,283.8,12.53,0.0,0.0,-96.02,0,0.0,0.0,0.0,1.22,,12
STRA,"Strategic Education, Inc.",Consumer Defensive,Education & Training Services,education-training-services,1869574784,1.47,1.156,0.927,0.8,49.35,14.56,10.16,0.74,0,2.97,19.400000000000002,10.209999999999999,6.909999999999999,7.69,12
STAA,STAAR Surgical Company,Healthcare,Medical Instruments & Supplies,medical-instruments-supplies,1361217536,4.69,5.122,4.092,119.6,76.89,0.0,27.69,-0.21,0,0.0,0.0,-7.24,21.33,-23.37,12
SSII,"SS Innovations International, Inc.",Healthcare,Medical Devices,medical-devices,746490624,15.4,2.544,1.391,116.8,49.08,0.0,-62.17,-1.32,0,0.0,0.0,-20.69,0.1,-31.73,12
ASYS,"Amtech Systems, Inc.",Technology,Semiconductor Equipment & Materials,semiconductor-equipment-materials,328875904,4.17,2.868,1.872,31.4,45.93,104.5,23.51,1.55,0,0.0,0.0,3.1,3.6900000000000004,-56.81,12
ASTE,"Astec Industries, Inc.",Industrials,Farm & Heavy Construction Machinery,farm-heavy-construction-machinery,1350357120,0.91,2.344,0.837,20.3,26.38,52.44,13.96,0.54,0,0.9,-90.9,1.7500000000000002,2.63,5.69,12
HIVE,HIVE Digital Technologies Ltd.,Financial Services,Capital Markets,capital-markets,903916160,3.04,1.099,0.752,130.5,36.230000000000004,0.0,14.08,-0.59,0,0.0,0.0,-49.85,0.0,-28.04,12
HEPS,D-Market Elektronik Hizmetler ve Ticaret A.S.,Consumer Cyclical,Internet Retail,internet-retail,1064531136,0.0,0.82,0.494,60.8,25.56,0.0,0.69,0.0,0,0.0,0.0,-7.000000000000001,8.55,-283.32,12
HDL,Super Hi International Holding Ltd.,Consumer Cyclical,Restaurants,restaurants,726043648,0.84,2.545,2.22,14.2,28.93,24.68,13.56,0.51,0,0.0,-50.0,3.29,0.02,9.34,12
HBNB,Hotel101 Global Holdings Corp.,Real Estate,Real Estate Services,real-estate-services,1282497408,16.9,1.012,0.291,892.6,42.77,0.0,0.0,-76.68,0,0.0,0.0,-35.21,0.03,-156.11,12
GSHD,"Goosehead Insurance, Inc.",Financial Services,Insurance Brokers,insurance-brokers,1887121024,4.94,1.317,1.006,23.3,48.05,46.49,19.19,1.97,0,0.0,111.9,7.95,11.3,-29.14,12
DFH,"Dream Finders Homes, Inc.",Consumer Cyclical,Residential Construction,residential-construction,1499350272,0.36,8.274,1.162,-10.299999999999999,20.369999999999997,9.58,10.6,0.39,0,0.0,-80.2,4.16,45.93,15.25,12
ANGX,"Angel Studios, Inc.",Communication Services,Entertainment,entertainment,658359872,1.69,0.593,0.423,142.6,61.62,0.0,-9.81,-0.28,0,0.0,0.0,-37.76,4.0,542.34,12
AMPH,"Amphastar Pharmaceuticals, Inc.",Healthcare,Drug Manufacturers - Specialty & Generic,drug-manufacturers-specialty-generic,864662208,1.2,3.853,2.732,0.4,47.339999999999996,11.81,6.45,0.63,0,0.0,-72.5,11.0,18.029999999999998,12.44,12
TLS,Telos Corporation,Technology,Software - Infrastructure,software-infrastructure,369606720,2.03,2.586,1.802,55.900000000000006,41.760000000000005,0.0,19.0,0.52,0,0.0,0.0,-14.249999999999998,3.0700000000000003,-38.09,12
TIC,"TIC Solutions, Inc.",Industrials,Specialty Business Services,specialty-business-services,1808128640,1.01,3.06,2.86,108.4,31.78,0.0,16.3,-0.06,0,0.0,0.0,-5.7700000000000005,10.549999999999999,-4.0,12
TCBIO,"Texas Capital Bancshares, Inc.",Financial Services,Banks - Regional,banks-regional,0,0.0,0.0,0.0,16.900000000000002,0.0,5.19,0.0,0.0,0,7.01,69.6,28.67,0.0,9.91,12
TBLD,Thornburg Income Builder Opportunities Trust,Financial Services,Asset Management,asset-management,710292864,0.0,0.0,0.0,0.0,0.0,5.02,0.0,0.0,0,5.66,0.0,0.0,0.0,14.35,12
TBLA,Taboola.com Ltd.,Communication Services,Internet Content & Information,internet-content-information,1511483776,0.77,1.131,0.998,9.1,29.720000000000002,15.36,8.11,0.49,0,0.0,0.0,5.64,2.39,4.66,12
ARQQ,Arqit Quantum Inc.,Technology,Software - Infrastructure,software-infrastructure,385115360,354.62,4.88,4.609,829.9,49.72,0.0,-20.88,-1301.32,0,0.0,0.0,0.0,16.49,-129.77,12
DCH,Dauch Corporation,Consumer Cyclical,Auto Parts,auto-parts,1307890816,0.19,1.396,0.913,68.60000000000001,11.67,0.0,5.22,0.05,0,0.0,0.0,-1.87,9.64,-3.08,12
GRRR,Gorilla Technology Group Inc.,Technology,Software - Infrastructure,software-infrastructure,514346016,4.62,2.906,2.621,54.6,30.020000000000003,0.0,7.15,1.47,0,0.0,0.0,-39.23,14.32,-5.75,12
GPRK,GeoPark Limited,Energy,Oil & Gas E&P,oil-gas-e-p,604786816,1.25,1.0,0.87,-6.5,72.02,8.82,3.58,1.33,0,1.01,44.0,11.74,2.5100000000000002,20.21,12
GNE,Genie Energy Ltd.,Utilities,Utilities - Regulated Electric,utilities-regulated-electric,382061536,0.75,2.54,2.173,4.0,23.080000000000002,18.79,31.46,0.56,0,2.05,-73.1,3.2199999999999998,3.1399999999999997,9.57,12
GLRE,"Greenlight Capital Re, Ltd.",Financial Services,Insurance - Reinsurance,insurance-reinsurance,541276416,0.77,1.523,0.08,-6.9,15.57,6.92,10.2,0.82,0,0.0,22.1,11.450000000000001,1.32,10.57,12
GLOO,"Gloo Holdings, Inc.",Technology,Software - Application,software-application,326800416,2.64,0.937,0.816,237.6,26.72,0.0,13.27,-2.66,0,0.0,0.0,-119.10000000000001,0.0,-116.24,12
GILT,Gilat Satellite Networks Ltd.,Technology,Communication Equipment,communication-equipment,987914688,2.1,2.022,1.565,20.0,30.330000000000002,25.17,17.3,1.17,0,0.0,0.0,6.800000000000001,2.3,4.14,12
GIC,Global Industrial Company,Industrials,Industrial Distribution,industrial-distribution,1265677312,0.9,2.275,1.195,9.2,35.5,17.5,14.93,0.53,0,3.25,20.3,5.33,2.37,23.02,12
TYG,Tortoise Energy Infrastructure Corporation,Financial Services,Asset Management,asset-management,916931008,36.84,0.043,0.036,93.10000000000001,100.0,0.0,-68.74,0.0,0,12.66,-74.5,77.77,7.9399999999999995,1.97,12
TY,Tri-Continental Corporation,Financial Services,Asset Management,asset-management,1858377472,27.23,6.64,6.595,-3.1,100.0,7.11,0.0,28.08,0,3.27,16.5,372.65000000000003,0.0,13.07,12
TWO,Two Harbors Investment Corp.,Real Estate,REIT - Mortgage,reit-mortgage,1270010240,2.57,0.207,0.158,1569.1000000000001,97.7,0.0,10.43,-0.87,0,11.27,0.0,-69.46,4.19,-38.29,12
TUYA,Tuya Inc.,Technology,Software - Infrastructure,software-infrastructure,1115861376,3.4,6.944,6.522,8.3,47.77,18.2,13.74,1.63,0,6.51,41.099999999999994,19.1,1.69,5.66,12
TRX,TRX Gold Corporation,Basic Materials,Gold,gold,270968160,2.85,2.369,1.476,274.1,60.57,0.0,4.75,-1.95,0,0.0,0.0,-23.45,0.32,1.2,12
TRVG,trivago N.V.,Communication Services,Internet Content & Information,internet-content-information,372594656,0.66,1.91,1.827,15.1,96.85000000000001,31.0,45.28,0.02,0,0.0,0.0,2.07,0.16,5.26,12
TPB,"Turning Point Brands, Inc.",Consumer Defensive,Tobacco,tobacco,1656698880,3.44,5.867,3.298,16.8,56.769999999999996,29.29,29.91,1.24,0,0.36,-24.099999999999998,11.53,9.86,16.42,12
TOI,"The Oncology Institute, Inc.",Healthcare,Medical Care Facilities,medical-care-facilities,543907200,1.0,1.473,1.131,41.199999999999996,15.120000000000001,0.0,-34.0,0.5,0,0.0,0.0,-7.969999999999999,7.630000000000001,385.53,12
TMP,Tompkins Financial Corporation,Financial Services,Banks - Regional,banks-regional,1361201536,3.09,0.0,0.0,7.6,0.0,8.1,11.61,2.85,0,2.83,32.800000000000004,37.99,2.06,17.16,12
ANL,Adlai Nortye Ltd.,Healthcare,Biotechnology,biotechnology,703225472,140.65,0.646,0.216,178.1,100.0,0.0,-29.2,-0.0,0,0.0,0.0,0.0,5.72,426.92,12
DLX,Deluxe Corporation,Industrials,Conglomerates,conglomerates,1105227136,0.52,1.148,0.736,0.3,52.93,10.68,5.87,0.24,0,4.94,152.0,4.87,10.91,12.07,12
GEVO,"Gevo, Inc.",Basic Materials,Specialty Chemicals,specialty-chemicals,348078176,2.0,4.309,3.34,47.5,45.769999999999996,0.0,143.0,0.57,0,0.0,0.0,-19.38,10.459999999999999,-7.26,12
GCO,Genesco Inc.,Consumer Cyclical,Apparel Retail,apparel-retail,368418272,0.15,1.834,0.23,2.8000000000000003,46.33,17.93,11.59,0.08,0,0.0,0.0,0.8,8.38,2.34,12
GBLI,"Global Indemnity Group, LLC",Financial Services,Insurance - Property & Casualty,insurance-property-casualty,365228160,0.81,1.118,0.588,0.5,16.71,10.68,7.58,0.67,0,5.59,0.0,7.449999999999999,0.24,3.61,12
FWDI,"Forward Industries, Inc.",Consumer Cyclical,Footwear & Accessories,footwear-accessories,355490624,7.93,0.396,0.359,315.0,67.25999999999999,0.0,21.91,-5.58,0,0.0,0.0,0.0,3.6900000000000004,-11.36,12
ECAT,BlackRock ESG Capital Allocation Term Trust,Financial Services,Asset Management,asset-management,1571599232,0.0,0.0,0.0,0.0,0.0,7.35,0.0,0.0,0,20.41,0.0,0.0,0.38,13.26,12
EBF,"Ennis, Inc.",Industrials,Business Equipment & Supplies,business-equipment-supplies,537082304,1.36,3.526,2.08,1.5,30.79,12.71,13.19,0.93,0,4.65,3.2,10.84,5.43,13.81,12
DVLT,Datavault AI Inc.,Technology,Software - Infrastructure,software-infrastructure,312451232,7.46,4.616,1.48,443.1,72.7,0.0,0.0,-6.99,0,0.0,0.0,-292.68,17.09,-33.19,12
FSTR,L.B. Foster Company,Industrials,Railroads,railroads,456103040,0.81,2.224,1.173,23.9,21.54,42.34,22.03,0.48,0,0.0,0.0,1.9800000000000002,3.0,4.3,12
FSCO,FS Credit Opportunities Corp.,Financial Services,Asset Management,asset-management,999212096,0.0,0.0,0.0,0.0,0.0,6.5,0.0,0.0,0,15.67,0.0,0.0,0.6799999999999999,10.41,12
FRST,Primis Financial Corp.,Financial Services,Banks - Regional,banks-regional,397560352,2.0,0.0,0.0,-22.7,0.0,8.55,8.36,2.46,0,2.53,-67.60000000000001,23.25,1.9900000000000002,14.53,12
FRMEP,First Merchants Corporation,Financial Services,Banks - Regional,banks-regional,0,0.0,0.0,0.0,-2.5,0.0,6.69,0.0,0.0,0,7.35,-52.1,31.169999999999998,0.0,9.26,12
FPH,"Five Point Holdings, LLC",Real Estate,Real Estate - Development,real-estate-development,754511680,6.83,66.353,9.646,3.2,45.03,8.33,7.7,3.64,0,0.0,0.0,41.160000000000004,0.73,8.42,12
FORTY,Formula Systems (1985) Ltd.,Technology,Information Technology Services,information-technology-services,1664271360,0.61,1.683,1.569,19.2,19.85,28.56,0.0,0.39,0,2.32,82.8,22.68,0.01,44.82,12
FOR,Forestar Group Inc.,Real Estate,Real Estate - Development,real-estate-development,1550665472,0.91,1.912,1.734,-3.0,21.34,9.27,9.56,0.93,0,0.0,22.3,9.790000000000001,2.67,9.5,12
FOF,"Cohen & Steers Closed-End Opportunity Fund, Inc.",Financial Services,Asset Management,asset-management,383555488,0.0,0.0,0.0,0.0,0.0,6.08,0.0,0.0,0,7.56,0.0,0.0,0.16999999999999998,17.18,12
FMNB,Farmers National Banc Corp.,Financial Services,Banks - Regional,banks-regional,849735552,4.38,0.0,0.0,27.700000000000003,0.0,9.9,8.2,3.17,0,4.64,0.0,29.54,1.46,11.24,12
ELMD,"Electromed, Inc.",Healthcare,Medical Devices,medical-devices,383449760,5.34,4.912,4.531,18.4,78.44,39.58,75.92,0.94,0,0.0,66.7,14.08,2.17,17.44,12
VCEL,Vericel Corporation,Healthcare,Biotechnology,biotechnology,2377736704,8.14,5.176,4.617,30.099999999999998,74.83999999999999,108.28,54.65,1.43,0,0.0,0.0,7.35,13.350000000000001,4.66,12
UVE,"Universal Insurance Holdings, Inc.",Financial Services,Insurance - Property & Casualty,insurance-property-casualty,1197387008,0.75,0.547,0.37,-0.3,24.03,6.35,9.75,0.75,0,1.49,30.599999999999998,12.22,2.75,33.2,12
USAS,Americas Gold and Silver Corporation,Basic Materials,Other Industrial Metals & Mining,other-industrial-metals-mining,1647208832,10.16,1.685,1.48,187.9,43.730000000000004,0.0,10.27,-5.02,0,0.0,0.0,-35.63,3.27,-39.46,12
URGN,UroGen Pharma Ltd.,Healthcare,Biotechnology,biotechnology,1822678784,12.97,4.69,3.865,151.6,89.85,0.0,30.41,-0.68,0,0.0,0.0,-94.83,13.73,145.53,12
UPWK,Upwork Inc.,Communication Services,Internet Content & Information,internet-content-information,1094370688,1.38,1.365,1.013,1.4000000000000001,77.53999999999999,10.94,5.05,0.31,0,0.0,-12.0,13.81,29.630000000000003,18.31,12
UPBD,"Upbound Group, Inc.",Technology,Software - Application,software-application,1196770304,0.25,2.965,0.409,3.6999999999999997,48.71,14.26,4.32,0.12,0,7.84,45.2,1.78,12.73,10.53,12
UPB,"Upstream Bio, Inc.",Healthcare,Biotechnology,biotechnology,402707904,121.22,23.138,21.742,82.69999999999999,100.0,0.0,-2.56,0.0,0,0.0,0.0,0.0,11.04,-42.22,12
UNTY,"Unity Bancorp, Inc.",Financial Services,Banks - Regional,banks-regional,575042432,4.34,0.0,0.0,16.1,0.0,9.64,9.09,3.64,0,1.07,23.9,45.800000000000004,1.6099999999999999,16.77,12
UMAC,"Unusual Machines, Inc.",Technology,Computer Hardware,computer-hardware,1034738432,59.98,128.227,116.831,296.4,35.15,0.0,-108.25,-76.39,0,0.0,0.0,-32.72,13.059999999999999,-10.97,12
AMN,"AMN Healthcare Services, Inc.",Healthcare,Medical Care Facilities,medical-care-facilities,1386407424,0.41,1.088,0.96,99.9,27.63,0.0,32.91,0.0,0,0.0,0.0,-0.95,9.41,-14.9,12
AGCC,Agencia Comercial Spirits Ltd,Consumer Defensive,Beverages - Wineries & Distilleries,beverages-wineries-distilleries,352735008,56.84,1.531,1.087,274.1,30.43,387.0,0.0,-68.84,0,0.0,-64.0,9.82,1.5,6.18,12
AGBK,AGI Inc,Financial Services,Banks - Regional,banks-regional,1162691584,0.32,1.517,1.477,-22.0,68.77,6.86,3.74,0.39,0,0.0,-49.0,24.0,12.659999999999998,31.67,12
VTEX,VTEX,Technology,Software - Application,software-application,704107648,2.85,3.128,3.01,12.1,78.45,31.77,14.86,0.54,0,0.0,390.5,9.4,6.49,8.57,12
VRTS,"Virtus Investment Partners, Inc.",Financial Services,Asset Management,asset-management,1034325632,1.24,2.965,2.958,-8.4,42.059999999999995,9.12,6.05,1.34,0,6.33,-74.1,14.01,10.07,14.82,12
VLGEA,"Village Super Market, Inc.",Consumer Defensive,Grocery Stores,grocery-stores,632661504,0.26,1.165,0.771,1.6,28.16,11.64,0.0,0.19,0,2.36,-19.0,2.27,2.83,,12
ALMR,"Alamar Biosciences, Inc.",Healthcare,Medical Devices,medical-devices,1778524928,20.41,5.883,3.498,98.9,57.11000000000001,0.0,-36.46,0.1,0,0.0,0.0,-49.89,4.390000000000001,18.76,12
AIO,Virtus Artificial Intelligence & Technology Opportunities Fund,Financial Services,Asset Management,asset-management,928820864,0.0,0.0,0.0,0.0,0.0,6.23,0.0,0.0,0,7.99,0.0,0.0,0.0,17.45,12
ELE,Elemental Royalty Corporation,Basic Materials,Other Precious Metals & Mining,other-precious-metals-mining,1091292416,19.37,6.038,6.038,109.00000000000001,95.57,282.5,30.0,-0.08,0,0.7,-87.9,-1.05,0.0,0.23,12
EFOR,unknown,Technology,Information Technology Services,information-technology-services,710940032,0.18,2.101,1.922,0.0,28.65,7.71,3.91,0.18,0,0.0,-72.8,2.46,10.58,6.29,12
EDN,Empresa Distribuidora y Comercializadora Norte Sociedad Anónima,Utilities,Utilities - Regulated Electric,utilities-regulated-electric,1207432704,0.0,1.192,0.988,-0.0,24.82,5.3,8.94,0.0,0,0.0,147.5,10.35,8.790000000000001,10.76,12
FLXS,"Flexsteel Industries, Inc.",Consumer Cyclical,"Furnishings, Fixtures & Appliances",furnishings-fixtures-appliances,295852224,0.65,3.443,1.696,1.0,23.18,13.25,14.37,0.49,0,1.17,0.0,6.79,4.31,12.01,12
FIP,FTAI Infrastructure Inc.,Industrials,Conglomerates,conglomerates,521101248,0.88,1.099,0.46,95.89999999999999,40.660000000000004,0.0,-3.34,0.02,0,2.7,0.0,-78.57,25.3,-502.6,12
FINS,Angel Oak Financial Strategies Income Term Trust,Financial Services,Asset Management,asset-management,431411552,11.95,0.198,0.198,0.0,100.0,7.73,0.0,0.0,0,10.76,0.0,129.96,0.0,10.08,12
FGBIP,"First Guaranty Bancshares, Inc.",Financial Services,Banks - Regional,banks-regional,0,0.0,0.0,0.0,102.1,0.0,7.62,0.0,0.0,0,8.51,0.0,-196.85999999999999,0.0,-29.0,12
FENC,Fennec Pharmaceuticals Inc.,Healthcare,Biotechnology,biotechnology,371338848,7.28,6.977,6.149,72.6,92.23,0.0,12.01,0.15,0,0.0,0.0,-16.42,1.5,-27.46,12
YALA,Yalla Group Limited,Technology,Software - Application,software-application,848724096,2.52,10.744,10.343,-5.800000000000001,67.60000000000001,7.08,6.39,2.66,0,0.0,-20.0,42.03,2.44,18.49,12
XZO,"Exzeo Group, Inc.",Financial Services,Insurance - Diversified,insurance-diversified,1701992960,7.51,2.647,2.575,9.9,100.0,19.91,16.28,0.0,0,0.0,1.4000000000000001,37.61,6.22,32.56,12
ACIC,American Coastal Insurance Corporation,Financial Services,Insurance - Property & Casualty,insurance-property-casualty,550066944,1.64,1.068,0.423,-1.4000000000000001,57.64,5.3,9.46,1.67,0,0.0,-9.9,31.319999999999997,4.31,33.64,12
XERS,"Xeris Biopharma Holdings, Inc.",Healthcare,Drug Manufacturers - Specialty & Generic,drug-manufacturers-specialty-generic,1445013888,4.59,2.122,1.417,38.3,85.89,119.57,21.19,0.4,0,0.0,0.0,3.81,7.68,4.05,12
XPEL,"XPEL, Inc.",Consumer Cyclical,Auto Parts,auto-parts,1379427200,2.82,3.072,1.277,13.100000000000001,42.54,26.2,20.68,1.41,0,0.0,19.400000000000002,10.82,14.49,18.28,12
AAPG,unknown,Healthcare,Biotechnology,biotechnology,1807942016,3.15,1.792,1.688,117.0,91.47999999999999,0.0,-16.21,-0.05,0,0.0,0.0,-216.46,0.0,-93.83,12
ABTC,American Bitcoin Corp,Financial Services,Capital Markets,capital-markets,6818254848,29.02,0.126,0.12,403.5,53.2,0.0,424.5,-41.22,0,0.0,0.0,-57.18,0.21,-23.0,12
ABEO,Abeona Therapeutics Inc.,Healthcare,Biotechnology,biotechnology,359639360,24.73,5.894,5.636,0.0,-123.83999999999999,6.64,22.01,0.0,0,0.0,0.0,454.86,26.63,44.71,12
WYFI,"WhiteFiber, Inc.",Technology,Information Technology Services,information-technology-services,1372349312,16.59,2.765,2.481,30.599999999999998,87.26,0.0,60.93,1.47,0,0.0,0.0,-46.12,29.020000000000003,-5.12,10
SFST,"Southern First Bancshares, Inc.",Financial Services,Banks - Regional,banks-regional,579034304,4.75,0.0,0.0,26.200000000000003,0.0,14.38,9.93,3.51,0,0.0,83.1,28.7,2.13,8.24,10
ACNB,ACNB Corporation,Financial Services,Banks - Regional,banks-regional,617726528,3.89,0.0,0.0,42.699999999999996,0.0,12.22,11.04,2.23,0,2.79,0.0,32.12,1.52,8.82,10
ABR,"Arbor Realty Trust, Inc.",Real Estate,REIT - Mortgage,reit-mortgage,1036505472,1.95,2.428,2.273,-10.299999999999999,81.73,12.43,8.2,2.16,0,20.3,-98.0,22.43,0.01,6.41,10
WLDN,"Willdan Group, Inc.",Industrials,Engineering & Construction,engineering-construction,1192377984,1.74,1.676,1.572,1.7999999999999998,38.17,21.21,14.89,1.06,0,0.0,71.89999999999999,8.24,7.6,17.24,10
CASH,"Pathward Financial, Inc.",Financial Services,Banks - Regional,banks-regional,1899903104,2.44,0.0,0.0,-3.6999999999999997,0.0,10.71,9.31,2.54,0,0.23,6.7,24.32,12.55,21.66,10
ORN,"Orion Group Holdings, Inc.",Industrials,Engineering & Construction,engineering-construction,602736512,0.68,1.411,1.336,14.7,12.33,67.68,21.27,0.51,0,0.0,0.0,0.98,4.79,1.56,10
OSBC,"Old Second Bancorp, Inc.",Financial Services,Banks - Regional,banks-regional,1194259584,3.68,0.0,0.0,19.2,0.0,13.9,10.07,2.97,0,1.16,11.600000000000001,26.490000000000002,3.5000000000000004,8.96,10
BULLW,Webull Corporation,,,,0,0.0,1.284,1.264,36.3,76.29,0.0,0.0,0.0,0,0.0,0.0,-1.6500000000000001,0.0,2.44,10
BVS,Bioventus Inc.,Healthcare,Medical Devices,medical-devices,798072000,1.38,1.687,1.056,6.6000000000000005,68.69,28.73,12.97,0.4,0,0.0,0.0,4.9399999999999995,4.16,12.35,10
BWB,"Bridgewater Bancshares, Inc.",Financial Services,Banks - Regional,banks-regional,601723072,3.97,0.0,0.0,46.2,0.0,12.26,9.97,2.14,0,0.0,87.1,35.54,1.47,10.23,10
BWBBP,"Bridgewater Bancshares, Inc.",Financial Services,Banks - Regional,banks-regional,0,0.0,0.0,0.0,46.2,0.0,12.99,0.0,0.0,0,7.34,87.1,35.54,0.0,10.23,10
BWFG,"Bankwell Financial Group, Inc.",Financial Services,Banks - Regional,banks-regional,465952640,4.04,0.0,0.0,35.3,0.0,11.71,10.45,2.61,0,1.37,62.1,34.29,3.6799999999999997,11.67,10
PEBO,Peoples Bancorp Inc.,Financial Services,Banks - Regional,banks-regional,1393471488,3.29,0.0,0.0,6.7,0.0,12.43,10.42,3.07,0,4.34,19.1,26.290000000000003,4.38,8.85,10
ACEL,"Accel Entertainment, Inc.",Consumer Cyclical,Gambling,gambling,1009271872,0.74,2.708,2.488,8.5,31.369999999999997,20.67,12.72,0.47,0,0.0,0.0,3.7900000000000005,3.4099999999999997,19.09,10
LTC,"LTC Properties, Inc.",Real Estate,REIT - Healthcare Facilities,reit-healthcare-facilities,1984305024,6.59,18.463,17.209,-19.0,64.18,15.2,23.57,7.84,0,5.8,-54.400000000000006,40.160000000000004,5.13,10.97,10
MIY,"BlackRock MuniYield Michigan Quality Fund, Inc.",Financial Services,Asset Management,asset-management,354673376,13.46,3.106,3.06,3.9,100.0,36.01,0.0,0.0,0,5.33,0.0,37.46,0.26,,10
WABC,Westamerica Bancorporation,Financial Services,Banks - Regional,banks-regional,1393070720,5.49,0.0,0.0,-6.7,0.0,13.21,13.81,5.85,0,3.13,-3.0,44.3,4.4799999999999995,12.44,10
FMAO,"Farmers & Merchants Bancorp, Inc.",Financial Services,Banks - Regional,banks-regional,424610912,3.43,0.0,0.0,16.5,0.0,11.77,10.23,2.86,0,2.99,37.3,28.99,1.04,8.98,10
FCF,First Commonwealth Financial Corporation,Financial Services,Banks - Regional,banks-regional,2083514496,4.2,0.0,0.0,9.1,0.0,13.48,10.44,3.82,0,2.74,14.899999999999999,31.7,3.5000000000000004,9.8,10
FRBA,First Bank,Financial Services,Banks - Regional,banks-regional,439127392,3.29,0.0,0.0,-5.2,0.0,10.49,9.72,3.46,0,1.7,-18.9,31.369999999999997,0.91,9.84,10
FRBT,"Forbright, Inc.",Financial Services,Banks - Diversified,banks-diversified,0,0.0,0.0,0.0,7.5,0.0,14.31,8.08,0.0,0,0.0,0.0,28.09,0.12,10.69,10
FSBC,Five Star Bancorp,Financial Services,Banks - Regional,banks-regional,1047003904,6.64,0.0,0.0,26.900000000000002,0.0,15.55,12.37,4.85,0,2.06,40.699999999999996,42.55,3.2399999999999998,13.82,10
ESRT,"Empire State Realty Trust, Inc.",Real Estate,REIT - Diversified,reit-diversified,1738900224,2.24,1.67,1.513,4.9,52.49,27.05,94.67,1.01,0,2.46,-86.8,5.1,8.559999999999999,4.49,10
ETD,Ethan Allen Interiors Inc.,Consumer Cyclical,"Furnishings, Fixtures & Appliances",furnishings-fixtures-appliances,540734720,0.91,1.939,0.751,-4.8,60.4,13.45,14.66,0.96,0,7.19,-37.8,6.81,12.17,10.7,10
ZUMZ,Zumiez Inc.,Consumer Cyclical,Apparel Retail,apparel-retail,299144384,0.32,1.947,0.878,4.9,36.15,23.64,11.82,0.19,0,0.0,0.0,1.54,9.04,4.13,10
WASH,"Washington Trust Bancorp, Inc.",Financial Services,Banks - Regional,banks-regional,687695872,3.19,0.0,0.0,-7.000000000000001,0.0,13.16,10.6,3.41,0,6.29,4.8,24.4,5.58,9.61,10
EYE,"National Vision Holdings, Inc.",Consumer Cyclical,Specialty Retail,specialty-retail,1599929728,0.79,0.623,0.268,6.6000000000000005,58.76,35.04,16.88,0.3,0,0.0,111.20000000000002,2.3,23.599999999999998,3.4,10
FWRG,"First Watch Restaurant Group, Inc.",Consumer Cyclical,Restaurants,restaurants,797068352,0.63,0.291,0.167,17.299999999999997,20.66,46.18,48.05,0.41,0,0.0,0.0,1.38,8.959999999999999,3.1,10
GABC,"German American Bancorp, Inc.",Financial Services,Banks - Regional,banks-regional,1783553664,4.82,0.0,0.0,42.3,0.0,13.04,11.91,2.78,0,2.52,193.3,36.559999999999995,3.17,9.69,10
FMBH,"First Mid Bancshares, Inc.",Financial Services,Banks - Regional,banks-regional,1295124608,3.69,0.0,0.0,14.499999999999998,0.0,12.32,9.94,3.15,0,2.06,14.099999999999998,27.3,1.31,9.57,10
OCFC,OceanFirst Financial Corp.,Financial Services,Banks - Regional,banks-regional,1655008640,4.17,0.0,0.0,8.5,0.0,16.14,8.12,3.82,0,4.2,2.7,17.64,3.8899999999999997,4.27,10
PHR,"Phreesia, Inc.",Healthcare,Health Information Services,health-information-services,686112000,1.38,1.757,1.433,12.9,67.84,69.38,6.91,0.39,0,0.0,0.0,1.8499999999999999,6.950000000000001,0.68,10
PKOH,Park-Ohio Holdings Corp.,Industrials,Specialty Industrial Machinery,specialty-industrial-machinery,534892000,0.33,2.404,1.043,3.8,17.080000000000002,21.23,10.83,0.26,0,1.38,-3.8,1.46,1.0999999999999999,6.25,10
PLAB,"Photronics, Inc.",Technology,Semiconductor Equipment & Materials,semiconductor-equipment-materials,1721740032,2.0,5.049,4.499,-0.5,33.77,10.77,14.46,2.01,0,0.0,270.5,18.47,9.22,11.62,10
PLBC,Plumas Bancorp,Financial Services,Banks - Regional,banks-regional,412443968,4.19,0.0,0.0,32.4,0.0,12.51,10.26,2.83,0,2.24,15.0,32.72,1.1900000000000002,11.34,10
PLPC,Preformed Line Products Company,Industrials,Electrical Equipment & Parts,electrical-equipment-parts,1797713024,2.58,3.005,1.618,18.7,30.86,52.77,0.0,1.45,0,0.23,-8.200000000000001,4.92,11.59,7.42,10
PDLB,"Ponce Financial Group, Inc.",Financial Services,Banks - Regional,banks-regional,487869952,4.47,0.0,0.0,15.1,0.0,15.4,11.4,3.79,0,0.0,44.0,28.73,1.3,9.07,10
BSVN,Bank7 Corp.,Financial Services,Banks - Regional,banks-regional,485295744,4.89,0.0,0.0,15.8,0.0,10.99,11.2,4.12,0,2.17,15.7,45.08,1.3,17.16,10
CAC,Camden National Corporation,Financial Services,Banks - Regional,banks-regional,927939328,3.76,0.0,0.0,26.0,0.0,11.67,9.45,2.78,0,3.08,200.0,32.32,3.9800000000000004,9.35,10
CAPL,CrossAmerica Partners LP,Energy,Oil & Gas Refining & Marketing,oil-gas-refining-marketing,857709376,0.26,0.746,0.243,-2.0,12.33,15.19,26.45,0.26,0,9.33,0.0,1.79,0.29,-38.22,10
CARS,Cars.com Inc.,Communication Services,Internet Content & Information,internet-content-information,637574016,0.88,1.871,1.713,0.7000000000000001,66.62,26.52,4.54,0.29,0,0.0,0.0,3.73,15.53,4.24,10
WRLD,World Acceptance Corporation,Financial Services,Credit Services,credit-services,935535552,1.6,14.61,14.22,7.3,67.75,29.3,14.28,0.48,0,0.0,-5.4,5.91,289.62,9.85,10
FPI,Farmland Partners Inc.,Real Estate,REIT - Specialty,reit-specialty,422366400,8.18,1.929,0.605,-1.7000000000000002,81.37,16.14,47.6,8.32,0,3.71,-66.3,58.41,7.3,6.87,10
FRA,"BlackRock Floating Rate Income Strategies Fund, Inc.",Financial Services,Asset Management,asset-management,385884544,8.83,0.327,0.32,0.0,100.0,15.56,0.0,0.0,0,13.61,0.0,55.85,0.43,5.7,10
GENI,Genius Sports Limited,Communication Services,Internet Content & Information,internet-content-information,1769783936,2.48,1.596,1.355,30.5,22.7,0.0,6.82,1.33,0,0.0,0.0,-22.259999999999998,9.47,-15.4,10
GERN,Geron Corporation,Healthcare,Biotechnology,biotechnology,923790208,4.71,6.776,4.846,30.9,60.97,0.0,22.15,1.27,0,0.0,0.0,-34.32,11.68,-36.97,10
FSUN,FirstSun Capital Bancorp,Financial Services,Banks - Regional,banks-regional,1811047296,4.48,0.0,0.0,10.100000000000001,0.0,11.4,8.23,4.03,0,0.0,-8.4,23.75,2.79,8.49,10
FTHY,First Trust High Yield Opportunities 2027 Term Fund,Financial Services,Asset Management,asset-management,496435328,0.0,0.0,0.0,0.0,0.0,13.11,0.0,0.0,0,11.04,0.0,0.0,0.25,8.23,10
FISI,"Financial Institutions, Inc.",Financial Services,Banks - Regional,banks-regional,766193472,3.2,0.0,0.0,11.3,0.0,10.14,9.29,2.84,0,3.23,28.4,32.98,2.8899999999999997,12.24,10
FIVN,"Five9, Inc.",Technology,Software - Infrastructure,software-infrastructure,1845192064,1.57,4.512,3.888,9.2,55.46,37.08,6.38,0.64,0,0.0,2669.0,4.87,10.23,5.02,10
FLO,"Flowers Foods, Inc.",Consumer Defensive,Packaged Foods,packaged-foods,1825261696,0.35,0.771,0.416,6.800000000000001,48.72,24.6,10.39,0.17,0,5.79,0.0,1.38,21.43,6.43,10
DV,"DoubleVerify Holdings, Inc.",Communication Services,Advertising Agencies,advertising-agencies,1790927104,2.34,4.771,4.189,9.6,82.24000000000001,35.36,9.5,0.38,0,0.0,298.7,7.16,8.5,4.48,10
ECCC,Eagle Point Credit Company,Financial Services,Asset Management,asset-management,0,0.0,3.896,3.455,-19.1,100.0,13.68,0.0,0.0,0,6.5,0.0,-83.95,0.0,-17.9,10
GBAB,Guggenheim Taxable Municipal Bond & Investment Grade Debt Trust,Financial Services,Asset Management,asset-management,396692960,0.0,0.0,0.0,0.0,0.0,14.47,0.0,0.0,0,10.53,0.0,0.0,0.0,5.4,10
ODC,Oil-Dri Corporation of America,Basic Materials,Specialty Chemicals,specialty-chemicals,1444486912,2.95,3.277,2.315,9.4,27.839999999999996,26.1,0.0,1.93,0,0.81,25.3,11.35,3.45,,10
CCNE,CNB Financial Corporation,Financial Services,Banks - Regional,banks-regional,999682944,3.33,0.0,0.0,48.6,0.0,11.76,8.84,1.71,0,2.2,76.9,27.200000000000003,1.91,8.12,10
NRP,Natural Resource Partners L.P.,Energy,Thermal Coal,thermal-coal,1296817920,6.69,2.089,2.039,-15.299999999999999,88.03999999999999,11.5,32.62,7.71,0,3.03,-51.5,58.51,4.18,21.56,10
BWMN,Bowman Consulting Group Ltd.,Industrials,Engineering & Construction,engineering-construction,515427712,1.02,0.933,0.855,12.0,53.49,47.48,12.41,0.42,0,0.0,0.0,2.16,5.28,4.92,10
OBK,"Origin Bancorp, Inc.",Financial Services,Banks - Regional,banks-regional,1589397504,4.54,0.0,0.0,9.3,0.0,19.93,12.06,4.11,0,1.95,25.4,22.97,1.81,6.03,10
OBT,"Orange County Bancorp, Inc.",Financial Services,Banks - Regional,banks-regional,505209824,4.07,0.0,0.0,17.0,0.0,11.05,9.83,3.38,0,1.78,10.0,35.589999999999996,0.72,14.63,10
FNLC,"The First Bancorp, Inc.",Financial Services,Banks - Regional,banks-regional,396793920,4.13,0.0,0.0,14.499999999999998,0.0,10.86,0.0,3.53,0,4.34,27.0,37.830000000000005,0.8,12.15,10
LGIH,"LGI Homes, Inc.",Consumer Cyclical,Residential Construction,residential-construction,1387780224,0.83,35.322,1.025,-9.0,20.48,19.65,15.01,0.9,0,0.0,-47.099999999999994,4.22,21.62,3.46,10
SHOE,Shoe Station Group Inc.,Consumer Cyclical,Apparel Retail,apparel-retail,400481792,0.35,4.022,0.959,-2.5,36.29,10.93,8.0,0.36,0,4.24,0.0,3.3099999999999996,17.71,7.58,10
SIGA,"SIGA Technologies, Inc.",Healthcare,Drug Manufacturers - Specialty & Generic,drug-manufacturers-specialty-generic,268965376,2.87,3.246,2.303,-11.3,43.56,13.39,3.57,3.19,0,0.0,0.0,21.58,7.35,11.71,10
LZB,La-Z-Boy Incorporated,Consumer Cyclical,"Furnishings, Fixtures & Appliances",furnishings-fixtures-appliances,1571956736,0.74,1.8,1.104,-0.1,44.46,15.95,11.93,0.74,0,2.43,133.1,4.8,5.800000000000001,9.71,10
CNMD,CONMED Corporation,Healthcare,Medical Devices,medical-devices,1057133824,0.77,2.291,0.901,-1.3,54.2,19.84,7.37,0.78,0,2.36,136.8,4.0,8.49,4.55,10
SLVM,Sylvamo Corporation,Basic Materials,Paper & Paper Products,paper-paper-products,1554080256,0.47,1.447,0.662,-8.0,21.34,15.58,7.01,0.51,0,4.67,0.0,3.1,7.580000000000001,13.66,10
SMBC,"Southern Missouri Bancorp, Inc.",Financial Services,Banks - Regional,banks-regional,843356736,4.54,0.0,0.0,6.5,0.0,12.82,11.34,4.25,0,1.31,15.2,36.26,1.8499999999999999,10.75,10
SMBK,"SmartFinancial, Inc.",Financial Services,Banks - Regional,banks-regional,804996096,4.1,0.0,0.0,8.3,0.0,15.09,11.22,3.76,0,0.7,20.9,26.85,1.38,9.11,10
SHBI,"Shore Bancshares, Inc.",Financial Services,Banks - Regional,banks-regional,765471680,3.41,0.0,0.0,14.799999999999999,0.0,12.17,10.28,2.91,0,2.43,24.4,28.000000000000004,2.68,10.09,10
CIVB,"Civista Bancshares, Inc.",Financial Services,Banks - Regional,banks-regional,580478912,3.26,0.0,0.0,22.6,0.0,10.34,9.63,2.52,0,2.53,9.700000000000001,28.67,1.34,8.5,10
CLB,Core Laboratories Inc.,Energy,Oil & Gas Equipment & Services,oil-gas-equipment-services,511212192,0.97,2.047,1.318,-1.4000000000000001,19.919999999999998,18.18,15.96,0.99,0,0.35,0.0,5.53,28.599999999999998,11.15,10
GBX,"The Greenbrier Companies, Inc.",Industrials,Railroads,railroads,1495315072,0.57,3.676,1.449,-31.6,15.120000000000001,14.3,12.39,0.75,0,2.86,-67.7,4.07,13.18,13.32,10
GCBC,"Greene County Bancorp, Inc.",Financial Services,Banks - Regional,banks-regional,587379200,6.8,0.0,0.0,23.400000000000002,0.0,15.07,0.0,5.21,0,1.15,31.5,45.14,1.02,13.04,10
ALG,Alamo Group Inc.,Industrials,Farm & Heavy Construction Machinery,farm-heavy-construction-machinery,2075554304,1.27,4.317,2.38,6.7,24.529999999999998,20.4,14.18,0.9,0,0.78,-8.7,6.21,5.65,9.04,10
ALLT,Allot Ltd.,Technology,Software - Infrastructure,software-infrastructure,419760192,3.99,2.387,2.073,14.099999999999998,71.48,66.0,23.94,0.98,0,0.0,0.0,5.680000000000001,4.08,3.27,10
VGM,Invesco Trust for Investment Grade Municipals,Financial Services,Asset Management,asset-management,575943488,13.31,0.672,0.672,3.8,100.0,34.26,0.0,0.0,0,7.33,940.7,39.37,0.37,2.96,10
USCB,"USCB Financial Holdings, Inc.",Financial Services,Banks - Regional,banks-regional,372583552,4.09,0.0,0.0,14.7,0.0,13.78,9.28,3.49,0,2.45,34.2,30.48,1.39,12.02,10
FVRR,Fiverr International Ltd.,Communication Services,Internet Content & Information,internet-content-information,399772096,0.93,1.845,1.193,-1.6,81.85,14.44,5.31,0.95,0,0.0,1050.0,6.7,10.93,5.09,10
VKI,Invesco Advantage Municipal Income Trust II,Financial Services,Asset Management,asset-management,422919104,13.33,1.177,1.177,0.2,100.0,38.08,0.0,0.0,0,7.03,944.2,34.839999999999996,0.25,2.72,10
VKQ,Invesco Municipal Trust,Financial Services,Asset Management,asset-management,556675264,12.71,1.028,1.028,2.7,100.0,33.53,0.0,0.0,0,7.48,933.0,38.93,0.61,3.0,10
LEO,"BNY Mellon Strategic Municipals, Inc.",Financial Services,Asset Management,asset-management,402398944,13.36,0.119,0.119,1.0,100.0,32.3,0.0,0.0,0,5.56,0.0,42.03,0.1,-3.09,10
MBWM,Mercantile Bank Corporation,Financial Services,Banks - Regional,banks-regional,1000704576,3.96,0.0,0.0,25.8,0.0,10.38,9.81,2.94,0,2.7,9.1,36.370000000000005,2.13,12.24,10
BBSI,"Barrett Business Services, Inc.",Industrials,Staffing & Employment Services,staffing-employment-services,923688384,0.74,1.158,0.83,4.9,20.84,24.58,17.49,0.55,0,0.84,0.0,3.2399999999999998,2.7199999999999998,22.59,10
BCAL,California BanCorp,Financial Services,Banks - Regional,banks-regional,672566464,3.64,0.0,0.0,-8.200000000000001,0.0,11.43,11.26,3.93,0,1.92,-19.2,32.43,2.79,10.94,10
BCML,BayCom Corp,Financial Services,Banks - Regional,banks-regional,363934816,3.63,0.0,0.0,15.8,0.0,13.84,11.82,3.06,0,3.57,47.0,26.35,1.2,7.07,10
BCSF,"Bain Capital Specialty Finance, Inc.",Financial Services,Asset Management,asset-management,816045824,2.99,2.387,1.865,-1.0,100.0,11.04,8.48,3.02,0,13.29,-88.2,27.0,2.4699999999999998,8.84,10
SBR,Sabine Royalty Trust,Energy,Oil & Gas Midstream,oil-gas-midstream,1062251072,14.69,22.323,22.323,-26.900000000000002,100.0,15.54,0.0,18.65,0,6.7,-28.1,94.53,0.11,1072.55,10
RRBI,"Red River Bancshares, Inc.",Financial Services,Banks - Regional,banks-regional,639110592,5.07,0.0,0.0,9.4,0.0,14.62,12.74,4.6,0,0.84,19.1,35.23,2.55,11.71,10
RSVR,"Reservoir Media, Inc.",Communication Services,Entertainment,entertainment,662750272,3.77,1.412,1.019,14.7,64.71000000000001,77.46,13.25,1.14,0,0.0,67.9,4.73,3.34,2.2,10
MOV,"Movado Group, Inc.",Consumer Cyclical,Luxury Goods,luxury-goods,839522560,1.23,4.563,2.763,8.1,54.82,26.79,20.64,0.51,0,4.25,400.0,4.7,5.34,5.22,10
MPB,"Mid Penn Bancorp, Inc.",Financial Services,Banks - Regional,banks-regional,895943680,3.73,0.0,0.0,33.300000000000004,0.0,16.07,9.64,2.49,0,2.44,-49.3,21.32,2.76,6.91,10
MQY,"BlackRock MuniYield Quality Fund, Inc.",Financial Services,Asset Management,asset-management,834706624,11.96,0.102,0.098,7.1,100.0,37.48,0.0,0.0,0,5.99,0.0,31.61,0.22,,10
KWY,Kingsway Corporation,Financial Services,Asset Management,asset-management,299997792,2.02,0.919,0.723,38.5,79.0,0.0,0.0,0.26,0,0.0,0.0,-6.7299999999999995,7.79,-70.74,10
DFIN,"Donnelley Financial Solutions, Inc.",Technology,Software - Application,software-application,1155434880,1.5,1.407,1.228,2.1999999999999997,63.53,33.76,8.79,0.53,0,0.0,21.0,4.52,4.83,8.54,10
GSBC,"Great Southern Bancorp, Inc.",Financial Services,Banks - Regional,banks-regional,854353920,3.73,0.0,0.0,0.0,0.0,12.45,13.87,3.73,0,2.18,7.5,31.1,5.21,11.16,10
GSBD,"Goldman Sachs BDC, Inc.",Financial Services,Asset Management,asset-management,1033384064,2.97,0.143,0.143,-18.7,100.0,14.34,8.39,3.53,0,10.33,0.0,21.32,6.43,8.38,10
GIII,"G-III Apparel Group, Ltd.",Consumer Cyclical,Apparel Manufacturing,apparel-manufacturing,1417603200,0.49,3.177,1.818,-8.200000000000001,43.49,11.83,13.6,0.53,0,1.19,782.4,4.34,25.590000000000003,3.83,10
CASS,"Cass Information Systems, Inc.",Industrials,Specialty Business Services,specialty-business-services,672517504,3.22,1.021,0.853,3.2,47.589999999999996,22.33,15.14,1.63,0,2.43,1.0,16.73,2.67,14.45,10
CBAN,"Colony Bankcorp, Inc.",Financial Services,Banks - Regional,banks-regional,432032416,3.15,0.0,0.0,33.900000000000006,0.0,12.76,8.17,2.08,0,2.32,2.4,21.73,1.82,7.52,10
BSRR,Sierra Bancorp,Financial Services,Banks - Regional,banks-regional,534415456,3.49,0.0,0.0,11.200000000000001,0.0,11.95,10.54,3.1,0,2.53,47.699999999999996,29.89,2.91,11.6,10
PFBC,Preferred Bank,Financial Services,Banks - Regional,banks-regional,1273364608,4.49,0.0,0.0,3.3000000000000003,0.0,10.06,9.56,4.34,0,2.98,13.5,47.55,10.69,16.93,10
PFIS,Peoples Financial Services Corp.,Financial Services,Banks - Regional,banks-regional,674933568,3.55,0.0,0.0,6.1,0.0,11.54,9.24,3.33,0,3.69,-1.3,30.95,1.68,11.39,10
PGC,Peapack-Gladstone Financial Corporation,Financial Services,Banks - Regional,banks-regional,847647232,3.1,0.0,0.0,25.5,0.0,19.37,9.84,2.31,0,0.42,86.0,16.02,3.6700000000000004,5.67,10
VALU,"Value Line, Inc.",Financial Services,Financial Data & Stock Exchanges,financial-data-stock-exchanges,354133536,10.47,4.073,4.005,-7.7,82.15,16.55,0.0,11.28,0,3.49,14.799999999999999,65.05,1.44,20.75,10
HBT,"HBT Financial, Inc.",Financial Services,Banks - Regional,banks-regional,1184931712,4.86,0.0,0.0,17.5,0.0,14.94,10.59,4.01,0,2.86,-43.7,28.34,1.39,12.51,10
HCSG,"Healthcare Services Group, Inc.",Healthcare,Medical Care Facilities,medical-care-facilities,1690045312,0.91,3.109,2.696,3.4000000000000004,13.350000000000001,25.92,21.3,0.76,0,0.0,60.9,3.66,3.9800000000000004,11.58,10
HFWA,Heritage Financial Corporation,Financial Services,Banks - Regional,banks-regional,1228732928,4.63,0.0,0.0,37.2,0.0,14.61,10.67,2.91,0,3.23,20.0,27.32,7.1499999999999995,7.33,10
HIFS,Hingham Institution for Savings,Financial Services,Banks - Regional,banks-regional,664426432,6.81,0.0,0.0,-30.5,0.0,13.19,0.0,8.89,0,0.8,-60.199999999999996,51.559999999999995,14.6,11.37,10
HLLY,Holley Inc.,Consumer Cyclical,Auto Parts,auto-parts,285276512,0.47,3.169,0.919,-3.6999999999999997,43.25,11.85,6.08,0.49,0,0.0,200.0,3.88,3.2099999999999995,4.27,10
GOOD,Gladstone Commercial Corporation,Real Estate,REIT - Diversified,reit-diversified,621062784,3.75,1.915,1.467,11.799999999999999,78.53999999999999,70.67,77.09,0.71,0,9.51,84.39999999999999,12.740000000000002,6.58,11.23,10
GOOS,Canada Goose Holdings Inc.,Consumer Cyclical,Apparel Manufacturing,apparel-manufacturing,944224512,0.62,2.628,1.456,17.9,69.72,60.75,11.48,0.15,0,0.0,3.0,1.47,8.68,3.7,10
DGICA,Donegal Group Inc.,Financial Services,Insurance - Property & Casualty,insurance-property-casualty,706535936,0.73,0.498,0.151,-3.6999999999999997,8.52,10.71,10.17,0.76,0,4.0,-56.2,6.78,3.9800000000000004,12.39,10
DGICB,Donegal Group Inc.,Financial Services,Insurance - Property & Casualty,insurance-property-casualty,889190528,0.92,0.498,0.151,-3.6999999999999997,8.52,13.48,0.0,0.95,0,2.97,-56.2,6.78,0.83,12.39,10
DIN,"Dine Brands Global, Inc.",Consumer Cyclical,Restaurants,restaurants,452226496,0.51,0.886,0.605,4.8,40.06,31.0,6.93,0.29,0,2.96,8.9,1.83,20.57,-6.24,10
DCOM,"Dime Commercial Bancshares, Inc.",Financial Services,Banks - Regional,banks-regional,1772480128,4.15,0.0,0.0,18.099999999999998,0.0,15.11,9.24,3.4,0,2.48,65.9,28.999999999999996,9.969999999999999,8.14,10
CCBG,"Capital City Bank Group, Inc.",Financial Services,Banks - Regional,banks-regional,846861760,3.39,0.0,0.0,2.1999999999999997,0.0,14.03,13.63,3.31,0,2.18,-7.1,24.2,3.0,11.13,10
CCEC,Capital Clean Energy Carriers Corp.,Industrials,Marine Shipping,marine-shipping,1321293440,3.4,1.395,1.344,-3.9,77.66,13.48,7.74,3.53,0,2.72,-73.1,28.84,0.27,11.39,10
PTA,Cohen & Steers Tax-Advantaged Preferred Securities and Income Fund,Financial Services,Asset Management,asset-management,1070646912,0.0,0.0,0.0,0.0,0.0,11.88,0.0,0.0,0,8.32,0.0,0.0,0.16999999999999998,7.65,10
PTLO,Portillo's Inc.,Consumer Cyclical,Restaurants,restaurants,341638112,0.46,0.26,0.186,3.5000000000000004,21.21,22.48,17.81,0.35,0,0.0,0.0,2.12,16.78,4.14,10
PMM,Putnam Managed Municipal Income Trust,Financial Services,Asset Management,asset-management,280130400,14.19,1.987,1.963,0.0,100.0,11.89,0.0,0.0,0,6.07,0.0,36.69,0.05,4.21,10
PPT,Putnam Premier Income Trust,Financial Services,Asset Management,asset-management,330663680,15.8,0.336,0.282,-19.1,100.0,11.16,0.0,18.82,0,9.02,59.199999999999996,141.57,0.05,6.88,10
PRA,ProAssurance Corporation,Financial Services,Insurance - Property & Casualty,insurance-property-casualty,1290193152,1.18,2.064,1.231,-4.9,28.78,19.84,20.0,1.24,0,0.0,0.0,5.949999999999999,22.15,3.77,10
NTST,NETSTREIT Corp.,Real Estate,REIT - Retail,reit-retail,2097033856,10.17,0.444,0.205,24.3,90.34,178.92,52.37,0.74,0,4.06,177.0,5.29,39.32,0.48,10
NVGS,Navigator Holdings Ltd.,Energy,Oil & Gas Midstream,oil-gas-midstream,1225796608,2.13,1.158,0.837,-7.1,53.82,12.26,11.41,2.28,0,1.46,38.6,18.84,4.04,8.16,10
NWFL,Norwood Financial Corp.,Financial Services,Banks - Regional,banks-regional,348992416,3.77,0.0,0.0,33.4,0.0,11.78,8.7,2.51,0,3.96,-44.7,27.76,0.9299999999999999,11.46,10
GLOB,Globant S.A.,Technology,Information Technology Services,information-technology-services,1336407296,0.55,1.818,1.806,-0.7000000000000001,34.910000000000004,12.58,4.68,0.55,0,0.0,25.0,4.46,19.82,4.92,10
UVSP,Univest Financial Corporation,Financial Services,Banks - Regional,banks-regional,1231062912,3.8,0.0,0.0,12.1,0.0,13.32,11.75,3.34,0,2.08,24.7,29.5,2.34,9.62,10
UVV,Universal Corporation,Consumer Defensive,Tobacco,tobacco,1280682240,0.44,3.494,1.131,1.7999999999999998,18.060000000000002,39.52,11.73,0.35,0,6.43,0.0,1.1199999999999999,8.42,2.31,10
LKFN,Lakeland Financial Corporation,Financial Services,Banks - Regional,banks-regional,1537666560,5.74,0.0,0.0,18.8,0.0,14.45,13.64,4.66,0,3.33,33.300000000000004,40.97,9.73,13.56,10
LMB,"Limbach Holdings, Inc.",Industrials,Building Products & Equipment,building-products-equipment,952612480,1.46,1.706,1.626,4.3,25.1,29.16,15.69,1.05,0,0.0,-57.599999999999994,5.09,9.049999999999999,19.97,10
LOB,"Live Oak Bancshares, Inc.",Financial Services,Banks - Regional,banks-regional,1933767936,3.78,0.0,0.0,33.5,0.0,15.95,10.12,2.51,0,0.29,185.7,24.64,7.01,9.18,10
CFFN,"Capitol Federal Financial, Inc.",Financial Services,Banks - Regional,banks-regional,1052362432,4.87,0.0,0.0,13.4,0.0,14.1,11.75,4.21,0,4.03,34.300000000000004,35.9,6.7299999999999995,6.49,10
MFA,"MFA Financial, Inc.",Real Estate,REIT - Mortgage,reit-mortgage,952535744,3.31,33.513,32.832,-46.5,87.47,10.6,6.32,4.84,0,15.19,0.0,46.72,3.4299999999999997,9.67,10
MG,"Mistras Group, Inc.",Industrials,Security & Protection Services,security-protection-services,534520192,0.73,1.805,1.51,4.6,31.55,24.0,13.49,0.48,0,0.0,0.0,3.06,5.4399999999999995,7.16,10
RYZ,Ryerson Holding Corporation,Industrials,Metal Fabrication,metal-fabrication,1341842432,0.27,2.212,0.932,37.9,17.32,0.0,11.03,0.14,0,3.12,0.0,-0.9299999999999999,3.47,-7.49,10
BJRI,"BJ's Restaurants, Inc.",Consumer Cyclical,Restaurants,restaurants,1243991680,0.88,0.312,0.193,2.9000000000000004,15.459999999999999,29.74,22.68,0.72,0,0.0,-29.299999999999997,3.15,10.12,13.33,10
KFRC,Kforce Inc.,Industrials,Staffing & Employment Services,staffing-employment-services,900159360,0.68,1.788,1.716,0.1,27.32,25.62,17.21,0.49,0,3.1,2.6,2.6,10.26,27.95,10
KMDA,Kamada Ltd.,Healthcare,Drug Manufacturers - Specialty & Generic,drug-manufacturers-specialty-generic,432130080,2.38,3.333,1.904,2.8000000000000003,41.160000000000004,21.4,12.21,1.36,0,3.33,0.0,11.21,0.36,7.51,10
HAFC,Hanmi Financial Corporation,Financial Services,Banks - Regional,banks-regional,966813824,3.66,0.0,0.0,14.6,0.0,12.12,9.48,3.12,0,3.45,29.299999999999997,30.620000000000005,3.94,9.55,10
HBCP,"Home Bancorp, Inc.",Financial Services,Banks - Regional,banks-regional,542631680,3.6,0.0,0.0,5.5,0.0,11.63,11.05,3.41,0,1.76,5.800000000000001,30.85,1.82,10.59,10
UHT,Universal Health Realty Income Trust,Real Estate,REIT - Healthcare Facilities,reit-healthcare-facilities,610110080,6.04,8.39,8.39,0.3,94.42,34.35,0.0,0.34,0,6.55,5.8999999999999995,17.68,5.08,11.56,10
HSTM,"HealthStream, Inc.",Healthcare,Health Information Services,health-information-services,849285504,2.72,0.974,0.805,10.5,64.89,43.39,33.61,0.86,0,0.47,42.9,6.39,4.859999999999999,5.18,10
DBI,Designer Brands Inc.,Consumer Cyclical,Footwear & Accessories,footwear-accessories,283336096,0.1,1.266,0.212,1.4000000000000001,44.15,25.36,9.58,0.05,0,3.62,0.0,0.36,36.11,-2.96,10
ALTO,"Alto Ingredients, Inc.",Basic Materials,Specialty Chemicals,specialty-chemicals,443220192,0.48,3.807,2.198,-0.8,5.0200000000000005,15.46,9.38,0.49,0,0.0,0.0,3.2,3.0700000000000003,5.44,10
AMAL,Amalgamated Financial Corp.,Financial Services,Banks - Regional,banks-regional,1385247616,4.38,0.0,0.0,4.7,0.0,13.48,10.26,4.18,0,1.35,3.6999999999999997,33.12,5.58,13.15,10
AMCX,AMC Global Media Inc.,Communication Services,Entertainment,entertainment,445427008,0.19,1.755,1.623,-2.4,49.66,11.39,6.83,0.2,0,0.0,0.0,2.2800000000000002,21.19,9.11,10
TSBK,"Timberland Bancorp, Inc.",Financial Services,Banks - Regional,banks-regional,344273376,4.07,0.0,0.0,4.3999999999999995,0.0,11.25,0.0,3.89,0,2.51,5.8999999999999995,36.52,0.96,11.1,10
TSLX,"Sixth Street Specialty Lending, Inc.",Financial Services,Asset Management,asset-management,1634337152,3.84,3.387,1.515,-19.7,100.0,14.96,9.46,4.59,0,9.72,0.0,25.240000000000002,8.01,10.61,10
CSWC,Capital Southwest Corporation,Financial Services,Asset Management,asset-management,1477706496,6.37,47.848,47.098,-4.0,100.0,12.52,10.72,6.62,0,10.79,28.7,48.68,6.660000000000001,11.18,10
NOMD,unknown,Consumer Defensive,Packaged Foods,packaged-foods,1597813120,0.53,1.064,0.651,-5.8999999999999995,26.939999999999998,11.21,6.16,0.57,0,5.95,-4.8,4.45,2.04,5.48,10
CCS,"Century Communities, Inc.",Real Estate,Real Estate - Development,real-estate-development,1927255808,0.48,5.725,0.189,-12.6,17.86,15.09,16.34,0.54,0,1.74,-33.6,3.3099999999999996,9.29,5.69,10
QCRH,"QCR Holdings, Inc.",Financial Services,Banks - Regional,banks-regional,1607888384,4.38,0.0,0.0,21.099999999999998,0.0,12.25,11.21,3.46,0,0.41,30.9,36.75,2.12,11.44,10
QUAD,"Quad/Graphics, Inc.",Industrials,Specialty Business Services,specialty-business-services,421756928,0.18,0.943,0.568,-7.7,21.790000000000003,14.1,5.96,0.19,0,4.78,18.2,1.16,3.95,21.0,10
RBB,RBB Bancorp,Financial Services,Banks - Regional,banks-regional,462011040,3.64,0.0,0.0,61.0,0.0,11.56,10.87,1.42,0,2.36,410.9,32.29,1.55,6.1,10
RBBN,Ribbon Communications Inc.,Technology,Software - Application,software-application,389267360,0.47,1.367,0.909,-10.299999999999999,51.77,13.0,11.33,0.52,0,0.0,0.0,3.8,4.12,8.83,10
RBCAA,"Republic Bancorp, Inc.",Financial Services,Banks - Regional,banks-regional,1786978944,4.8,0.0,0.0,-11.3,0.0,14.06,13.76,5.34,0,2.16,-10.100000000000001,33.989999999999995,2.65,11.91,10
PRLB,"Proto Labs, Inc.",Industrials,Metal Fabrication,metal-fabrication,1835472512,3.36,3.515,3.153,10.4,44.86,72.77,34.94,1.66,0,0.0,121.30000000000001,4.71,4.05,3.15,10
CBK,"Commercial Bancgroup, Inc.",Financial Services,Banks - Regional,banks-regional,458033440,5.03,0.0,0.0,5.3,0.0,12.03,10.61,4.76,0,0.6,-2.8000000000000003,41.77,2.17,13.04,10
CBNK,"Capital Bancorp, Inc.",Financial Services,Banks - Regional,banks-regional,577900160,2.48,0.0,0.0,5.7,0.0,10.69,9.49,2.34,0,1.35,-11.0,23.69,5.66,14.23,10
GTY,Getty Realty Corp.,Real Estate,REIT - Retail,reit-retail,2055878912,9.05,1.669,1.36,5.4,96.14,22.22,17.29,0.33,0,5.65,33.300000000000004,40.06,20.5,7.39,10
CNOB,"ConnectOne Bancorp, Inc.",Financial Services,Banks - Regional,banks-regional,1645439616,4.35,0.0,0.0,65.5,0.0,17.59,8.96,1.5,0,2.4,47.5,25.900000000000002,3.38,5.5,10
CNXN,"PC Connection, Inc.",Technology,Electronics & Computer Distribution,electronics-computer-distribution,1853610112,0.64,2.705,2.248,3.0,18.83,21.42,17.35,0.5,0,1.1,33.300000000000004,3.02,4.24,9.2,10
COSO,"CoastalSouth Bancshares, Inc.",Financial Services,Banks - Regional,banks-regional,323903840,3.95,0.0,0.0,18.4,0.0,12.1,10.03,3.22,0,0.75,8.5,31.879999999999995,1.06,9.59,10
LEGH,Legacy Housing Corporation,Consumer Cyclical,Residential Construction,residential-construction,617370304,3.78,3.592,1.177,-3.6999999999999997,47.949999999999996,14.67,12.22,3.92,0,0.0,12.0,26.009999999999998,8.73,7.91,10
RLGT,"Radiant Logistics, Inc.",Industrials,Integrated Freight & Logistics,integrated-freight-logistics,450052288,0.5,1.589,1.522,0.1,17.02,29.12,17.8,0.42,0,0.0,99.5,1.81,1.55,7.65,10
RMR,The RMR Group Inc.,Real Estate,Real Estate Services,real-estate-services,342551360,1.56,1.734,1.613,-0.8999999999999999,97.39,16.56,25.69,1.58,0,8.78,-76.2,9.49,8.18,7.73,10
RNP,"Cohen & Steers REIT and Preferred Income Fund, Inc.",Financial Services,Asset Management,asset-management,986881600,14.02,0.035,0.027,-0.2,100.0,17.13,0.0,14.04,0,7.9,-82.1,81.39999999999999,0.0,5.79,10
REAX,The Real Brokerage Inc.,Real Estate,Real Estate Services,real-estate-services,472143584,0.23,1.497,1.063,31.5,8.36,0.0,-55.0,0.14,0,0.0,0.0,-0.32,0.0,-15.68,10
IVR,Invesco Mortgage Capital Inc.,Real Estate,REIT - Mortgage,reit-mortgage,772833984,9.6,0.045,0.015,0.0,100.0,10.09,3.81,0.0,0,18.34,0.0,76.66,9.0,16.03,10
STRT,Strattec Security Corporation,Consumer Cyclical,Auto Parts,auto-parts,322854016,0.56,2.626,1.891,-4.5,16.76,12.75,13.71,0.58,0,0.0,-40.9,4.31,7.88,8.43,10
AMRC,"Ameresco, Inc.",Industrials,Engineering & Construction,engineering-construction,1432071040,0.72,1.488,1.192,13.8,15.58,46.63,16.53,0.53,0,0.0,0.0,1.59,14.85,4.1,10
AMSC,American Superconductor Corporation,Industrials,Specialty Industrial Machinery,specialty-industrial-machinery,1847867904,6.18,2.395,1.516,29.599999999999998,30.81,12.5,25.71,3.01,0,0.0,221.5,44.73,7.3999999999999995,24.09,10
AMTB,Amerant Bancorp Inc.,Financial Services,Banks - Regional,banks-regional,1020906624,2.56,0.0,0.0,3.3000000000000003,0.0,18.35,12.22,2.47,0,1.42,57.099999999999994,14.6,4.22,5.58,10
TCBK,TriCo Bancshares,Financial Services,Banks - Regional,banks-regional,1740313728,4.18,0.0,0.0,10.7,0.0,13.74,12.45,3.74,0,2.64,30.0,30.990000000000002,4.29,9.15,10
TCBX,"Third Coast Bancshares, Inc.",Financial Services,Banks - Regional,banks-regional,671149312,3.15,0.0,0.0,25.6,0.0,10.4,9.62,2.35,0,0.0,13.200000000000001,32.440000000000005,3.04,12.49,10
HTB,"HomeTrust Bancshares, Inc.",Financial Services,Banks - Regional,banks-regional,830352320,3.94,0.0,0.0,9.3,0.0,12.77,13.24,3.58,0,1.21,17.9,31.619999999999997,1.66,10.72,10
CWBC,Community West Bancshares,Financial Services,Banks - Regional,banks-regional,737507712,5.03,0.0,0.0,11.1,0.0,12.58,9.04,4.47,0,1.78,37.0,28.22,2.54,9.32,10
TRST,TrustCo Bank Corp NY,Financial Services,Banks - Regional,banks-regional,960590464,5.06,0.0,0.0,7.9,0.0,16.17,19.15,4.66,0,2.78,21.3,33.26,5.16,8.9,10
TRUP,"Trupanion, Inc.",Financial Services,Insurance - Property & Casualty,insurance-property-casualty,1172082176,0.79,1.727,1.686,12.3,22.34,45.54,6.23,0.54,0,0.0,0.0,1.7399999999999998,10.52,5.06,10
IIM,Invesco Value Municipal Income Trust,Financial Services,Asset Management,asset-management,609024192,13.63,0.924,0.924,1.7999999999999998,100.0,32.33,0.0,0.0,0,7.16,906.6,41.65,0.4,3.13,10
IIPR,"Innovative Industrial Properties, Inc.",Real Estate,REIT - Industrial,reit-industrial,1793653120,6.81,0.355,0.246,-3.8,88.46000000000001,15.78,12.91,7.07,0,11.99,-0.0,45.58,19.29,6.57,10
HVT,"Haverty Furniture Companies, Inc.",Consumer Cyclical,Home Improvement Retail,home-improvement-retail,403188576,0.53,1.839,0.821,4.1000000000000005,60.75000000000001,20.53,9.69,0.2,0,5.29,13.0,2.64,0.02,6.41,10
CSV,"Carriage Services, Inc.",Consumer Cyclical,Personal Services,personal-services,607433984,1.46,1.151,0.908,-0.8999999999999999,38.59,13.92,10.17,1.47,0,1.15,-37.3,10.58,2.87,20.22,10
THFF,First Financial Corporation,Financial Services,Banks - Regional,banks-regional,915913792,3.54,0.0,0.0,8.4,0.0,11.33,10.17,3.24,0,2.91,7.199999999999999,31.16,2.36,12.17,10
THRM,Gentherm Incorporated,Consumer Cyclical,Auto Parts,auto-parts,1066597696,0.69,1.975,1.259,11.3,24.240000000000002,47.64,11.4,0.47,0,0.0,0.0,1.47,4.5,2.54,10
MYI,"BlackRock MuniYield Quality Fund III, Inc.",Financial Services,Asset Management,asset-management,735792448,11.93,0.066,0.064,6.3,100.0,29.13,0.0,0.0,0,5.99,16541.399999999998,40.35,0.1,,10
BLMN,"Bloomin' Brands, Inc.",Consumer Cyclical,Restaurants,restaurants,687225920,0.17,0.261,0.135,1.0,13.450000000000001,33.45,8.29,0.15,0,6.9,29.9,0.5499999999999999,9.790000000000001,2.47,10
BLW,BlackRock Limited Duration Income Trust,Financial Services,Asset Management,asset-management,491486336,8.14,0.059,0.049,-6.9,100.0,10.31,0.0,8.7,0,10.84,-21.2,77.62,0.04,8.63,10
RDWR,Radware Ltd.,Technology,Software - Infrastructure,software-infrastructure,1275940992,4.12,1.589,1.487,10.7,80.66,68.91,23.03,0.71,0,0.0,-17.9,6.279999999999999,2.44,5.8,10
PXED,"Phoenix Education Partners, Inc.",Consumer Defensive,Education & Training Services,education-training-services,1241208448,1.22,2.013,1.499,-0.4,56.48,12.74,7.13,1.23,0,2.44,-34.9,9.629999999999999,5.1499999999999995,54.25,10
NOA,North American Construction Group Ltd.,Energy,Oil & Gas Equipment & Services,oil-gas-equipment-services,349623168,0.28,1.114,0.878,-6.3,30.070000000000004,16.33,6.11,0.29,0,2.68,-9.5,2.63,0.0,7.41,10
CTBI,"Community Trust Bancorp, Inc.",Financial Services,Banks - Regional,banks-regional,1322682112,4.73,0.0,0.0,14.799999999999999,0.0,12.75,11.6,4.03,0,2.91,23.0,36.96,1.8800000000000001,11.45,10
SPFI,"South Plains Financial, Inc.",Financial Services,Banks - Regional,banks-regional,813503104,3.84,0.0,0.0,10.6,0.0,11.9,10.26,3.43,0,1.6,18.099999999999998,28.660000000000004,2.01,11.84,10
SPIR,"Spire Global, Inc.",Industrials,Specialty Business Services,specialty-business-services,683258816,10.76,0.94,0.902,-33.7,42.29,11.1,-70.6,14.38,0,0.0,0.0,77.12,12.29,45.43,10
SRCE,1st Source Corporation,Financial Services,Banks - Regional,banks-regional,1982073216,4.65,0.0,0.0,5.1,0.0,12.63,11.72,4.41,0,2.09,7.5,37.7,2.87,12.41,10
LADR,Ladder Capital Corp,Real Estate,REIT - Mortgage,reit-mortgage,1244763776,5.76,2.627,2.582,1.7000000000000002,70.89,22.16,8.25,1.65,0,9.19,-77.8,25.44,2.91,4.33,10
KBDC,"Kayne Anderson BDC, Inc.",Financial Services,Asset Management,asset-management,904350528,0.0,0.0,0.0,0.0,0.0,10.65,8.56,0.0,0,11.77,0.0,0.0,1.11,8.44,10
ISBA,Isabella Bank Corporation,Financial Services,Banks - Regional,banks-regional,297193152,3.64,0.0,0.0,13.700000000000001,0.0,14.9,10.26,3.14,0,2.74,28.299999999999997,24.47,2.73,8.17,10
CPF,Central Pacific Financial Corp.,Financial Services,Banks - Regional,banks-regional,1004114304,3.55,0.0,0.0,9.2,0.0,12.87,10.79,3.22,0,3.03,20.0,28.43,2.71,13.08,10
KNOP,KNOT Offshore Partners LP,Energy,Oil & Gas Midstream,oil-gas-midstream,357623808,0.97,0.253,0.193,6.800000000000001,63.38,30.44,17.15,0.33,0,2.0,-49.3,4.95,0.95,3.75,10
KOP,Koppers Holdings Inc.,Basic Materials,Specialty Chemicals,specialty-chemicals,905818944,0.48,2.714,0.91,-0.3,22.82,12.49,10.02,0.48,0,0.78,0.0,4.1000000000000005,5.72,9.76,10
APEI,"American Public Education, Inc.",Consumer Defensive,Education & Training Services,education-training-services,1053007936,1.6,2.984,2.746,6.2,54.98,29.74,15.23,0.67,0,0.0,129.29999999999998,6.13,11.77,10.71,10
API,"Agora, Inc.",Technology,Software - Application,software-application,349190624,2.4,6.699,6.362,13.5,65.25,45.89,-45.89,0.72,0,0.0,200.1,7.03,0.83,1.69,10
APOG,"Apogee Enterprises, Inc.",Industrials,Building Products & Equipment,building-products-equipment,830349440,0.59,1.76,1.162,-1.0999999999999999,23.380000000000003,12.47,10.2,0.6,0,2.66,0.0,4.88,3.6799999999999997,10.58,10
BFS,"Saul Centers, Inc.",Real Estate,REIT - Retail,reit-retail,1266516736,4.28,0.341,0.341,8.9,70.65,34.58,26.96,1.14,0,6.28,-10.299999999999999,12.43,0.27999999999999997,30.54,10
BFST,"Business First Bancshares, Inc.",Financial Services,Banks - Regional,banks-regional,1009422400,3.12,0.0,0.0,14.799999999999999,0.0,10.95,9.49,2.65,0,1.96,4.6,28.050000000000004,1.9900000000000002,10.65,10
BHB,Bar Harbor Bankshares,Financial Services,Banks - Regional,banks-regional,633856064,3.66,0.0,0.0,25.7,0.0,15.39,9.91,2.72,0,3.45,22.6,23.26,1.6099999999999999,6.93,10
RDVT,"Red Violet, Inc.",Technology,Software - Application,software-application,969423936,10.3,11.224,10.844,17.4,84.23,70.84,42.28,1.34,0,0.0,25.0,14.99,6.510000000000001,13.03,10
BKT,"BlackRock Income Trust, Inc.",Financial Services,Asset Management,asset-management,344294560,28.19,0.137,0.016,-33.6,100.0,11.19,0.0,37.67,0,9.96,22.2,203.10000000000002,0.22,6.65,10
CDNA,"CareDx, Inc.",Healthcare,Diagnostics & Research,diagnostics-research,1501224448,3.64,3.403,2.928,39.0,68.88,0.0,25.63,0.69,0,0.0,0.0,-1.9800000000000002,16.64,-7.05,10
KRNY,Kearny Financial Corp.,Financial Services,Banks - Regional,banks-regional,592198272,3.47,0.0,0.0,17.5,0.0,16.51,11.99,2.86,0,4.7,50.5,21.02,1.96,3.5,10
MUJ,"BlackRock MuniHoldings New Jersey Quality Fund, Inc.",Financial Services,Asset Management,asset-management,655772224,13.32,0.333,0.316,2.0,100.0,26.8,0.0,0.0,0,5.25,1495.8999999999999,50.14999999999999,0.27999999999999997,,10
MVBF,MVB Financial Corp.,Financial Services,Banks - Regional,banks-regional,371490624,2.33,0.0,0.0,3.9,0.0,13.26,11.5,2.24,0,2.31,44.4,17.89,2.4899999999999998,8.07,10
MYE,"Myers Industries, Inc.",Consumer Cyclical,Packaging & Containers,packaging-containers,1149254016,1.39,1.646,0.882,1.7999999999999998,34.36,27.57,16.36,0.89,0,1.71,0.0,3.17,3.35,11.87,10
CHCO,City Holding Company,Financial Services,Banks - Regional,banks-regional,1904019584,5.96,0.0,0.0,5.5,0.0,14.89,14.21,5.63,0,2.58,6.800000000000001,41.260000000000005,9.29,16.12,10
CHMG,Chemung Financial Corporation,Financial Services,Banks - Regional,banks-regional,360185152,3.78,0.0,0.0,19.1,0.0,19.77,9.92,3.06,0,1.82,51.7,19.17,0.9900000000000001,5.93,10
NBBK,"NB Bancorp, Inc.",Financial Services,Banks - Regional,banks-regional,922090944,4.08,0.0,0.0,36.3,0.0,15.35,8.5,2.6,0,1.32,10.299999999999999,23.31,4.21,5.86,10
NBHC,National Bank Holdings Corporation,Financial Services,Banks - Regional,banks-regional,1986920960,4.63,0.0,0.0,33.7,0.0,16.55,10.75,3.07,0,2.88,-27.1,24.73,4.41,7.91,10
NBN,Northeast Bank,Financial Services,Banks - Regional,banks-regional,1162759040,5.05,0.0,0.0,34.599999999999994,0.0,11.71,9.37,3.3,0,0.03,58.3,42.71,5.29,16.88,10
NC,"NACCO Industries, Inc.",Energy,Thermal Coal,thermal-coal,364136064,1.33,3.305,1.51,-4.3,15.709999999999999,16.88,0.0,1.38,0,2.17,77.3,7.84,0.8500000000000001,4.09,10
NCDL,Nuveen Churchill Direct Lending Corp.,Financial Services,Asset Management,asset-management,622770880,0.0,0.0,0.0,0.0,0.0,10.6,8.34,0.0,0,11.36,0.0,0.0,1.38,7.5,10
AROW,Arrow Financial Corporation,Financial Services,Banks - Regional,banks-regional,682483200,4.05,0.0,0.0,29.4,0.0,13.36,9.53,2.86,0,2.91,116.7,30.37,1.7000000000000002,10.18,10
STBA,"S&T Bancorp, Inc.",Financial Services,Banks - Regional,banks-regional,1775819264,4.45,0.0,0.0,4.1000000000000005,0.0,13.87,12.91,4.27,0,3.01,8.0,34.089999999999996,5.89,9.17,10
STEL,"Stellar Bancorp, Inc.",Financial Services,Banks - Regional,banks-regional,2002201728,4.76,0.0,0.0,7.3,0.0,19.09,16.75,4.41,0,1.53,15.2,24.990000000000002,1.8499999999999999,6.16,10
CRCT,"Cricut, Inc.",Technology,Computer Hardware,computer-hardware,927752000,1.31,2.72,1.904,-1.9,54.620000000000005,13.0,23.26,1.34,0,4.48,-12.3,10.36,11.06,22.33,10
CRTO,Criteo S.A.,Communication Services,Advertising Agencies,advertising-agencies,1164165760,0.61,1.276,1.188,-5.8999999999999995,53.97,10.88,5.13,0.64,0,0.0,-77.3,5.970000000000001,2.92,12.58,10
ISTR,Investar Holding Corporation,Financial Services,Banks - Regional,banks-regional,403186496,3.76,0.0,0.0,57.599999999999994,0.0,12.88,8.98,1.6,0,1.63,22.2,26.729999999999997,1.29,8.46,10
IMXI,"International Money Express, Inc.",Technology,Software - Infrastructure,software-infrastructure,426438944,0.72,2.837,1.95,-14.899999999999999,35.260000000000005,16.67,7.98,0.83,0,0.0,-93.2,4.31,4.5600000000000005,20.29,10
JMIA,Jumia Technologies AG,Consumer Cyclical,Internet Retail,internet-retail,883069184,4.35,1.022,0.863,39.4,54.76,0.0,-20.97,1.19,0,0.0,0.0,-30.79,4.47,-234.27,10
JMSB,"John Marshall Bancorp, Inc.",Financial Services,Banks - Regional,banks-regional,312021248,4.93,0.0,0.0,16.2,0.0,13.99,10.4,4.13,0,2.16,27.6,35.589999999999996,1.1900000000000002,7.99,10
IPI,"Intrepid Potash, Inc.",Basic Materials,Agricultural Inputs,agricultural-inputs,459006624,1.89,5.256,2.522,6.2,26.029999999999998,30.78,55.99,1.31,0,0.0,60.099999999999994,5.7700000000000005,2.32,2.28,10
IQI,Invesco Quality Municipal Income Trust,Financial Services,Asset Management,asset-management,541001216,13.21,1.054,1.054,0.8999999999999999,100.0,30.09,0.0,0.0,0,7.42,1025.2,43.74,0.16999999999999998,3.27,10
IBCP,Independent Bank Corporation,Financial Services,Banks - Regional,banks-regional,739761024,3.29,0.0,0.0,9.700000000000001,0.0,10.75,9.38,2.97,0,3.11,9.5,31.080000000000002,3.26,13.63,10
ICFI,"ICF International, Inc.",Industrials,Consulting Services,consulting-services,1355097856,0.74,1.477,1.282,-10.299999999999999,37.19,16.17,9.75,0.82,0,0.75,-22.2,4.68,3.93,8.91,10
IGIC,International General Insurance Holdings Ltd.,Financial Services,Insurance - Diversified,insurance-diversified,1190052224,2.32,0.659,0.383,-2.6,45.24,10.11,8.86,2.38,0,1.07,-16.900000000000002,23.669999999999998,1.06,17.9,10
XHR,"Xenia Hotels & Resorts, Inc.",Real Estate,REIT - Hotel & Motel,reit-hotel-motel,1972595840,1.82,1.77,1.156,2.1999999999999997,26.33,28.83,36.69,1.31,0,2.75,40.0,6.2,6.17,5.56,10
SBSI,"Southside Bancshares, Inc.",Financial Services,Banks - Regional,banks-regional,1029111744,4.3,0.0,0.0,8.799999999999999,0.0,14.66,9.97,3.92,0,4.13,10.299999999999999,29.630000000000003,2.9000000000000004,8.17,10
SCHL,Scholastic Corporation,Communication Services,Publishing,publishing,852583680,0.53,1.184,0.636,-1.9,56.220000000000006,19.17,17.3,0.54,0,1.72,0.0,3.88,20.59,-0.2,10
SDHC,Smith Douglas Homes Corp.,Real Estate,Real Estate - Development,real-estate-development,129549432,0.14,7.375,0.602,-8.1,20.93,16.34,25.03,0.15,0,0.0,-79.9,0.8999999999999999,24.62,12.33,10
SDHY,PGIM Short Duration High Yield Opportunities Fund,Financial Services,Asset Management,asset-management,401924096,0.0,0.0,0.0,0.0,0.0,13.57,0.0,0.0,0,7.95,0.0,0.0,0.0,8.5,10
BBDC,"Barings BDC, Inc.",Financial Services,Asset Management,asset-management,893673216,3.25,0.537,0.306,-6.0,100.0,10.04,8.83,3.44,0,12.14,-38.2,32.45,3.37,8.78,10
MCB,Metropolitan Bank Holding Corp.,Financial Services,Banks - Regional,banks-regional,1242082560,4.11,0.0,0.0,37.4,0.0,12.39,8.46,2.57,0,1.01,101.4,28.51,4.49,9.57,10
MCBS,"MetroCity Bankshares, Inc.",Financial Services,Banks - Regional,banks-regional,1046951296,6.1,0.0,0.0,44.0,0.0,13.14,11.07,3.41,0,2.87,22.2,43.419999999999995,1.7399999999999998,12.59,10
MCFT,"MasterCraft Boat Holdings, Inc.",Consumer Cyclical,Recreational Vehicles,recreational-vehicles,588843392,1.97,1.829,1.258,3.0,23.080000000000002,36.28,12.31,1.47,0,0.0,0.0,3.7199999999999998,5.42,3.84,10
MCI,Barings Corporate Investors,Financial Services,Asset Management,asset-management,358697888,9.87,2.522,2.522,-20.7,100.0,12.74,0.0,11.91,0,9.22,-21.4,77.18,0.18,8.22,10
WEYS,"Weyco Group, Inc.",Consumer Cyclical,Footwear & Accessories,footwear-accessories,369277536,1.34,8.264,5.867,-0.0,43.059999999999995,15.68,26.72,1.34,0,2.75,12.3,8.57,1.06,9.63,10
FBIZ,"First Business Financial Services, Inc.",Financial Services,Banks - Regional,banks-regional,538188992,3.3,0.0,0.0,8.3,0.0,10.62,9.6,3.03,0,1.97,9.0,31.480000000000004,1.02,13.99,10
FCBC,"First Community Bankshares, Inc.",Financial Services,Banks - Regional,banks-regional,851078080,4.96,0.0,0.0,10.4,0.0,17.09,14.84,4.44,0,2.75,-1.6,28.560000000000002,2.64,9.75,10
WSBF,"Waterstone Financial, Inc.",Financial Services,Banks - Regional,banks-regional,360520032,2.43,0.0,0.0,17.2,0.0,12.1,19.77,2.01,0,3.11,104.60000000000001,19.77,1.9800000000000002,7.56,10
WTBA,"West Bancorporation, Inc.",Financial Services,Banks - Regional,banks-regional,459077568,4.63,0.0,0.0,16.6,0.0,13.02,9.46,3.86,0,3.7,32.6,35.620000000000005,1.92,12.24,10
ADNT,Adient plc,Consumer Cyclical,Auto Parts,auto-parts,1522003712,0.1,1.097,0.741,7.000000000000001,6.64,29.86,5.88,0.09,0,0.0,0.0,0.4,8.7,-15.91,10
EPAC,Enerpac Tool Group Corp.,Industrials,Specialty Industrial Machinery,specialty-industrial-machinery,1858253568,2.97,2.559,1.638,6.4,49.38,22.14,16.15,1.41,0,0.11,-18.4,13.69,3.1300000000000003,21.39,10
PBYI,"Puma Biotechnology, Inc.",Healthcare,Biotechnology,biotechnology,418393536,1.84,2.381,2.141,-2.6,74.46000000000001,17.12,23.49,1.89,0,0.0,0.0,10.73,8.53,23.87,10
PCB,PCB Bancorp,Financial Services,Banks - Regional,banks-regional,408963584,3.52,0.0,0.0,17.599999999999998,0.0,10.3,9.32,2.9,0,2.94,39.6,34.760000000000005,1.51,11.67,10
BY,"Byline Bancorp, Inc.",Financial Services,Banks - Regional,banks-regional,1698079360,4.01,0.0,0.0,13.8,0.0,12.14,11.08,3.46,0,1.18,29.7,32.96,2.6599999999999997,10.26,10
YORW,The York Water Company,Utilities,Utilities - Regulated Water,utilities-regulated-water,499085568,6.31,0.72,0.504,8.799999999999999,72.7,20.95,20.12,1.57,0,2.91,32.0,26.840000000000003,3.82,8.35,10
XIFR,"XPLR Infrastructure, LP",Utilities,Utilities - Renewable,utilities-renewable,1172753536,0.99,1.02,0.869,-2.5,55.800000000000004,10.2,138.22,1.02,0,0.0,0.0,8.72,5.18,-0.88,10
XOMA,XOMA Royalty Corporation,Healthcare,Biotechnology,biotechnology,775212800,15.97,3.59,3.308,-22.6,99.03999999999999,27.93,20.49,19.57,0,0.0,207.9,69.63000000000001,9.13,37.8,8
XOMAO,XOMA Royalty Corporation,Healthcare,Biotechnology,biotechnology,0,0.0,3.59,3.308,-22.6,99.03999999999999,24.94,0.0,0.0,0,8.39,207.9,69.63000000000001,0.0,37.8,8
XOMAP,XOMA Royalty Corporation,Healthcare,Biotechnology,biotechnology,0,0.0,3.59,3.308,-22.6,99.03999999999999,24.94,0.0,0.0,0,8.64,207.9,69.63000000000001,0.0,37.8,8
XRX,Xerox Holdings Corporation,Industrials,Business Equipment & Supplies,business-equipment-supplies,376645280,0.05,1.181,0.725,26.700000000000003,28.92,0.0,3.11,0.03,0,3.57,0.0,-14.09,32.51,-231.76,8
PBT,Permian Basin Royalty Trust,Energy,Oil & Gas Midstream,oil-gas-midstream,1166152064,70.15,3.214,3.214,16.2,100.0,80.71,0.0,0.0,0,1.4,16.6,88.61,0.61,8796.53,8
WINA,Winmark Corporation,Consumer Cyclical,Specialty Retail,specialty-retail,1508274432,17.75,2.744,2.392,-4.9,96.66,38.08,34.87,18.62,0,0.96,-7.7,48.19,12.65,-77.59,8
WGO,"Winnebago Industries, Inc.",Consumer Cyclical,Recreational Vehicles,recreational-vehicles,867006912,0.31,2.373,0.841,-9.9,13.0,22.55,12.23,0.34,0,4.49,-18.2,1.3599999999999999,10.31,2.1,8
EVCM,EverCommerce Inc.,Technology,Software - Application,software-application,1794280192,3.02,2.077,1.734,3.5999999999999996,77.52,78.0,13.19,0.65,0,0.0,0.0,5.47,10.56,2.45,8
MCS,The Marcus Corporation,Communication Services,Entertainment,entertainment,686778240,0.95,0.347,0.192,3.6999999999999997,41.07,50.8,41.39,0.54,0,1.38,0.0,1.96,2.68,2.77,8
BBCP,"Concrete Pumping Holdings, Inc.",Industrials,Engineering & Construction,engineering-construction,564406272,1.38,1.732,1.369,13.700000000000001,38.29,80.0,39.3,0.73,0,0.0,0.0,2.23,3.94,2.41,8
IOVA,"Iovance Biotherapeutics, Inc.",Healthcare,Biotechnology,biotechnology,1870845056,6.55,3.605,3.054,44.800000000000004,39.44,0.0,-13.13,2.19,0,0.0,0.0,-123.9,24.81,-55.97,8
INVX,"Innovex International, Inc.",Energy,Oil & Gas Equipment & Services,oil-gas-equipment-services,1648459520,1.69,5.095,3.303,-0.6,31.869999999999997,31.48,12.09,1.7,0,0.0,0.0,5.3100000000000005,7.93,7.88,8
ITRG,Integra Resources Corp.,Basic Materials,Other Precious Metals & Mining,other-precious-metals-mining,476516352,1.92,4.96,3.031,8.200000000000001,48.42,58.75,3.84,0.91,0,0.0,929.9,3.75,1.4000000000000001,-1.21,8
TATT,TAT Technologies Ltd.,Industrials,Aerospace & Defense,aerospace-defense,620464128,3.51,4.69,2.229,-2.4,24.959999999999997,37.05,20.51,3.59,0,0.0,-23.5,9.27,9.25,9.54,8
NCNO,"nCino, Inc.",Technology,Software - Application,software-application,1987290496,3.26,0.892,0.759,10.6,61.61,151.17,12.13,1.12,0,0.0,147.6,2.17,15.770000000000001,0.49,8
MUC,"BlackRock MuniHoldings California Quality Fund, Inc.",Financial Services,Asset Management,asset-management,1038848640,12.13,0.112,0.11,7.3,100.0,47.96,0.0,0.0,0,5.82,0.0,25.15,0.04,,8
MUA,"BlackRock MuniAssets Fund, Inc.",Financial Services,Asset Management,asset-management,555917184,17.41,0.321,0.317,-2.1,100.0,35.61,0.0,17.77,0,6.05,784.6,36.01,0.03,,8
MSEX,Middlesex Water Company,Utilities,Utilities - Regulated Water,utilities-regulated-water,1054695744,5.3,0.391,0.26,10.0,53.190000000000005,23.6,18.94,2.23,0,2.47,8.1,22.07,5.4399999999999995,8.67,8
MSBI,"Midland States Bancorp, Inc.",Financial Services,Banks - Regional,banks-regional,631015104,2.3,0.0,0.0,14.299999999999999,0.0,25.37,9.71,1.97,0,4.22,0.0,12.809999999999999,3.34,-27.32,8
MSB,Mesabi Trust,Basic Materials,Steel,steel,338233856,22.5,6.123,6.085,-52.6,100.0,29.98,-1.3,34.33,0,3.75,-70.1,75.32,1.0699999999999998,67.97,8
ARKO,Arko Corp.,Consumer Cyclical,Specialty Retail,specialty-retail,891876480,0.14,1.62,0.925,-3.1,17.990000000000002,39.75,159.0,0.14,0,1.49,0.0,0.44,6.52,8.51,8
ARDX,"Ardelyx, Inc.",Healthcare,Biotechnology,biotechnology,1319137024,3.08,3.485,2.929,27.500000000000004,74.56,0.0,10.37,0.57,0,0.0,0.0,-13.58,11.15,-36.9,8
APPN,Appian Corporation,Technology,Software - Infrastructure,software-infrastructure,1789787392,2.35,1.127,0.966,21.5,72.47,1219.0,19.41,0.51,0,0.0,0.0,0.12,13.83,-2.62,8
TACO,Berto Acquisition Corp.,Financial Services,Shell Companies,shell-companies,395072448,0.0,0.458,0.236,0.0,0.0,30.09,0.0,0.0,0,0.0,0.0,0.0,0.0,2.65,8
KOS,Kosmos Energy Ltd.,Energy,Oil & Gas E&P,oil-gas-e-p,1239765504,0.9,0.599,0.318,27.700000000000003,50.93,0.0,11.72,0.32,0,0.0,0.0,-59.48,5.38,-132.39,8
KE,"Kimball Electronics, Inc.",Industrials,Electrical Equipment & Parts,electrical-equipment-parts,617335872,0.43,2.108,1.145,-5.800000000000001,7.9799999999999995,24.45,19.65,0.45,0,0.0,53.300000000000004,1.81,6.710000000000001,2.98,8
KDK,"Kodiak AI, Inc.",Technology,Software - Infrastructure,software-infrastructure,1027561536,247.25,3.686,3.522,24.4,100.0,0.0,-8.5,0.0,0,0.0,0.0,0.0,7.960000000000001,206.86,8
KYIVW,Kyivstar Group Ltd.,,,,0,0.0,1.162,1.1,26.700000000000003,89.22,0.0,0.0,0.0,0,0.0,75.3,13.469999999999999,0.0,9.55,8
SVV,"Savers Value Village, Inc.",Consumer Cyclical,Specialty Retail,specialty-retail,1507524480,0.88,0.785,0.352,8.9,55.279999999999994,69.93,16.64,0.36,0,0.0,0.0,1.29,22.09,5.2,8
SVCO,"Silvaco Group, Inc.",Technology,Software - Application,software-application,374542560,5.61,1.416,1.314,26.0,80.47,0.0,40.48,0.81,0,0.0,0.0,-41.65,9.5,-54.95,8
SUJA,"Suja Life, Inc.",Consumer Defensive,Beverages - Non-Alcoholic,beverages-non-alcoholic,391271360,1.13,1.322,0.84,22.5,48.449999999999996,0.0,20.99,0.45,0,0.0,0.0,-4.279999999999999,3.88,-22.79,8
CTO,"CTO Realty Growth, Inc.",Real Estate,REIT - Diversified,reit-diversified,723982400,4.67,4.692,1.254,15.0,74.86,107.15,194.82,1.0,0,7.05,1200.1,9.06,1.55,1.78,8
BL,"BlackLine, Inc.",Technology,Software - Application,software-application,1707032704,2.38,1.704,1.629,9.700000000000001,75.38,69.29,10.39,0.53,0,0.0,37.7,3.71,17.16,7.38,8
CERS,Cerus Corporation,Healthcare,Medical Devices,medical-devices,657210240,3.03,1.633,1.022,24.099999999999998,52.99,0.0,0.0,1.08,0,0.0,0.0,-4.41,10.12,-24.33,8
TRS,TriMas Corporation,Consumer Cyclical,Packaging & Containers,packaging-containers,1480758272,2.24,4.854,4.391,10.4,21.5,118.09,19.05,1.57,0,0.38,6895.6,137.34,20.880000000000003,17.03,8
TRNS,"Transcat, Inc.",Industrials,Specialty Business Services,specialty-business-services,856728832,2.58,2.333,1.786,15.8,32.629999999999995,160.91,42.81,1.46,0,0.0,-58.3,1.6199999999999999,7.17,1.79,8
CWCO,Consolidated Water Co. Ltd.,Utilities,Utilities - Regulated Water,utilities-regulated-water,468005568,3.65,6.043,5.727,-11.1,36.620000000000005,26.83,21.51,4.05,0,1.9,-21.6,13.5,3.82,8.27,8
AORT,"Artivion, Inc.",Healthcare,Medical Devices,medical-devices,1197807232,2.61,3.857,1.741,17.5,64.55,98.7,34.27,0.76,0,0.0,0.0,2.55,4.68,2.18,8
HOV,"Hovnanian Enterprises, Inc.",Consumer Cyclical,Residential Construction,residential-construction,760751488,0.26,4.334,0.677,-2.7,15.15,35.96,30.84,0.27,0,0.0,0.0,1.25,8.219999999999999,9.18,8
HOPE,"Hope Bancorp, Inc.",Financial Services,Banks - Regional,banks-regional,1729660032,3.63,0.0,0.0,18.4,0.0,24.6,8.46,2.96,0,4.13,35.3,14.7,4.68,2.7,8
CUB,Lionheart Holdings,Financial Services,Shell Companies,shell-companies,282296960,0.0,1.213,0.921,0.0,0.0,38.54,0.0,0.0,0,0.0,-12.0,0.0,0.0,3.79,8
JJSF,J&J Snack Foods Corp.,Consumer Defensive,Packaged Foods,packaged-foods,1421508992,0.92,2.089,1.146,-3.2,30.3,25.44,17.49,0.94,0,4.21,-64.2,3.75,12.58,6.79,8
MTW,"The Manitowoc Company, Inc.",Industrials,Farm & Heavy Construction Machinery,farm-heavy-construction-machinery,462515456,0.2,2.099,0.655,5.0,18.11,61.33,14.2,0.16,0,0.0,0.0,0.33,3.56,1.04,8
MTLS,Materialise NV,Technology,Software - Application,software-application,424535040,1.59,2.419,2.032,-0.2,57.60999999999999,38.53,25.81,1.59,0,0.0,0.0,3.7600000000000002,1.6199999999999999,3.02,8
RQI,"Cohen & Steers Quality Income Realty Fund, Inc.",Financial Services,Asset Management,asset-management,1644631680,19.22,0.868,0.52,-5.2,100.0,34.94,0.0,20.22,0,8.64,0.0,55.269999999999996,2.87,2.91,8
RPD,"Rapid7, Inc.",Technology,Software - Infrastructure,software-infrastructure,701721472,0.82,0.78,0.701,-0.3,69.69999999999999,30.0,6.76,0.82,0,0.0,-43.1,2.6100000000000003,12.16,15.11,8
KRP,"Kimbell Royalty Partners, LP",Energy,Oil & Gas E&P,oil-gas-e-p,1559498368,4.94,5.117,5.117,-6.7,93.36,31.46,16.83,5.27,0,11.32,-79.9,23.580000000000002,2.2800000000000002,13.16,8
HNRG,Hallador Energy Company,Utilities,Utilities - Independent Power Producers,utilities-independent-power-producers,776708864,1.71,0.795,0.242,-13.5,22.93,31.09,14.89,1.94,0,0.0,0.0,4.9799999999999995,6.8500000000000005,26.2,8
CCAP,"Crescent Capital BDC, Inc.",Financial Services,Asset Management,asset-management,405305472,2.49,1.507,0.86,-10.0,100.0,27.5,7.38,2.73,0,14.38,0.0,9.25,2.74,4.89,8
CBLL,unknown,Healthcare,Medical Devices,medical-devices,750886080,7.9,10.437,9.695,29.299999999999997,87.72,0.0,-18.02,0.69,0,0.0,0.0,-63.5,8.18,-34.39,8
PRCT,PROCEPT BioRobotics Corporation,Healthcare,Medical Devices,medical-devices,1207248640,3.75,6.726,5.375,20.200000000000003,63.970000000000006,0.0,-24.23,1.08,0,0.0,0.0,-31.819999999999997,13.76,-26.12,8
CXM,"Sprinklr, Inc.",Technology,Software - Application,software-application,1264835328,1.45,1.434,1.246,6.800000000000001,66.34,45.0,9.93,0.46,0,0.0,0.0,3.29,13.84,3.86,8
TSSI,"TSS, Inc.",Technology,Information Technology Services,information-technology-services,327623072,1.62,2.185,1.894,-44.1,17.61,22.44,46.68,2.34,0,0.0,-33.300000000000004,7.140000000000001,20.580000000000002,19.74,8
AMC,"AMC Entertainment Holdings, Inc.",Communication Services,Entertainment,entertainment,1553221248,0.31,0.35,0.266,21.2,16.009999999999998,0.0,-10.88,0.2,0,0.0,0.0,-10.879999999999999,7.76,33.38,8
TNC,Tennant Company,Industrials,Specialty Industrial Machinery,specialty-industrial-machinery,1505557504,1.24,2.117,1.258,2.7,39.45,52.6,13.78,0.73,0,1.42,-98.6,2.55,8.58,7.28,8
ALNT,Allient Inc.,Technology,Electronic Components,electronic-components,1498582400,2.67,3.728,1.919,4.6,32.879999999999995,61.66,28.47,1.71,0,0.18,52.400000000000006,4.25,5.53,7.31,8
UFPT,"UFP Technologies, Inc.",Healthcare,Medical Devices,medical-devices,2104989056,3.46,2.91,1.591,4.1000000000000005,28.349999999999998,30.92,23.28,2.38,0,0.0,1.4000000000000001,11.27,21.75,16.12,8
ASIX,AdvanSix Inc.,Basic Materials,Chemicals,chemicals,541876608,0.35,1.226,0.668,7.000000000000001,9.120000000000001,55.83,6.87,0.3,0,3.15,0.0,0.67,2.33,6.05,8
KMPR,Kemper Corporation,Financial Services,Insurance - Property & Casualty,insurance-property-casualty,1695577856,0.36,0.813,0.778,-7.1,26.950000000000003,40.0,6.48,0.39,0,4.44,0.0,0.89,7.86,5.34,8
MLR,"Miller Industries, Inc.",Consumer Cyclical,Auto Parts,auto-parts,560441344,0.75,2.976,1.657,-19.8,15.040000000000001,36.7,15.37,0.9,0,1.71,-92.9,2.08,3.9899999999999998,5.47,8
LNN,Lindsay Corporation,Industrials,Farm & Heavy Construction Machinery,farm-heavy-construction-machinery,1195962624,1.9,2.935,1.796,-5.1,29.459999999999997,22.57,19.5,2.0,0,1.21,-14.000000000000002,8.790000000000001,8.92,13.9,8
SOPH,SOPHiA GENETICS SA,Healthcare,Health Information Services,health-information-services,448000736,5.52,2.056,1.711,22.0,67.28,0.0,-9.54,1.41,0,0.0,0.0,-99.7,0.38999999999999996,-167.57,8
AVBC,"Avidia Bancorp, Inc.",Financial Services,Banks - Regional,banks-regional,386359936,3.72,0.0,0.0,410.70000000000005,0.0,27.02,14.76,-11.54,0,0.47,0.0,13.750000000000002,0.41000000000000003,-0.87,8
NVEC,NVE Corporation,Technology,Semiconductors,semiconductors,479266528,18.2,28.205,20.768,5.3,78.74,31.45,35.01,3.67,0,4.09,27.400000000000002,57.720000000000006,9.35,26.09,8
CCB,Coastal Financial Corporation,Financial Services,Banks - Regional,banks-regional,1203588480,3.31,0.0,0.0,17.0,0.0,24.67,11.27,2.75,0,0.0,23.799999999999997,13.56,11.12,9.57,8
CZNC,Citizens & Northern Corporation,Financial Services,Banks - Regional,banks-regional,420502272,3.72,0.0,0.0,-13.8,0.0,21.93,8.69,4.24,0,4.74,-96.2,15.409999999999998,1.72,6.86,8
HLMN,Hillman Solutions Corp.,Industrials,Tools & Accessories,tools-accessories,1559866240,1.0,2.95,0.733,3.0,48.39,44.17,11.38,0.5,0,0.0,0.0,2.3,2.0,3.28,8
ALTI,"AlTi Global, Inc.",Financial Services,Asset Management,asset-management,553405120,2.04,1.104,0.997,28.1,25.759999999999998,0.0,8.3,1.09,0,0.0,0.0,-42.04,2.6100000000000003,-47.08,8
ALRS,Alerus Financial Corporation,Financial Services,Banks - Regional,banks-regional,782003456,3.31,0.0,0.0,18.7,0.0,29.64,11.57,2.69,0,2.73,71.2,11.459999999999999,3.02,3.09,8
VBNK,VersaBank,Financial Services,Banks - Regional,banks-regional,727622720,5.28,0.0,0.0,29.5,0.0,34.24,13.47,3.72,0,0.33,-11.5,22.040000000000003,0.0,5.34,8
BRCC,BRC Inc.,Consumer Defensive,Packaged Foods,packaged-foods,134554608,0.32,1.36,0.563,21.4,34.47,0.0,38.33,0.17,0,0.0,0.0,-2.16,6.819999999999999,-26.1,8
BRCB,"Black Rock Coffee Bar, Inc.",Consumer Cyclical,Restaurants,restaurants,174740432,0.83,0.867,0.646,23.7,43.68,0.0,30.28,0.36,0,0.0,0.0,0.15,6.45,-0.13,8
BRBI,BRBI BR Partners S.A.,Financial Services,Capital Markets,capital-markets,301862656,-0.03,1.032,1.02,5.7,0.0,27.38,0.0,-0.02,0,8.0,-12.5,0.0,0.0,22.35,8
NPKI,NPK International Inc.,Industrials,Building Products & Equipment,building-products-equipment,1194081152,4.16,1.582,1.31,15.9,35.74,33.67,22.81,2.25,0,0.0,4.7,13.71,2.52,11.09,8
DEA,"Easterly Government Properties, Inc.",Real Estate,REIT - Office,reit-office,1207189888,3.39,1.176,0.68,15.8,67.24,114.0,96.46,0.94,0,7.05,-70.39999999999999,3.16,7.55,0.98,8
DCTH,"Delcath Systems, Inc.",Healthcare,Medical Devices,medical-devices,465351808,5.15,11.242,9.725,26.3,85.97,1348.0,-26.43,0.53,0,0.0,0.0,0.62,10.4,2.43,8
KRUS,"Kura Sushi USA, Inc.",Consumer Cyclical,Restaurants,restaurants,681617664,2.22,1.46,1.271,23.3,16.220000000000002,0.0,217.84,1.43,0,0.0,0.0,-0.63,26.290000000000003,-0.82,8
MPTI,"M-tron Industries, Inc.",Technology,Electronic Components,electronic-components,392862400,6.97,11.762,9.823,15.299999999999999,44.940000000000005,34.31,25.9,3.25,0,0.0,19.6,16.33,3.6999999999999997,13.36,8
BFC,Bank First Corporation,Financial Services,Banks - Regional,banks-regional,1698130048,8.77,0.0,0.0,49.1,0.0,21.07,12.58,4.46,0,1.28,-2.1999999999999997,37.830000000000005,4.91,11.1,8
AIIR,AIR Global PLC,Consumer Defensive,Tobacco,tobacco,1085817344,0.0,0.0,0.0,0.0,0.0,23.34,10.76,0.0,0,0.0,0.0,0.0,0.04,22.35,8
VMO,unknown,Financial Services,Asset Management,asset-management,666313984,12.45,1.699,1.699,-0.4,100.0,35.29,0.0,12.5,0,7.58,1021.5,36.05,0.21,2.8,8
DSL,DoubleLine Income Solutions Fund,Financial Services,Asset Management,asset-management,1253407744,0.0,0.0,0.0,0.0,0.0,34.19,0.0,0.0,0,11.99,0.0,0.0,0.16,7.65,8
GOGO,Gogo Inc.,Communication Services,Telecom Services,telecom-services,517963552,0.57,1.66,1.056,-1.7000000000000002,42.93,38.3,4.79,0.58,0,0.0,7.199999999999999,1.54,18.69,12.78,8
USNA,"USANA Health Sciences, Inc.",Consumer Defensive,Packaged Foods,packaged-foods,402124416,0.43,2.51,1.471,0.3,77.55,43.56,7.86,0.1,0,0.0,-16.6,0.96,5.86,2.02,8
ALKT,"Alkami Technology, Inc.",Technology,Software - Application,software-application,2028013440,4.3,2.298,1.75,28.9,57.78,0.0,16.74,1.29,0,0.0,0.0,-10.549999999999999,12.590000000000002,-13.16,8
AIV,Apartment Investment and Management Company,Real Estate,REIT - Residential,reit-residential,422937152,3.05,1.52,1.095,-3.9,52.23,22.62,-6.53,3.17,0,0.0,0.0,400.04999999999995,2.44,153.1,8
LOMA,Loma Negra Compañía Industrial Argentina Sociedad Anónima,Basic Materials,Building Materials,building-materials,1377020288,0.0,2.015,0.621,1.0999999999999999,21.7,56.19,14.44,0.0,0,0.0,44.0,4.25,3.55,2.21,8
LQDT,"Liquidity Services, Inc.",Consumer Cyclical,Internet Retail,internet-retail,1196579840,2.49,1.514,1.326,3.6999999999999997,46.7,41.26,22.64,1.28,0,0.0,4.5,6.3,3.91,13.82,8
LZ,"LegalZoom.com, Inc.",Industrials,Specialty Business Services,specialty-business-services,1208400256,1.55,0.706,0.653,12.9,65.89,117.33,8.56,0.46,0,0.0,-78.2,1.46,14.13,8.98,8
SILA,"Sila Realty Trust, Inc.",Real Estate,REIT - Healthcare Facilities,reit-healthcare-facilities,1677119744,8.3,6.523,6.362,9.1,88.34,44.65,0.0,0.88,0,5.27,57.099999999999994,18.64,1.3299999999999998,2.49,8
SIFY,Sify Technologies Limited,Communication Services,Telecom Services,telecom-services,1104627840,0.02,0.737,0.497,24.0,41.949999999999996,0.0,305.0,0.01,0,0.0,0.0,-3.05,4.5600000000000005,-7.21,8
OPAL,OPAL Fuels Inc.,Utilities,Utilities - Regulated Gas,utilities-regulated-gas,365241216,1.08,2.199,1.908,-14.099999999999998,26.200000000000003,29.86,14.93,1.24,0,0.0,0.0,5.72,7.71,-114.09,8
NSSC,"Napco Security Technologies, Inc.",Industrials,Security & Protection Services,security-protection-services,1399796992,7.1,4.946,4.009,7.6,57.3,38.04,24.19,2.8,0,1.59,21.4,18.7,8.37,25.74,8
NRC,NRC Health,Healthcare,Health Information Services,health-information-services,507075648,3.66,0.519,0.362,3.6999999999999997,61.8,57.69,21.03,1.35,0,2.68,-44.0,6.52,14.799999999999999,82.92,8
OFLX,"Omega Flex, Inc.",Industrials,Specialty Industrial Machinery,specialty-industrial-machinery,317567360,3.24,5.721,4.633,-1.0,59.160000000000004,23.65,0.0,3.27,0,4.35,-41.8,13.600000000000001,1.91,17.61,8
ODD,Oddity Tech Ltd.,Consumer Defensive,Household & Personal Products,household-personal-products,800260992,1.08,4.06,2.59,-26.200000000000003,71.09,21.96,17.34,1.37,0,0.0,0.0,6.97,31.929999999999996,27.93,8
OCSL,Oaktree Specialty Lending Corporation,Financial Services,Asset Management,asset-management,1059668800,3.56,4.796,4.478,-9.3,100.0,20.39,8.77,3.89,0,12.62,0.0,16.66,4.04,2.31,8
GBFH,GBank Financial Holdings Inc.,Financial Services,Banks - Regional,banks-regional,454079648,6.23,0.0,0.0,4.3,0.0,25.93,8.86,5.96,0,0.0,-71.0,24.39,6.77,12.63,8
DLY,DoubleLine Yield Opportunities Fund,Financial Services,Asset Management,asset-management,684886080,0.0,0.0,0.0,0.0,0.0,24.33,0.0,0.0,0,9.93,0.0,0.0,0.0,6.45,8
FLNG,FLEX LNG Ltd.,Energy,Oil & Gas Midstream,oil-gas-midstream,1617902976,4.76,2.723,2.26,-9.0,73.03,21.52,13.93,5.19,0,10.24,4.0,22.259999999999998,13.91,10.4,8
FTW,Presidio Production Company,Energy,Oil & Gas E&P,oil-gas-e-p,353537440,2.1,0.786,0.352,-1.7000000000000002,100.07999999999998,32.54,11.47,2.13,0,11.28,0.0,-13.850000000000001,0.0,-362.19,8
GENVR,Gen Digital Inc.,,,,0,0.0,0.399,0.255,27.0,78.46,0.0,0.0,0.0,0,0.0,265.2,19.46,0.0,0.0,8
VIA,unknown,Technology,Software - Application,software-application,1646647424,3.56,5.089,4.889,29.2,39.31,0.0,34.45,1.53,0,0.0,0.0,-21.63,16.37,-15.35,8
AGRO,Adecoagro S.A.,Consumer Defensive,Farm Products,farm-products,1366601216,0.91,1.736,0.73,22.5,21.23,473.5,7.57,0.56,0,3.07,55.60000000000001,0.91,3.5900000000000003,-0.5,8
PINE,"Alpine Income Property Trust, Inc.",Real Estate,REIT - Retail,reit-retail,364378016,5.63,36.088,1.249,29.599999999999998,86.06,0.0,42.17,0.55,0,5.67,0.0,1.09,1.09,-0.95,8
FBIOP,"Fortress Biotech, Inc.",Healthcare,Biotechnology,biotechnology,0,0.0,2.858,2.721,22.1,53.36,0.0,0.0,0.0,0,0.0,0.0,193.12,0.0,13.67,8
FDP,Del Monte Corporation,,,,1390188416,0.33,2.342,1.001,-4.9,9.28,20.15,8.67,0.34,0,0.0,-67.2,1.63,0.0,4.5,8
ELMT,The Elmet Group Co.,Industrials,Aerospace & Defense,aerospace-defense,523448384,2.48,1.752,0.517,20.7,21.43,0.0,32.48,1.54,0,0.0,0.0,1.34,11.93,-1.07,8
EFT,Eaton Vance Floating-Rate Income Trust,Financial Services,Asset Management,asset-management,286511456,6.39,0.094,0.093,-18.099999999999998,100.0,22.46,0.0,7.54,0,7.46,-47.199999999999996,28.439999999999998,0.0,5.77,8
VYX,NCR Voyix Corporation,Technology,Information Technology Services,information-technology-services,1207190784,0.45,1.058,0.621,-1.0,24.169999999999998,31.29,8.97,0.45,0,0.0,0.0,2.76,36.18,6.54,8
MITK,"Mitek Systems, Inc.",Technology,Software - Application,software-application,897306432,4.73,2.611,2.495,5.6000000000000005,83.5,58.44,16.37,0.74,0,0.0,0.0,8.74,8.09,3.66,8
MDXG,"MiMedx Group, Inc.",Healthcare,Biotechnology,biotechnology,606209152,1.56,5.395,4.62,-33.1,81.04,20.35,28.4,2.07,0,0.0,0.0,7.88,6.510000000000001,18.94,8
OMCL,"Omnicell, Inc.",Healthcare,Health Information Services,health-information-services,2057465856,1.68,1.495,1.042,14.899999999999999,43.87,102.82,20.61,0.8,0,0.0,0.0,1.67,8.43,0.17,8
BALY,Bally's Corporation,Consumer Cyclical,Resorts & Casinos,resorts-casinos,639760768,0.23,1.113,0.802,28.299999999999997,59.330000000000005,0.0,-6.0,0.07,0,0.0,0.0,-29.98,8.38,-57.08,8
PBFS,"Pioneer Bancorp, Inc.",Financial Services,Banks - Regional,banks-regional,415785568,4.4,0.0,0.0,8.3,0.0,21.02,0.0,4.04,0,0.0,-4.6,20.990000000000002,1.1400000000000001,6.26,8
ESQ,"Esquire Financial Holdings, Inc.",Financial Services,Banks - Regional,banks-regional,1040878656,7.31,0.0,0.0,17.0,0.0,20.28,13.93,6.07,0,0.62,5.3,36.26,9.790000000000001,17.55,8
YSG,Yatsen Holding Limited,Consumer Defensive,Household & Personal Products,household-personal-products,331133312,0.07,3.591,1.786,22.5,78.5,0.0,7.96,0.01,0,0.0,0.0,-3.0300000000000002,0.33,-2.69,8
WEAV,"Weave Communications, Inc.",Healthcare,Health Information Services,health-information-services,533089728,2.14,1.242,0.954,17.4,72.34,0.0,28.51,0.49,0,0.0,0.0,-10.05,7.829999999999999,-34.05,6
WTI,"W&T Offshore, Inc.",Energy,Oil & Gas E&P,oil-gas-e-p,459723072,0.88,0.995,0.921,15.5,38.15,0.0,-30.8,0.46,0,1.29,0.0,-27.229999999999997,19.189999999999998,75.12,6
ACVA,ACV Auctions Inc.,Consumer Cyclical,Auto & Truck Dealerships,auto-truck-dealerships,1297165696,1.66,1.471,1.428,11.799999999999999,27.1,0.0,22.31,1.07,0,0.0,0.0,-7.960000000000001,9.86,-15.39,6
ADAMZ,"Adamas Trust, Inc.",Real Estate,REIT - Mortgage,reit-mortgage,0,0.0,0.817,0.772,10.7,75.0,0.0,0.0,0.0,0,9.34,21.2,48.08,0.0,16.81,6
XPRO,Expro Group Holdings N.V.,Energy,Oil & Gas Equipment & Services,oil-gas-equipment-services,1589812992,1.0,2.13,1.554,-6.0,23.27,43.81,12.08,1.06,0,0.0,0.0,2.32,8.21,3.37,6
PCRX,"Pacira BioSciences, Inc.",Healthcare,Drug Manufacturers - Specialty & Generic,drug-manufacturers-specialty-generic,1006913408,1.37,4.734,3.014,5.0,79.34,196.85,7.02,0.27,0,0.0,-30.0,0.7000000000000001,23.06,1.01,6
YEXT,"Yext, Inc.",Technology,Software - Infrastructure,software-infrastructure,500238048,1.12,0.789,0.639,-1.4000000000000001,74.79,62.38,7.56,1.14,0,0.0,226.39999999999998,8.93,9.02,23.76,6
XRN,Chiron Real Estate Inc.,Real Estate,REIT - Healthcare Facilities,reit-healthcare-facilities,540430784,3.57,0.986,0.781,10.100000000000001,100.0,0.0,-24.4,0.0,0,15.09,0.0,-5.06,5.94,-1.51,6
YSWY,"Yesway, Inc.",Consumer Defensive,Grocery Stores,grocery-stores,1320138112,0.48,1.316,0.581,14.399999999999999,21.66,0.0,19.99,0.32,0,0.0,0.0,3.27,8.39,3.37,6
ZD,"Ziff Davis, Inc.",Communication Services,Advertising Agencies,advertising-agencies,1981007744,1.37,1.662,1.062,-1.9,85.44,45.97,9.45,1.4,0,0.0,4.3999999999999995,3.1399999999999997,24.23,2.7,6
LSPD,Lightspeed Commerce Inc.,Technology,Software - Application,software-application,1394851072,1.14,4.278,3.195,14.7,42.94,0.0,11.56,0.55,0,0.0,0.0,-11.77,5.2,-9.74,6
LSAK,"Lesaka Technologies, Inc.",Technology,Software - Infrastructure,software-infrastructure,417830368,0.6,1.536,0.761,13.4,30.930000000000003,0.0,10.36,0.36,0,0.0,0.0,-4.03,0.44999999999999996,-34.38,6
SG,"Sweetgreen, Inc.",Consumer Cyclical,Restaurants,restaurants,956562624,1.42,1.607,1.501,-2.9000000000000004,14.35,67.08,-14.46,1.46,0,0.0,0.0,2.4899999999999998,22.31,-37.65,6
BAND,Bandwidth Inc.,Technology,Software - Infrastructure,software-infrastructure,1942489984,2.46,0.942,0.83,19.8,38.24,0.0,27.11,1.22,0,0.0,0.0,-0.64,5.220000000000001,-3.23,6
LXFR,Luxfer Holdings PLC,Industrials,Specialty Industrial Machinery,specialty-industrial-machinery,468561184,1.26,1.751,0.689,-13.5,24.15,41.31,12.26,1.43,0,3.03,-33.7,1.5599999999999998,1.68,3.4,6
AVO,"Mission Produce, Inc.",Consumer Defensive,Food Distribution,food-distribution,1173770240,0.94,1.91,1.032,-23.5,12.23,41.53,15.92,1.16,0,0.0,0.0,1.83,7.199999999999999,6.42,6
MH,"McGraw Hill, Inc.",Consumer Defensive,Education & Training Services,education-training-services,2019876352,0.96,0.769,0.486,-2.0,80.92,55.58,5.17,0.98,0,0.0,0.0,1.68,12.76,4.86,6
MLAB,"Mesa Laboratories, Inc.",Technology,Scientific & Technical Instruments,scientific-technical-instruments,566636928,2.27,1.717,1.174,2.6,63.53,84.76,8.36,0.81,0,0.61,0.0,2.69,6.3100000000000005,3.6,6
MEI,"Methode Electronics, Inc.",Technology,Electronic Components,electronic-components,543428096,0.53,2.367,1.578,15.9,19.919999999999998,0.0,23.21,0.36,0,1.31,0.0,-3.5000000000000004,4.99,-5.27,6
SFL,SFL Corporation Ltd.,Industrials,Marine Shipping,marine-shipping,1453611136,2.06,0.317,0.206,-6.7,58.5,45.54,22.8,2.19,0,8.31,0.0,4.46,3.16,-2.75,6
MAN,ManpowerGroup Inc.,Industrials,Staffing & Employment Services,staffing-employment-services,1787742208,0.1,1.124,1.078,10.299999999999999,16.45,0.0,8.03,0.07,0,3.71,-58.199999999999996,-0.09,16.96,-0.65,6
SIBN,"SI-BONE, Inc.",Healthcare,Medical Devices,medical-devices,784095360,3.8,9.993,8.202,11.200000000000001,79.59,0.0,-50.1,0.69,0,0.0,0.0,-8.1,15.590000000000002,-10.65,6
SKBL,Skyline Builders Group Holding Ltd,Industrials,Engineering & Construction,engineering-construction,81762424,1.72,1.586,1.307,6.3,6.74,165.0,0.0,1.5,0,0.0,-40.9,1.34,14.940000000000001,8.47,6
MNKD,MannKind Corporation,Healthcare,Biotechnology,biotechnology,1319217280,3.66,1.867,1.428,15.1,75.63,0.0,22.18,0.76,0,0.0,0.0,-6.63,10.26,-11.49,6
SPT,"Sprout Social, Inc.",Technology,Software - Application,software-application,495269600,1.05,0.953,0.763,11.200000000000001,77.47,0.0,6.95,0.21,0,0.0,0.0,-8.18,8.780000000000001,-21.3,6
REAL,"The RealReal, Inc.",Consumer Cyclical,Luxury Goods,luxury-goods,1380789376,1.91,0.842,0.617,18.5,74.48,0.0,51.05,0.4,0,0.0,0.0,-9.030000000000001,16.68,10.06,6
KIDS,OrthoPediatrics Corp.,Healthcare,Medical Devices,medical-devices,525258144,2.16,5.211,2.188,13.3,73.07000000000001,0.0,-30.07,0.5,0,0.0,0.0,-16.31,4.9,-11.44,6
SRPT,"Sarepta Therapeutics, Inc.",Healthcare,Biotechnology,biotechnology,2024952064,0.93,4.627,2.406,-1.9,21.560000000000002,54.8,7.04,0.94,0,0.0,0.0,2.98,28.57,-62.55,6
LIND,"Lindblad Expeditions Holdings, Inc.",Consumer Cyclical,Travel Services,travel-services,1671488000,2.09,0.813,0.581,15.7,45.96,0.0,76.05,0.95,0,0.0,0.0,-3.05,10.91,10.45,6
CEVA,"CEVA, Inc.",Technology,Semiconductors,semiconductors,1243642112,11.07,10.26,9.665,11.5,87.19,0.0,54.45,1.26,0,0.0,0.0,-10.47,6.9,-3.16,6
SONO,"Sonos, Inc.",Technology,Consumer Electronics,consumer-electronics,1620150016,1.11,1.583,1.01,8.4,45.01,80.0,13.4,0.56,0,0.0,0.0,1.6199999999999999,16.689999999999998,-17.21,6
ATRC,"AtriCure, Inc.",Healthcare,Medical Instruments & Supplies,medical-instruments-supplies,1640260864,2.97,4.286,2.971,14.299999999999999,75.61,0.0,92.89,0.62,0,0.0,0.0,-0.83,7.08,-2.33,6
MQ,"Marqeta, Inc.",Technology,Software - Infrastructure,software-infrastructure,1770550400,2.72,1.648,1.226,19.2,70.00999999999999,420.75,40.05,0.66,0,0.0,0.0,0.33,5.140000000000001,-1.83,6
CLNE,Clean Energy Fuels Corp.,Energy,Oil & Gas Refining & Marketing,oil-gas-refining-marketing,469078496,1.07,2.461,1.828,13.3,27.310000000000002,0.0,43.47,0.67,0,0.0,0.0,-22.68,4.2299999999999995,-39.69,6
SMWB,Similarweb Ltd.,Technology,Software - Application,software-application,548379456,1.89,0.718,0.589,10.100000000000001,79.60000000000001,0.0,26.67,0.35,0,0.0,0.0,-10.38,0.9400000000000001,-141.2,6
SMA,"SmartStop Self Storage REIT, Inc.",Real Estate,REIT - Industrial,reit-industrial,1815981696,6.58,0.305,0.266,13.100000000000001,64.88000000000001,102.5,60.78,2.01,0,4.75,0.0,4.7,7.8100000000000005,-0.13,6
JOUT,Johnson Outdoors Inc.,Consumer Cyclical,Leisure,leisure,449992768,0.69,3.484,1.912,15.5,37.46,0.0,18.28,0.36,0,3.04,304.5,-2.33,14.81,-8.2,6
IRMD,IRADIMED CORPORATION,Healthcare,Medical Devices,medical-devices,1307704576,15.16,7.132,5.759,12.6,76.84,55.9,43.44,3.07,0,0.79,22.1,27.36,8.23,23.76,6
CGNT,Cognyte Software Ltd.,Technology,Software - Infrastructure,software-infrastructure,686201984,1.67,1.317,1.062,10.4,72.64,0.0,12.14,0.41,0,0.0,0.0,-0.66,0.83,-0.31,6
CHCT,Community Healthcare Trust Incorporated,Real Estate,REIT - Healthcare Facilities,reit-healthcare-facilities,516577984,4.21,3.189,2.655,4.8,80.51,150.67,45.2,0.78,0,10.4,119.10000000000001,4.9399999999999995,2.73,1.19,6
INNV,InnovAge Holding Corp.,Healthcare,Medical Care Facilities,medical-care-facilities,1643767808,1.73,1.034,0.871,15.5,68.35,0.0,31.87,0.46,0,0.0,0.0,-1.22,3.5700000000000003,-12.9,6
STGW,Stagwell Inc.,Communication Services,Advertising Agencies,advertising-agencies,1878736128,0.63,0.827,0.69,8.0,36.059999999999995,108.29,6.47,0.37,0,0.0,0.0,0.64,9.93,3.84,6
INTA,"Intapp, Inc.",Technology,Software - Application,software-application,2126899968,3.8,0.765,0.677,13.100000000000001,75.08,0.0,17.83,0.82,0,0.0,0.0,-6.4799999999999995,8.05,-3.5,6
ATEC,"Alphatec Holdings, Inc.",Healthcare,Medical Devices,medical-devices,1434854272,1.82,1.899,1.052,13.600000000000001,70.17999999999999,0.0,16.15,0.47,0,0.0,0.0,-15.93,9.28,-1153.79,6
MMI,"Marcus & Millichap, Inc.",Real Estate,Real Estate Services,real-estate-services,1208784896,1.55,2.649,2.227,18.2,37.85,0.0,35.51,0.79,0,1.57,0.0,-0.08,7.07,-0.32,6
RMIX,"Suncrete, Inc.",Basic Materials,Building Materials,building-materials,2051088000,10.53,1.001,0.745,38.6,34.35,55.87,47.6,4.24,0,0.0,0.0,1.01,0.0,-670.85,6
PRCH,"Porch Group, Inc.",Financial Services,Insurance - Property & Casualty,insurance-property-casualty,1627920640,3.26,2.38,1.853,15.6,73.25,0.0,-19.84,0.74,0,0.0,0.0,-3.3000000000000003,22.869999999999997,13.65,6
PRAA,"PRA Group, Inc.",Financial Services,Credit Services,credit-services,699122496,0.56,22.39,21.806,16.7,100.0,0.0,6.49,0.0,0,0.0,711.1,-22.509999999999998,4.84,-31.14,6
EIG,"Employers Holdings, Inc.",Financial Services,Insurance - Specialty,insurance-specialty,931483520,1.08,1.181,0.665,2.5,1.3299999999999998,111.0,19.89,1.04,0,2.5,0.0,0.95,15.129999999999999,1.13,6
EQBK,"Equity Bancshares, Inc.",Financial Services,Banks - Regional,banks-regional,1009953280,4.58,0.0,0.0,33.7,0.0,41.47,9.4,3.03,0,1.46,-5.8999999999999995,11.17,2.06,3.1,6
PHAR,Pharming Group N.V.,Healthcare,Biotechnology,biotechnology,1010647104,2.74,2.63,2.049,-8.4,88.14,75.32,218.47,2.97,0,0.0,0.0,3.34,0.01,1.03,6
PKE,Park Aerospace Corp.,Industrials,Aerospace & Defense,aerospace-defense,787512896,10.74,18.243,16.844,42.8,30.930000000000003,67.36,73.96,4.24,0,1.32,215.79999999999998,15.379999999999999,5.7,8.67,6
WGS,GeneDx Holdings Corp.,Healthcare,Diagnostics & Research,diagnostics-research,2045208192,4.62,3.088,2.825,17.4,69.56,0.0,55.95,1.16,0,0.0,0.0,-17.580000000000002,38.92,-6.82,6
WOOF,"Petco Health and Wellness Company, Inc.",Consumer Cyclical,Specialty Retail,specialty-retail,736758336,0.12,0.85,0.18,0.2,38.72,129.0,9.29,0.08,0,0.0,0.0,0.09,20.23,0.78,6
PACK,Ranpak Holdings Corp.,Consumer Cyclical,Packaging & Containers,packaging-containers,565451584,1.4,1.727,1.197,11.0,33.26,0.0,-110.17,0.83,0,0.0,0.0,-9.28,5.55,-7.16,6
PAR,PAR Technology Corporation,Technology,Software - Application,software-application,764704576,1.61,2.103,1.474,19.400000000000002,43.669999999999995,0.0,14.39,0.73,0,0.0,0.0,-16.04,30.34,-10.24,6
ADTN,"ADTRAN Holdings, Inc.",Technology,Communication Equipment,communication-equipment,1044065472,0.93,1.766,0.883,15.5,38.57,0.0,16.96,0.48,0,0.0,0.0,-3.18,16.93,-31.31,6
AAT,"American Assets Trust, Inc.",Real Estate,REIT - Diversified,reit-diversified,1952499072,4.5,0.698,0.664,1.7999999999999998,61.96,83.9,34.96,1.68,0,5.33,-88.0,4.21,5.86,6.2,6
GDYN,"Grid Dynamics Holdings, Inc.",Technology,Information Technology Services,information-technology-services,495066272,1.19,7.878,7.562,3.6999999999999997,34.07,98.67,11.05,0.76,0,0.0,0.0,1.27,11.59,1.78,6
GDRX,"GoodRx Holdings, Inc.",Healthcare,Health Information Services,health-information-services,1043120064,1.32,1.474,0.559,-4.3999999999999995,91.83,51.33,8.6,1.38,0,0.0,-88.3,2.6100000000000003,8.02,4.94,6
AIOT,"PowerFleet, Inc.",Technology,Software - Infrastructure,software-infrastructure,587712256,1.32,1.134,0.906,10.5,55.53,0.0,13.07,0.53,0,0.0,0.0,-4.63,11.559999999999999,-4.32,6
GEL,"Genesis Energy, L.P.",Energy,Oil & Gas Midstream,oil-gas-midstream,1738993280,1.04,0.975,0.88,12.1,36.39,0.0,18.93,0.58,0,5.07,0.0,2.11,4.78,-184.91,6
VLRS,"Controladora Vuela Compañía de Aviación, S.A.B. de C.V.",Industrials,Airlines,airlines,1071599808,0.34,0.667,0.494,13.600000000000001,28.38,0.0,-531.93,0.21,0,0.0,0.0,-3.9699999999999998,2.44,-39.38,6
ENTA,"Enanta Pharmaceuticals, Inc.",Healthcare,Biotechnology,biotechnology,421927296,6.1,3.842,3.695,15.0,100.0,0.0,-7.42,0.0,0,0.0,0.0,-89.56,9.99,-126.53,6
BNED,"Barnes & Noble Education, Inc.",Consumer Cyclical,Specialty Retail,specialty-retail,393033536,0.23,1.424,0.736,11.3,20.349999999999998,0.0,11.35,0.16,0,2.63,-67.7,-0.5599999999999999,8.9,-24.18,6
GOODN,Gladstone Commercial Corporation,Real Estate,REIT - Diversified,reit-diversified,0,0.0,1.915,1.467,11.799999999999999,78.53999999999999,0.0,0.0,0.0,0,7.37,84.39999999999999,12.740000000000002,0.0,11.23,6
VERX,"Vertex, Inc.",Technology,Software - Application,software-application,2079347584,2.71,0.862,0.726,11.1,64.25,0.0,12.37,0.86,0,0.0,0.0,-0.84,10.32,2.79,6
GOTU,Gaotu Techedu Inc.,Consumer Defensive,Education & Training Services,education-training-services,414909536,0.07,0.905,0.752,13.200000000000001,67.46,0.0,15.96,0.02,0,0.0,-71.2,-6.510000000000001,1.94,-25.79,6
HTZWW,"Hertz Global Holdings, Inc.",,,,0,0.0,0.776,0.376,10.5,15.72,0.0,0.0,0.0,0,0.0,0.0,-7.33,0.0,162.75,6
HUYA,HUYA Inc.,Communication Services,Entertainment,entertainment,553796800,0.08,2.452,1.947,14.6,13.94,0.0,12.58,0.06,0,0.0,0.0,-1.7500000000000002,4.32,-2.29,6
CVEO,Civeo Corporation,Consumer Cyclical,Lodging,lodging,350404352,0.52,1.885,1.542,19.900000000000002,24.240000000000002,0.0,59.3,0.32,0,3.61,0.0,-2.1,3.82,-11.51,6
CVLG,"Covenant Logistics Group, Inc.",Industrials,Trucking,trucking,1099468800,0.91,1.044,0.879,14.000000000000002,21.17,485.33,16.64,0.62,0,0.64,-29.2,0.42,3.2300000000000004,1.79,6
NEO,"NeoGenomics, Inc.",Healthcare,Diagnostics & Research,diagnostics-research,1974010496,2.65,4.418,3.712,11.1,43.1,0.0,41.59,1.34,0,0.0,0.0,-13.3,7.64,-12.91,6
AMPL,"Amplitude, Inc.",Technology,Software - Application,software-application,1181637504,3.31,1.515,1.283,16.900000000000002,73.57000000000001,0.0,66.46,0.73,0,0.0,0.0,-25.11,8.790000000000001,-36.09,6
CBRL,"Cracker Barrel Old Country Store, Inc.",Consumer Cyclical,Restaurants,restaurants,1130313344,0.34,0.501,0.118,-2.9000000000000004,31.61,43.97,75.68,0.35,0,1.87,239.29999999999998,0.79,44.99,10.05,6
CCO,"Clear Channel Outdoor Holdings, Inc.",Communication Services,Advertising Agencies,advertising-agencies,1224105344,0.74,1.252,0.901,11.899999999999999,53.89000000000001,0.0,-17.18,0.3,0,0.0,0.0,-5.55,5.4,-0.59,6
GSM,Ferroglobe PLC,Basic Materials,Other Industrial Metals & Mining,other-industrial-metals-mining,635325760,0.46,1.429,0.761,13.200000000000001,33.22,0.0,8.29,0.27,0,1.77,0.0,-8.09,3.52,-28.66,6
VCV,Invesco California Value Municipal Income Trust,Financial Services,Asset Management,asset-management,530931008,14.08,1.917,1.911,-3.3000000000000003,100.0,41.58,0.0,14.55,0,7.18,1329.6,32.82,0.19,2.42,6
PSFE,Paysafe Limited,Technology,Software - Infrastructure,software-infrastructure,432531072,0.25,1.16,0.289,10.4,56.42,0.0,3.25,0.1,0,0.0,0.0,-11.44,13.469999999999999,-27.86,6
HLX,"Helix Energy Solutions Group, Inc.",Energy,Oil & Gas Equipment & Services,oil-gas-equipment-services,1254224640,0.96,2.915,2.702,3.5999999999999996,10.79,85.1,15.26,0.83,0,0.0,0.0,1.0999999999999999,6.2700000000000005,1.95,6
CYRX,"Cryoport, Inc.",Industrials,Integrated Freight & Logistics,integrated-freight-logistics,767627200,4.2,2.093,1.968,16.5,47.19,0.0,-24.56,1.85,0,0.0,0.0,43.59,5.25,17.01,6
DAO,"Youdao, Inc.",Consumer Defensive,Education & Training Services,education-training-services,1526028032,0.26,0.523,0.425,3.8,43.72,140.56,31.69,0.14,0,0.0,-50.0,1.16,3.54,-5.44,6
ALX,"Alexander's, Inc.",Real Estate,REIT - Retail,reit-retail,1394800896,6.59,8.357,4.927,-2.7,48.13,67.94,20.99,6.77,0,6.55,-62.2,9.719999999999999,16.619999999999997,25.86,6
DBVT,DBV Technologies S.A.,Healthcare,Biotechnology,biotechnology,923904192,161.07,4.763,4.716,12.5,100.0,0.0,-31.6,0.0,0,0.0,0.0,0.0,2.41,-87.07,6
SWIM,"Latham Group, Inc.",Industrials,Building Products & Equipment,building-products-equipment,727951872,1.32,1.88,1.079,5.3,33.77,88.57,22.91,0.83,0,0.0,0.0,1.55,6.419999999999999,2.74,6
NEWTP,"NewtekOne, Inc.",Financial Services,Banks - Regional,banks-regional,0,0.0,14.943,2.315,10.7,86.63,0.0,0.0,0.0,0,8.53,22.900000000000002,16.42,0.0,17.32,6
BLND,"Blend Labs, Inc.",Technology,Software - Application,software-application,443073504,3.47,1.81,1.56,14.899999999999999,74.88,0.0,17.94,0.74,0,0.0,0.0,-4.18,6.67,26.43,6
NABL,"N-able, Inc.",Technology,Information Technology Services,information-technology-services,794956352,1.51,1.26,1.12,13.100000000000001,80.23,0.0,8.79,0.26,0,0.0,0.0,-1.9900000000000002,5.140000000000001,-2.12,6
PZZA,"Papa John's International, Inc.",Consumer Cyclical,Restaurants,restaurants,1139725696,0.57,0.844,0.505,-7.7,20.49,41.73,19.78,0.61,0,5.14,-22.2,1.4200000000000002,24.02,-6.86,6
HTZ,"Hertz Global Holdings, Inc.",Industrials,Rental & Leasing Services,rental-leasing-services,647317248,0.07,0.776,0.376,10.5,15.72,0.0,8.2,0.06,0,0.0,0.0,-7.33,41.19,162.75,6
PWP,Perella Weinberg Partners,Financial Services,Capital Markets,capital-markets,1637235840,2.38,1.585,1.086,-29.7,96.66,68.88,11.44,3.09,0,1.7,-92.4,2.85,11.26,-27.86,6
TFIN,"Triumph Financial, Inc.",Financial Services,Banks - Regional,banks-regional,1873075968,4.24,0.0,0.0,6.2,0.0,66.12,28.33,3.97,0,0.0,0.0,7.17,14.56,2.83,6
IIIV,"i3 Verticals, Inc.",Technology,Software - Infrastructure,software-infrastructure,606393152,2.07,0.502,0.371,6.2,19.08,197.36,17.06,1.57,0,0.0,0.0,-2.01,45.67,4.59,6
TDUP,ThredUp Inc.,Consumer Cyclical,Internet Retail,internet-retail,892962688,2.78,0.948,0.844,14.6,79.4,0.0,-115.33,0.49,0,0.0,0.0,-6.69,22.14,-34.15,6
TDAY,"USA TODAY Co., Inc.",Communication Services,Publishing,publishing,1275421696,0.56,0.791,0.624,-4.0,39.379999999999995,48.17,27.52,0.58,0,0.0,0.0,1.27,11.91,1.13,6
TCI,"Transcontinental Realty Investors, Inc.",Real Estate,Real Estate Services,real-estate-services,400432320,8.11,3.942,3.673,2.8000000000000003,40.8,42.52,0.0,4.67,0,0.0,-96.39999999999999,18.94,0.7000000000000001,1.63,6
BHC,Bausch Health Companies Inc.,Healthcare,Drug Manufacturers - Specialty & Generic,drug-manufacturers-specialty-generic,1792683136,0.17,1.32,0.77,11.700000000000001,71.04,0.0,1.14,0.04,0,0.0,0.0,-11.469999999999999,2.4899999999999998,-28.34,6
NEGG,"Newegg Commerce, Inc.",Consumer Cyclical,Internet Retail,internet-retail,308728800,0.22,1.707,0.557,-11.799999999999999,12.29,56.62,-147.2,0.25,0,0.0,0.0,0.38,26.35,-3.04,6
NDMO,Nuveen Dynamic Municipal Opportunities Fund,Financial Services,Asset Management,asset-management,621949120,0.0,0.0,0.0,0.0,0.0,41.72,0.0,0.0,0,6.72,0.0,0.0,0.41000000000000003,2.35,6
APPS,"Digital Turbine, Inc.",Technology,Software - Application,software-application,1349000960,2.39,1.162,1.094,19.6,48.59,0.0,10.55,0.99,0,0.0,0.0,-6.68,10.24,-19.65,6
USPH,"U.S. Physical Therapy, Inc.",Healthcare,Medical Care Facilities,medical-care-facilities,1116754688,1.42,1.186,1.076,7.9,21.9,146.76,21.5,1.02,0,2.52,0.0,4.41,8.62,3.16,6
FVR,"FrontView REIT, Inc.",Real Estate,REIT - Diversified,reit-diversified,484163968,7.07,1.326,0.739,10.7,85.57000000000001,0.0,-3549.66,0.91,0,4.12,0.0,-3.91,10.01,-0.98,6
NXDR,unknown,Communication Services,Internet Content & Information,internet-content-information,877191744,3.31,14.01,13.67,13.8,83.94,0.0,-41.82,0.46,0,0.0,0.0,-16.470000000000002,3.11,-12.57,6
DJCO,Daily Journal Corporation,Technology,Software - Application,software-application,805099392,8.56,15.423,15.162,25.0,34.160000000000004,57.74,0.0,4.23,0,0.0,0.0,14.829999999999998,16.27,28.68,6
KODK,Eastman Kodak Company,Industrials,Specialty Business Services,specialty-business-services,813606208,0.75,2.525,1.404,7.3,22.45,0.0,0.0,0.54,0,0.0,0.0,-12.6,7.969999999999999,-20.85,4
KRNT,Kornit Digital Ltd.,Industrials,Specialty Industrial Machinery,specialty-industrial-machinery,718277376,3.42,12.033,10.9,4.5,43.79,0.0,56.57,1.83,0,0.0,0.0,-7.93,1.44,-1.9,4
CRSR,"Corsair Gaming, Inc.",Technology,Computer Hardware,computer-hardware,969421568,0.67,1.742,0.862,-4.1000000000000005,30.209999999999997,100.78,11.82,0.69,0,0.0,0.0,0.49,17.83,-2.55,4
CPS,Cooper-Standard Holdings Inc.,Consumer Cyclical,Auto Parts,auto-parts,496970400,0.18,1.401,0.965,2.9000000000000004,12.06,0.0,6.2,0.15,0,0.0,0.0,-1.41,3.1,4.99,4
IART,Integra LifeSciences Holdings Corporation,Healthcare,Medical Devices,medical-devices,1414347776,0.86,3.379,1.528,2.4,56.720000000000006,0.0,6.94,0.36,0,0.0,0.0,-30.15,12.790000000000001,-49.5,4
INN,"Summit Hotel Properties, Inc.",Real Estate,REIT - Hotel & Motel,reit-hotel-motel,709791296,0.97,1.312,0.855,0.3,42.730000000000004,0.0,-18.71,0.56,0,4.71,0.0,-1.48,0.01,-0.59,4
MTUS,Metallus Inc.,Basic Materials,Steel,steel,765535360,0.65,1.731,0.788,9.9,8.290000000000001,262.71,13.78,0.53,0,0.0,331.70000000000005,0.24,6.619999999999999,-0.17,4
MTRX,Matrix Service Company,Industrials,Engineering & Construction,engineering-construction,365740064,0.43,0.895,0.863,3.3000000000000003,6.22,0.0,18.71,0.39,0,0.0,0.0,-1.77,2.67,-20.64,4
JBGS,JBG SMITH Properties,Real Estate,REIT - Diversified,reit-diversified,928580928,1.84,1.087,0.945,5.8999999999999995,49.5,0.0,-9.34,0.87,0,4.52,0.0,-22.21,23.34,-12.01,4
JBLU,JetBlue Airways Corporation,Industrials,Airlines,airlines,2254434304,0.25,0.699,0.533,4.7,22.1,0.0,-9.61,0.18,0,0.0,0.0,-7.779999999999999,23.630000000000003,-28.4,4
KYN,"Kayne Anderson Energy Infrastructure Fund, Inc.",Financial Services,Asset Management,asset-management,2347469312,23.63,0.09,0.09,8.5,100.0,0.0,4.82,0.0,0,7.76,0.0,386.81,0.04,-2.01,4
LAB,Standard BioTools Inc.,Healthcare,Medical Devices,medical-devices,347345056,4.03,12.356,11.772,4.6,53.269999999999996,0.0,-88.73,1.8,0,0.0,0.0,90.67,4.2299999999999995,-17.65,4
CNXC,Concentrix Corporation,Technology,Information Technology Services,information-technology-services,1429049856,0.14,1.179,0.87,1.9,34.47,0.0,1.97,0.09,0,6.1,36.1,-13.139999999999999,19.439999999999998,-46.6,4
LDI,"loanDepot, Inc.",Financial Services,Mortgage Finance,mortgage-finance,771801984,0.63,1.181,0.425,1.7000000000000002,89.35,0.0,5.41,0.07,0,0.0,0.0,-6.35,15.8,-26.71,4
RPAY,Repay Holdings Corporation,Technology,Software - Infrastructure,software-infrastructure,368202944,1.18,1.789,1.139,4.5,75.1,0.0,3.75,0.28,0,0.0,0.0,-82.73,8.09,-52.99,4
ATNI,"ATN International, Inc.",Communication Services,Telecom Services,telecom-services,380368480,0.52,1.21,0.889,1.6,56.75,0.0,20.11,0.22,0,4.51,0.0,-1.2,2.1,-3.36,4
RXT,"Rackspace Technology, Inc.",Technology,Software - Infrastructure,software-infrastructure,1601254528,0.59,0.681,0.464,1.9,18.85,0.0,123.53,0.47,0,0.0,0.0,-5.41,16.439999999999998,18.52,4
SABR,Sabre Corporation,Technology,Software - Infrastructure,software-infrastructure,842017344,0.3,0.925,0.825,8.3,56.54,0.0,14.69,0.12,0,0.0,-81.8,17.580000000000002,14.860000000000001,-49.92,4
KRO,"Kronos Worldwide, Inc.",Basic Materials,Specialty Chemicals,specialty-chemicals,671910208,0.36,3.178,1.286,4.1000000000000005,10.290000000000001,0.0,14.97,0.31,0,3.35,0.0,-7.12,6.0600000000000005,-14.77,4
CGC,Canopy Growth Corporation,Healthcare,Drug Manufacturers - Specialty & Generic,drug-manufacturers-specialty-generic,430479680,1.51,3.342,2.537,9.6,27.950000000000003,0.0,-8.02,0.99,0,0.0,0.0,-92.38,5.66,-37.69,4
COUR,"Coursera, Inc.",Consumer Defensive,Education & Training Services,education-training-services,1698106624,2.19,2.465,2.345,9.1,54.800000000000004,0.0,6.99,0.9,0,0.0,0.0,-8.23,8.77,-8.02,4
RLJ,RLJ Lodging Trust,Real Estate,REIT - Hotel & Motel,reit-hotel-motel,1775919104,1.3,0.695,0.574,3.5999999999999996,26.779999999999998,0.0,-317.15,0.92,0,5.09,0.0,1.8399999999999999,9.73,1.58,4
CHSCN,CHS Inc.,Consumer Defensive,Farm Products,farm-products,0,0.0,1.448,0.423,7.199999999999999,3.02,0.0,0.0,0.0,0,7.18,0.0,1.52,0.0,0.0,4
CHSCO,CHS Inc.,Consumer Defensive,Farm Products,farm-products,0,0.0,1.448,0.423,7.199999999999999,3.02,0.0,0.0,0.0,0,7.63,0.0,1.52,0.0,0.0,4
MRTN,"Marten Transport, Ltd.",Industrials,Trucking,trucking,1404964864,1.63,2.075,1.821,-8.799999999999999,23.56,95.67,27.33,1.77,0,1.37,-66.10000000000001,1.68,8.61,2.27,4
CHSCP,CHS Inc.,Consumer Defensive,Farm Products,farm-products,0,0.0,1.448,0.423,7.199999999999999,3.02,0.0,0.0,0.0,0,7.45,0.0,1.52,0.0,0.0,4
KLC,"KinderCare Learning Companies, Inc.",Consumer Defensive,Education & Training Services,education-training-services,583851456,0.21,0.735,0.618,0.6,20.77,0.0,14.97,0.17,0,0.0,0.0,-15.479999999999999,13.71,-14.95,4
ASAN,"Asana, Inc.",Technology,Software - Application,software-application,1659670656,2.05,1.148,1.039,9.5,88.51,0.0,15.18,0.21,0,0.0,0.0,-20.21,34.47,-122.65,4
SMC,Summit Midstream Corporation,Energy,Oil & Gas Midstream,oil-gas-midstream,416500704,0.73,1.201,1.087,4.9,46.11,0.0,25.12,0.37,0,0.0,0.0,-4.03,1.78,-0.44,4
SGRY,"Surgery Partners, Inc.",Healthcare,Medical Care Facilities,medical-care-facilities,2223398656,0.66,1.861,1.351,4.5,22.830000000000002,0.0,25.99,0.49,0,0.0,0.0,-2.2800000000000002,21.65,-4.55,4
CMP,"Compass Minerals International, Inc.",Basic Materials,Other Industrial Metals & Mining,other-industrial-metals-mining,1250358784,0.97,2.06,1.206,-8.4,17.48,186.25,25.2,1.05,0,0.0,0.0,0.5499999999999999,3.27,-34.09,4
BDN,unknown,Real Estate,REIT - Office,reit-office,571511936,1.31,0.865,0.73,6.3,56.66,0.0,0.0,0.53,0,9.88,0.0,-45.68,7.6,-22.49,4
RSKD,Riskified Ltd.,Technology,Software - Application,software-application,702470336,2.0,5.549,5.34,7.1,52.400000000000006,0.0,14.42,0.89,0,0.0,0.0,-5.16,2.06,-9.35,4
CLFD,"Clearfield, Inc.",Technology,Communication Equipment,communication-equipment,475087520,3.2,12.842,8.819,-15.299999999999999,33.96,152.0,24.11,3.69,0,0.0,0.0,-5.800000000000001,12.879999999999999,-3.14,4
SKYH,Sky Harbour Group Corporation,Real Estate,Real Estate - Development,real-estate-development,787472512,25.67,3.044,0.37,56.00000000000001,-46.63,85.75,-54.16,16.56,0,0.0,0.0,63.949999999999996,12.870000000000001,14.73,4
SLP,"Simulations Plus, Inc.",Healthcare,Health Information Services,health-information-services,371173824,4.61,5.474,5.259,8.3,61.970000000000006,0.0,20.29,1.61,0,0.0,46.7,-77.96,9.6,-51.86,4
KW,"Kennedy-Wilson Holdings, Inc.",Real Estate,Real Estate Services,real-estate-services,1521191808,2.81,0.417,0.231,-0.8,74.74,91.0,-10.21,2.83,0,0.04,0.0,10.93,4.12,0.0,4
MBI,MBIA Inc.,Financial Services,Insurance - Specialty,insurance-specialty,345332800,3.52,3.717,3.627,4.8,127.55000000000001,0.0,-16.14,-0.92,0,0.0,0.0,-158.16,5.220000000000001,7.91,4
MEC,"Mayville Engineering Company, Inc.",Industrials,Metal Fabrication,metal-fabrication,877248768,1.58,1.641,0.842,6.800000000000001,10.72,0.0,29.32,1.31,0,0.0,0.0,-2.93,5.01,-3.37,4
LUCK,Lucky Strike Entertainment Corporation,Consumer Cyclical,Leisure,leisure,1058325376,0.85,0.5,0.321,0.7000000000000001,34.71,0.0,40.14,0.55,0,3.05,38.1,-6.79,31.540000000000003,3.36,4
MBUU,"Malibu Boats, Inc.",Consumer Cyclical,Recreational Vehicles,recreational-vehicles,507813856,0.61,1.314,0.395,3.1,15.47,0.0,10.3,0.5,0,0.0,0.0,-0.11,6.97,2.89,4
SHEN,Shenandoah Telecommunications Company,Communication Services,Telecom Services,telecom-services,725271424,2.0,1.125,0.7,4.8,64.4,0.0,-12.98,0.68,0,0.81,0.0,-12.740000000000002,6.03,-3.74,4
AVNS,"Avanos Medical, Inc.",Healthcare,Medical Devices,medical-devices,1167681792,1.63,2.477,1.285,8.799999999999999,50.05,0.0,19.94,0.74,0,0.0,-21.7,-10.39,4.3,-9.37,4
MATW,Matthews International Corporation,Industrials,Conglomerates,conglomerates,827176640,0.68,1.636,0.819,-39.5,37.08,88.37,21.47,0.95,0,3.82,0.0,0.8,13.919999999999998,-5.09,4
SFIX,"Stitch Fix, Inc.",Consumer Cyclical,Apparel Retail,apparel-retail,512355264,0.38,1.499,0.745,4.7,43.66,0.0,-49.29,0.21,0,0.0,0.0,-1.43,15.07,-14.16,4
EPC,Edgewell Personal Care Company,Consumer Defensive,Household & Personal Products,household-personal-products,1228989056,0.55,1.808,0.903,0.6,41.02,0.0,12.97,0.32,0,2.21,0.0,-3.4799999999999995,13.22,1.64,4
ZKH,ZKH Group Limited,Consumer Cyclical,Internet Retail,internet-retail,428453696,0.05,1.84,1.567,9.2,16.34,0.0,12.29,0.04,0,0.0,0.0,-0.91,0.08,-4.75,4
SCL,Stepan Company,Basic Materials,Specialty Chemicals,specialty-chemicals,1291252480,0.55,1.258,0.797,1.9,11.06,0.0,14.52,0.48,0,2.78,0.0,-0.61,3.1199999999999997,3.77,4
EOLS,"Evolus, Inc.",Healthcare,Drug Manufacturers - Specialty & Generic,drug-manufacturers-specialty-generic,460324704,1.53,2.042,1.5,6.7,66.06,0.0,29.12,0.48,0,0.0,0.0,-14.39,9.07,223.5,4
AZTA,"Azenta, Inc.",Healthcare,Medical Instruments & Supplies,medical-instruments-supplies,1183202304,1.98,2.827,2.124,1.0,44.330000000000005,0.0,41.81,1.09,0,0.0,0.0,-29.060000000000002,21.490000000000002,-3.23,4
LMRI,"Lumexa Imaging Holdings, Inc.",Healthcare,Medical Devices,medical-devices,1220225280,1.18,1.405,1.3,3.1,15.06,0.0,14.11,0.97,0,0.0,0.0,-3.66,11.899999999999999,-8.04,4
MFIC,MidCap Financial Investment Corporation,Financial Services,Asset Management,asset-management,822902464,2.62,0.539,0.52,-8.7,100.0,166.5,8.05,2.85,0,12.42,0.0,1.9,3.9899999999999998,4.83,4
CHSCM,CHS Inc.,Consumer Defensive,Farm Products,farm-products,0,0.0,1.448,0.423,7.199999999999999,3.02,0.0,0.0,0.0,0,6.93,0.0,1.52,0.0,0.0,4
CHSCL,CHS Inc.,Consumer Defensive,Farm Products,farm-products,0,0.0,1.448,0.423,7.199999999999999,3.02,0.0,0.0,0.0,0,7.41,0.0,1.52,0.0,0.0,4
CERT,"Certara, Inc.",Healthcare,Health Information Services,health-information-services,1109175680,2.64,1.877,1.784,0.8999999999999999,61.59,0.0,17.23,1.01,0,0.0,0.0,-3.5999999999999996,28.410000000000004,-0.15,4
RDNW,"RideNow Group, Inc.",Consumer Cyclical,Auto & Truck Dealerships,auto-truck-dealerships,236153520,0.22,1.111,0.177,6.4,27.54,0.0,0.0,0.15,0,0.0,0.0,-4.279999999999999,7.55,419.2,4
CTEV,unknown,Healthcare,Health Information Services,health-information-services,565304640,0.58,1.278,0.926,5.800000000000001,73.22999999999999,0.0,4.85,0.15,0,0.0,0.0,-29.270000000000003,11.05,163.47,4
SXC,"SunCoke Energy, Inc.",Basic Materials,Coking Coal,coking-coal,670340288,0.36,2.23,1.184,4.3999999999999995,16.28,0.0,-41.58,0.29,0,6.14,0.0,-3.55,5.7,-7.4,4
NFBK,"Northfield Bancorp, Inc.",Financial Services,Banks - Regional,banks-regional,618524800,4.0,0.0,0.0,24.5,0.0,113.92,9.87,3.02,0,3.52,56.699999999999996,3.08,3.1399999999999997,0.12,4
BLZE,"Backblaze, Inc.",Technology,Software - Infrastructure,software-infrastructure,918225408,6.13,1.048,0.897,11.700000000000001,62.32,0.0,99.2,2.04,0,0.0,0.0,-14.97,2.6,-30.78,4
GRNT,"Granite Ridge Resources, Inc.",Energy,Oil & Gas E&P,oil-gas-e-p,567152768,1.31,0.925,0.889,5.0,76.05,0.0,5.95,0.3,0,9.95,0.0,-7.489999999999999,8.17,4.02,4
NVRI,Enviri Corporation,Industrials,Waste Management,waste-management,649196608,0.29,1.127,0.726,0.3,18.26,0.0,-385.0,0.24,0,0.0,0.0,-7.55,0.0,37.46,4
PLTK,Playtika Holding Corp.,Communication Services,Electronic Gaming & Multimedia,electronic-gaming-multimedia,1475872768,0.53,1.182,1.068,5.5,73.04,0.0,4.06,0.13,0,10.36,0.0,-10.54,9.55,50.17,4
TNDM,"Tandem Diabetes Care, Inc.",Healthcare,Medical Devices,medical-devices,1056718528,1.03,3.578,2.867,5.5,54.93,0.0,198.25,0.44,0,0.0,0.0,-9.2,21.32,-131.93,4
UMH,"UMH Properties, Inc.",Real Estate,REIT - Residential,reit-residential,1312411008,4.93,10.719,2.248,7.6,54.669999999999995,154.1,90.65,2.07,0,5.8,0.0,11.04,0.01,4.55,4
TTI,"TETRA Technologies, Inc.",Industrials,Conglomerates,conglomerates,1389530624,2.21,2.02,1.028,-0.6,30.48,156.67,22.74,2.22,0,0.0,100.0,1.16,6.09,1.06,4
TWI,"Titan International, Inc.",Industrials,Farm & Heavy Construction Machinery,farm-heavy-construction-machinery,479571104,0.26,2.193,1.063,2.9000000000000004,13.309999999999999,0.0,20.0,0.22,0,0.0,0.0,-4.72,4.71,-12.34,4
UHAL,U-Haul Holding Company,Industrials,Rental & Leasing Services,rental-leasing-services,13049238528,2.16,1.038,0.756,3.1,28.910000000000004,278.12,31.49,1.49,0,0.0,0.0,1.38,21.08,1.09,4
GYRE,"Gyre Therapeutics, Inc.",Healthcare,Biotechnology,biotechnology,809409088,6.92,4.636,3.679,2.1,95.09,0.0,121.0,0.33,0,0.0,0.0,-5.4399999999999995,4.9399999999999995,4.74,4
TROX,Tronox Holdings plc,Basic Materials,Chemicals,chemicals,961930304,0.33,2.42,0.536,3.0,7.33,0.0,-35.01,0.3,0,3.22,0.0,-15.82,17.37,-33.15,4
TRIP,"Tripadvisor, Inc.",Consumer Cyclical,Travel Services,travel-services,1615092992,0.86,1.249,1.195,-4.0,62.99,126.18,8.74,0.9,0,0.0,0.0,0.9900000000000001,34.92,6.2,4
HMH,HMH Holding Inc.,Energy,Oil & Gas Equipment & Services,oil-gas-equipment-services,820923520,1.03,2.72,1.495,-13.700000000000001,30.69,141.31,8.27,1.17,0,0.0,0.0,5.390000000000001,2.7199999999999998,3.92,4
CTKB,"Cytek Biosciences, Inc.",Healthcare,Medical Devices,medical-devices,596638720,2.92,4.687,3.938,6.5,51.7,0.0,24.32,1.32,0,0.0,0.0,-36.25,6.909999999999999,-19.47,4
AMRN,Amarin Corporation plc,Healthcare,Drug Manufacturers - General,drug-manufacturers-general,329844064,1.52,3.485,2.315,7.3999999999999995,52.35999999999999,0.0,16.05,0.67,0,0.0,0.0,-15.509999999999998,2.98,-8.45,4
ANGO,"AngioDynamics, Inc.",Healthcare,Medical Instruments & Supplies,medical-instruments-supplies,536319520,1.71,2.354,1.262,8.9,54.300000000000004,0.0,-59.0,0.71,0,0.0,0.0,-10.0,4.52,-18.58,4
TBRG,"TruBridge, Inc.",Healthcare,Health Information Services,health-information-services,393727328,1.14,1.784,1.438,-1.0999999999999999,53.22,90.52,8.88,1.15,0,0.0,0.0,1.27,4.17,2.45,4
ILPT,Industrial Logistics Properties Trust,Real Estate,REIT - Industrial,reit-industrial,580656256,1.28,3.776,2.787,4.0,85.98,0.0,-9.9,0.17,0,2.23,0.0,-11.93,1.8599999999999999,-13.52,4
IHRT,"iHeartMedia, Inc.",Communication Services,Broadcasting,broadcasting,637863104,0.16,1.487,1.144,9.6,58.599999999999994,0.0,-10.82,0.06,0,0.0,0.0,-7.28,7.969999999999999,25.82,4
CSR,Centerspace,Real Estate,REIT - Residential,reit-residential,1004725248,3.7,0.332,0.068,-3.0,58.89,120.62,-109.32,3.81,0,5.38,0.0,3.0700000000000003,4.62,2.45,4
CDRO,"Codere Online Luxembourg, S.A.",Consumer Cyclical,Gambling,gambling,435601792,2.07,1.369,1.143,6.6000000000000005,88.12,319.33,22.59,0.23,0,0.0,15.8,0.61,2.3800000000000003,4.53,4
MSC,Studio City International Holdings Limited,Consumer Cyclical,Resorts & Casinos,resorts-casinos,356288128,0.5,0.231,0.189,9.3,68.08,0.0,-18.5,0.15,0,0.0,0.0,-5.63,0.02,-10.25,4
RGR,"Sturm, Ruger & Company, Inc.",Industrials,Aerospace & Defense,aerospace-defense,603489920,1.09,3.499,2.819,4.1000000000000005,14.530000000000001,0.0,19.12,0.9,0,1.17,-98.3,-2.18,3.52,-1.55,4
VET,Vermilion Energy Inc.,Energy,Oil & Gas E&P,oil-gas-e-p,1338967936,0.77,0.634,0.386,9.9,61.36000000000001,0.0,13.79,0.27,0,4.23,0.0,-46.650000000000006,0.0,-29.42,4
VREX,Varex Imaging Corporation,Healthcare,Medical Devices,medical-devices,452653216,0.53,3.203,1.21,1.5,33.550000000000004,0.0,10.09,0.35,0,0.0,0.0,-9.64,3.39,-14.88,4
DSGR,"Distribution Solutions Group, Inc.",Industrials,Industrial Distribution,industrial-distribution,1250041088,0.63,2.627,1.194,3.8,33.1,225.5,16.7,0.4,0,0.0,-88.2,0.27,5.38,1.29,4
GO,Grocery Outlet Holding Corp.,Consumer Defensive,Grocery Stores,grocery-stores,1026817344,0.22,1.281,0.195,3.5999999999999996,30.070000000000004,0.0,16.48,0.15,0,0.0,0.0,-8.07,40.72,-22.86,4
UTZ,"Utz Brands, Inc.",Consumer Defensive,Packaged Foods,packaged-foods,718920960,0.5,1.143,0.594,2.6,25.4,0.0,9.7,0.36,0,3.05,0.0,-0.58,11.19,0.11,4
PERI,Perion Network Ltd.,Communication Services,Internet Content & Information,internet-content-information,382877792,0.87,2.806,2.647,1.2,34.4,0.0,7.12,0.56,0,0.0,0.0,-2.17,3.05,-1.17,4
ALGT,Allegiant Travel Company,Industrials,Airlines,airlines,3107576576,1.18,0.906,0.808,4.8,23.24,0.0,10.05,0.86,0,0.0,32.6,-1.3,7.290000000000001,-4.25,4
BRSP,"BrightSpire Capital, Inc.",Real Estate,REIT - Mortgage,reit-mortgage,699593216,2.08,27.236,1.494,6.9,69.64,0.0,7.67,0.59,0,11.76,-21.8,-9.42,4.68,-3.32,4
GHM,Graham Corporation,Industrials,Specialty Industrial Machinery,specialty-industrial-machinery,1355587584,5.53,1.001,0.649,13.0,23.62,103.53,51.48,3.67,0,0.0,-57.4,5.1,4.62,8.91,4
NX,Quanex Building Products Corporation,Industrials,Building Products & Equipment,building-products-equipment,789042432,0.42,2.28,1.059,2.1999999999999997,26.490000000000002,0.0,8.17,0.31,0,1.87,-84.1,-13.850000000000001,10.32,-34.54,4
VHI,"Valhi, Inc.",Basic Materials,Chemicals,chemicals,403024640,0.19,3.248,1.582,4.0,13.33,0.0,4.4,0.16,0,2.22,-88.1,-3.46,2.48,-5.63,4
AHRT,AH REALTY TRUST INC,Real Estate,REIT - Diversified,reit-diversified,683819456,2.38,2.596,0.307,7.8,67.38,0.0,0.0,0.72,0,7.88,0.0,-5.140000000000001,6.0,1.23,4
AHCO,AdaptHealth Corp.,Healthcare,Medical Devices,medical-devices,1397276160,0.43,0.925,0.614,5.4,20.4,0.0,8.75,0.32,0,0.0,0.0,-2.42,7.24,-4.66,4
AGNT,"AGNT, Inc",Real Estate,Real Estate Services,real-estate-services,833122304,0.17,1.556,1.161,5.3,6.9,0.0,14.49,0.15,0,3.76,0.0,-0.35000000000000003,13.350000000000001,-9.36,4
FNKO,"Funko, Inc.",Consumer Cyclical,Leisure,leisure,309351296,0.34,1.146,0.594,5.3,39.550000000000004,0.0,25.18,0.19,0,0.0,0.0,-6.3,9.47,-36.25,4
FOXF,Fox Factory Holding Corp.,Consumer Cyclical,Auto Parts,auto-parts,701172096,0.47,2.987,1.028,3.8,29.709999999999997,0.0,9.59,0.32,0,0.0,0.0,-20.25,11.18,-81.26,4
BXC,BlueLinx Holdings Inc.,Industrials,Industrial Distribution,industrial-distribution,437214944,0.15,3.899,2.298,3.1,15.35,0.0,24.32,0.12,0,0.0,0.0,-0.13999999999999999,6.38,0.04,4
ONT,"Onterris, Inc.",Industrials,Waste Management,waste-management,797954176,0.97,1.842,1.653,-5.2,40.42,147.2,12.66,1.02,0,0.0,0.0,0.7100000000000001,9.379999999999999,-0.19,4
VNDA,Vanda Pharmaceuticals Inc.,Healthcare,Biotechnology,biotechnology,374644544,1.72,2.162,1.912,3.4000000000000004,94.17999999999999,0.0,31.15,0.1,0,0.0,0.0,-109.99000000000001,12.2,-67.38,4
NSP,"Insperity, Inc.",Industrials,Staffing & Employment Services,staffing-employment-services,1688604800,0.25,1.089,0.923,1.7000000000000002,13.03,0.0,15.82,0.21,0,5.29,-35.3,-0.36,14.26,-15.22,4
OFIX,Orthofix Medical Inc.,Healthcare,Medical Devices,medical-devices,467678496,0.57,2.866,1.602,1.6,71.00999999999999,0.0,16.3,0.16,0,0.0,0.0,-7.2700000000000005,5.58,-20.49,4
FMN,Federated Hermes Premier Municipal Income Fund,Financial Services,Asset Management,asset-management,89367752,11.6,3.379,3.379,-22.3,100.0,95.25,0.0,14.18,0,4.72,-10.9,12.049999999999999,0.16,0.95,4
PDM,"Piedmont Realty Trust, Inc.",Real Estate,REIT - Office,reit-office,1202682752,2.13,0.519,0.467,0.4,59.81999999999999,0.0,-96.2,0.85,0,6.27,0.0,-15.28,4.06,-5.59,4
DXC,DXC Technology Company,Technology,Information Technology Services,information-technology-services,1627285760,0.13,1.361,1.196,-1.2,23.97,100.4,3.26,0.13,0,0.0,0.0,0.13999999999999999,21.19,0.61,4
GETY,"Getty Images Holdings, Inc.",Communication Services,Internet Content & Information,internet-content-information,383640992,0.39,0.757,0.25,1.0999999999999999,72.83,0.0,4.44,0.1,0,0.0,0.0,-10.94,17.49,-37.3,4
FET,"Forum Energy Technologies, Inc.",Energy,Oil & Gas Equipment & Services,oil-gas-equipment-services,526214496,0.65,2.226,0.987,8.0,27.47,0.0,16.9,0.44,0,0.0,333.3,-0.7799999999999999,5.29,-3.32,4
ELVR,Elevra Lithium Limited,Basic Materials,Other Industrial Metals & Mining,other-industrial-metals-mining,1271944064,8.2,1.674,1.128,7.6,110.92,0.0,1002.71,-0.83,0,0.0,0.0,-57.699999999999996,0.0,-70.03,4
ENOV,Enovis Corporation,Healthcare,Medical Devices,medical-devices,1490871424,0.65,2.037,0.784,5.4,61.0,0.0,6.36,0.24,0,0.0,0.0,-49.919999999999995,18.740000000000002,-79.51,4
VTS,"Vitesse Energy, Inc.",Energy,Oil & Gas E&P,oil-gas-e-p,626103488,2.48,0.56,0.512,2.1999999999999997,71.82,0.0,15.47,0.68,0,12.92,0.0,-7.8100000000000005,17.57,4.02,4
ELVA,Electrovaya Inc.,Industrials,Electrical Equipment & Parts,electrical-equipment-parts,478737344,6.72,7.655,4.586,20.200000000000003,31.990000000000002,87.91,27.16,3.65,0,0.0,0.0,7.03,0.0,10.8,4
PDS,Precision Drilling Corporation,Energy,Oil & Gas Drilling,oil-gas-drilling,978875456,0.52,1.701,1.521,6.0,32.16,0.0,8.37,0.33,0,0.0,-39.1,-0.8200000000000001,0.0,0.12,4
EEX,unknown,Communication Services,Advertising Agencies,advertising-agencies,993547584,2.11,0.912,0.826,5.2,63.51,0.0,17.31,0.73,0,1.19,-52.300000000000004,-8.24,6.38,-9.06,4
EVH,"Evolent Health, Inc.",Healthcare,Health Information Services,health-information-services,645641280,0.34,1.317,1.197,2.6,20.18,0.0,14.91,0.27,0,0.0,0.0,-26.290000000000003,13.11,-128.74,4
FEIM,"Frequency Electronics, Inc.",Technology,Communication Equipment,communication-equipment,636477376,9.39,2.604,1.264,-10.8,37.95,88.59,56.98,10.4,0,0.0,-90.0,10.620000000000001,10.870000000000001,42.59,4
OLPX,"Olaplex Holdings, Inc.",Consumer Cyclical,Specialty Retail,specialty-retail,1391282176,3.27,6.272,5.111,2.5,72.39999999999999,0.0,20.82,0.88,0,0.0,0.0,-3.53,6.45,-1.05,4
WLTH,Wealthfront Corporation,Technology,Software - Application,software-application,1426399616,3.85,1.487,0.732,7.1,89.4,0.0,12.05,0.38,0,0.0,-59.4,-14.879999999999999,7.049999999999999,-6.84,4
WKC,World Kinect Corporation,Energy,Oil & Gas Refining & Marketing,oil-gas-refining-marketing,1703460224,0.05,1.045,0.713,2.5,2.6599999999999997,0.0,13.63,0.04,0,2.5,0.0,-1.53,17.83,-47.29,4
EVN,Eaton Vance Municipal Income Trust,Financial Services,Asset Management,asset-management,445759488,14.76,1.112,1.112,7.7,100.0,1117.0,0.0,0.0,0,5.51,5.8999999999999995,1.4000000000000001,0.0,0.1,4
BV,"BrightView Holdings, Inc.",Industrials,Specialty Business Services,specialty-business-services,1344876032,0.49,1.229,1.061,6.1,21.97,481.0,19.4,0.36,0,0.0,0.0,1.7000000000000002,39.050000000000004,4.33,4
PACB,"Pacific Biosciences of California, Inc.",Healthcare,Medical Devices,medical-devices,515598816,3.22,5.654,4.672,0.1,38.33,0.0,-4.19,1.99,0,0.0,0.0,-80.34,22.42,-10214.54,4
ADV,Advantage Solutions Inc.,Communication Services,Advertising Agencies,advertising-agencies,532210048,0.15,1.953,1.739,5.800000000000001,14.02,0.0,4.29,0.12,0,0.0,0.0,-6.78,9.33,-41.11,4
XPER,Xperi Inc.,Technology,Software - Application,software-application,390033376,0.87,2.364,1.995,0.2,71.98,0.0,6.21,0.24,0,0.0,0.0,-10.22,6.08,-13.61,4
ACRS,"Aclaris Therapeutics, Inc.",Healthcare,Biotechnology,biotechnology,766753600,91.64,4.027,4.027,37.2,0.0,0.0,-6.62,57.55,0,0.0,0.0,0.0,7.290000000000001,-62.98,2
ZYME,Zymeworks Inc.,Healthcare,Biotechnology,biotechnology,1863628032,22.93,10.819,10.362,-91.10000000000001,-67.01,0.0,78.75,43.83,0,0.0,0.0,-126.33000000000001,9.11,-30.22,2
ABAT,American Battery Technology Company,Industrials,Waste Management,waste-management,391509344,24.04,8.118,6.909,697.1,-42.67,0.0,-20.5,-204.81,0,0.0,0.0,0.0,16.53,-66.24,2
ABCL,AbCellera Biologics Inc.,Healthcare,Biotechnology,biotechnology,2403304192,30.34,14.052,12.291,96.3,-141.13,0.0,-10.93,2.71,0,0.0,0.0,-181.73999999999998,19.06,-15.14,2
ABSI,Absci Corporation,Healthcare,Biotechnology,biotechnology,1954879872,1064.75,6.589,6.276,-81.8,0.0,0.0,-18.44,1935.71,0,0.0,0.0,0.0,26.61,-60.8,2
ACDC,ProFrac Holding Corp.,Energy,Oil & Gas Equipment & Services,oil-gas-equipment-services,848518336,0.47,0.82,0.549,-25.1,22.42,0.0,-10.5,0.59,0,0.0,0.0,-24.29,3.9800000000000004,-51.43,2
EVEX,"Eve Holding, Inc.",Industrials,Aerospace & Defense,aerospace-defense,964803648,0.0,3.796,3.595,0.0,0.0,0.0,-4.28,0.0,0,0.0,0.0,0.0,9.35,-181.2,2
EVMN,unknown,Healthcare,Biotechnology,biotechnology,445187072,44.52,20.358,19.944,0.0,100.0,0.0,-3.81,0.0,0,0.0,0.0,0.0,17.61,-33.5,2
WHFCL,"WhiteHorse Finance, Inc. 7.875% Notes due 2028",unknown,unknown,unknown,0,0.0,0.0,0.0,0.0,0.0,0.0,0.0,0.0,0,0.0,0.0,0.0,0.0,0.0,2
WNC,Wabash National Corporation,Industrials,Farm & Heavy Construction Machinery,farm-heavy-construction-machinery,528761600,0.36,1.33,0.577,-20.4,2.75,0.0,8.28,0.43,0,2.41,0.0,-4.41,9.39,57.56,2
WRN,Western Copper and Gold Corporation,Basic Materials,Other Industrial Metals & Mining,other-industrial-metals-mining,514444288,0.0,45.191,44.918,0.0,0.0,228.0,-117.95,0.0,0,0.0,0.0,0.0,0.76,-1.61,2
VZLA,Vizsla Silver Corp.,Basic Materials,Other Industrial Metals & Mining,other-industrial-metals-mining,1142861184,0.0,65.888,65.701,0.0,0.0,0.0,0.0,0.0,0,0.0,0.0,0.0,11.020000000000001,-1.92,2
EGBN,"Eagle Bancorp, Inc.",Financial Services,Banks - Regional,banks-regional,829480768,38.81,0.0,0.0,35.3,0.0,0.0,10.42,25.11,0,0.71,767.6,0.0,10.73,-12.2,2
EGY,"VAALCO Energy, Inc.",Energy,Oil & Gas E&P,oil-gas-e-p,538271168,1.73,0.513,0.366,-43.3,54.50000000000001,0.0,15.01,2.48,0,4.94,0.0,-45.86,4.95,-9.33,2
EH,EHang Holdings Limited,Industrials,Aerospace & Defense,aerospace-defense,438006976,1.05,1.867,1.462,-1.7000000000000002,61.529999999999994,0.0,8.29,1.07,0,0.0,0.0,-77.56,14.06,-25.82,2
EIKN,"Eikon Therapeutics, Inc.",Healthcare,Biotechnology,biotechnology,651287680,0.0,11.75,11.366,0.0,0.0,0.0,-1.94,0.0,0,0.0,0.0,0.0,11.05,36.89,2
FDMT,"4D Molecular Therapeutics, Inc.",Healthcare,Biotechnology,biotechnology,664953984,7.54,9.339,9.006,21664.3,-145.66,0.0,-3.41,-3991.99,0,0.0,0.0,-182.34,28.59,-27.71,2
ENHA,Enhanced Group Inc.,Consumer Defensive,Packaged Foods,packaged-foods,324216096,117682.8,0.572,0.257,0.0,100.0,0.0,24.0,0.0,0,0.0,0.0,0.0,0.0,95.55,2
ENRD,Einride AB,Technology,Software - Application,software-application,1202935552,0.0,0.307,0.274,23.200000000000003,-37.730000000000004,0.0,0.0,0.0,0,0.0,0.0,0.0,0.0,2968.36,2
FRPH,"FRP Holdings, Inc.",Real Estate,Real Estate Services,real-estate-services,483090976,14.44,6.488,5.852,-3.5999999999999996,63.580000000000005,504.0,60.0,14.96,0,0.0,0.0,2.79,2.71,0.78,2
FTRE,Fortrea Holdings Inc.,Healthcare,Biotechnology,biotechnology,1688337408,0.62,0.949,0.826,-2.3,18.86,0.0,16.58,0.64,0,0.0,0.0,-16.5,12.26,-175.01,2
FLGT,"Fulgent Genetics, Inc.",Healthcare,Diagnostics & Research,diagnostics-research,607489344,1.9,5.315,3.906,-3.2,38.71,0.0,-14.0,1.96,0,0.0,0.0,-23.04,15.14,-5.44,2
OSS,"One Stop Systems, Inc.",Technology,Computer Hardware,computer-hardware,385405888,10.99,10.626,8.539,55.00000000000001,50.690000000000005,0.0,141.45,2.44,0,0.0,0.0,18.77,12.25,11.06,2
OI,"O-I Glass, Inc.",Consumer Cyclical,Packaging & Containers,packaging-containers,1539127680,0.24,1.259,0.592,-1.7000000000000002,16.06,0.0,5.28,0.24,0,0.0,0.0,-2.91,7.870000000000001,-9.97,2
OIO,OIO Group,Financial Services,Asset Management,asset-management,796970624,0.0,0.0,0.0,0.0,0.0,0.0,0.0,0.0,0,0.0,0.0,0.0,0.09,-34.81,2
OIS,"Oil States International, Inc.",Energy,Oil & Gas Equipment & Services,oil-gas-equipment-services,462887360,0.71,1.936,0.992,-9.1,21.88,0.0,9.42,0.77,0,0.0,-60.3,-17.03,4.08,-19.08,2
OLMA,"Olema Pharmaceuticals, Inc.",Healthcare,Biotechnology,biotechnology,1115427200,0.0,10.881,10.785,0.0,0.0,0.0,-5.15,0.0,0,0.0,0.0,0.0,17.87,-33.95,2
BTQ,BTQ Technologies Corp.,Technology,Software - Infrastructure,software-infrastructure,665173120,10155.78,7.065,6.017,0.0,100.0,0.0,-321.12,0.0,0,0.0,0.0,0.0,0.0,-77.84,2
BUR,Burford Capital Limited,Financial Services,Asset Management,asset-management,954046848,-0.66,8.024,8.024,0.0,0.0,0.0,6.01,0.0,0,2.93,0.0,0.0,7.22,2.56,2
BUUU,BUUU Group Limited,Industrials,Specialty Business Services,specialty-business-services,358441632,53.64,4.727,4.711,12.3,23.46,0.0,0.0,36.01,0,0.0,0.0,-3.9600000000000004,0.1,,2
PDX,PIMCO Dynamic Income Strategy Fund,Financial Services,Asset Management,asset-management,939292992,0.0,0.0,0.0,0.0,0.0,0.0,0.0,0.0,0,7.66,0.0,0.0,0.0,13.76,2
OVID,Ovid Therapeutics Inc.,Healthcare,Biotechnology,biotechnology,487130624,68.4,10.169,9.876,0.0,100.0,0.0,-5.78,0.0,0,0.0,0.0,0.0,7.32,-13.33,2
OXLC,Oxford Lane Capital Corp.,Financial Services,Asset Management,asset-management,873964352,1.88,4.425,4.414,-10.2,100.0,0.0,1.74,2.08,0,27.24,0.0,-126.08,4.21,-56.75,2
OXM,"Oxford Industries, Inc.",Consumer Cyclical,Apparel Manufacturing,apparel-manufacturing,516013024,0.35,1.171,0.398,-0.4,60.24,0.0,11.45,0.35,0,8.03,-41.199999999999996,-2.65,32.2,-5.42,2
OXSQG,Oxford Square Capital Corp. 5.50% Notes due 2028,unknown,unknown,unknown,0,0.0,0.0,0.0,0.0,0.0,0.0,0.0,0.0,0,0.0,0.0,0.0,0.0,0.0,2
PAMT,PAMT CORP,Industrials,Trucking,trucking,280220512,0.48,1.301,1.221,-8.7,11.37,0.0,0.0,0.52,0,0.0,0.0,-7.61,1.77,-24.99,2
PCT,"PureCycle Technologies, Inc.",Industrials,Pollution & Treatment Controls,pollution-treatment-controls,1553553792,142.5,1.711,1.46,161.20000000000002,0.0,0.0,-9.71,-87.21,0,0.0,0.0,0.0,32.67,-397.86,2
PCTTU,"PureCycle Technologies, Inc.",Industrials,Pollution & Treatment Controls,pollution-treatment-controls,0,0.0,1.711,1.46,161.20000000000002,0.0,0.0,0.0,0.0,0,0.0,0.0,0.0,0.0,-397.86,2
OPENW,Opendoor Technologies Inc.,,,,0,0.0,7.073,3.151,-37.6,8.200000000000001,0.0,0.0,0.0,0,0.0,0.0,-35.25,0.0,-129.35,2
OPK,"OPKO Health, Inc.",Healthcare,Diagnostics & Research,diagnostics-research,1132638336,1.95,3.608,2.83,-17.2,14.92,0.0,-4.69,2.28,0,0.0,0.0,-36.64,7.739999999999999,-17.8,2
OPTU,unknown,Communication Services,Telecom Services,telecom-services,481573312,0.06,0.849,0.685,-4.0,69.45,0.0,-2.08,0.06,0,0.0,0.0,-55.00000000000001,45.11,80.76,2
OPTX,"Syntec Optics Holdings, Inc.",Technology,Electronic Components,electronic-components,399576416,14.52,1.28,0.54,-7.9,18.82,0.0,0.0,15.66,0,0.0,0.0,-10.95,21.0,-18.8,2
ORBS,Eightco Holdings Inc.,Consumer Cyclical,Packaging & Containers,packaging-containers,284994496,9.3,12.268,2.219,-23.7,-0.21,0.0,0.0,11.51,0,0.0,0.0,0.0,6.4,-112.63,2
ORGO,Organogenesis Holdings Inc.,Healthcare,Drug Manufacturers - Specialty & Generic,drug-manufacturers-specialty-generic,319112864,0.62,3.532,2.74,-57.099999999999994,73.89,0.0,-9.02,0.97,0,0.0,0.0,0.53,15.010000000000002,12.34,2
OBE,Obsidian Energy Ltd.,Energy,Oil & Gas E&P,oil-gas-e-p,525533152,1.07,0.575,0.366,-26.1,55.67999999999999,787.0,4.97,1.35,0,0.0,0.0,0.22,0.0,2.53,2
OCGN,"Ocugen, Inc.",Healthcare,Biotechnology,biotechnology,504397568,112.97,1.862,1.538,3.5000000000000004,0.0,0.0,-6.34,109.01,0,0.0,0.0,0.0,25.71,557.67,2
OCS,Oculis Holding AG,Healthcare,Biotechnology,biotechnology,833355392,742.08,5.176,5.098,-26.700000000000003,0.0,0.0,-6.77,940.21,0,0.0,0.0,0.0,2.11,-50.47,2
PHOE,Phoenix Asia Holdings Limited,Industrials,Engineering & Construction,engineering-construction,421416000,59.42,7.024,7.024,-7.3,25.900000000000002,650.33,0.0,63.75,0,0.0,-76.1,8.36,0.21,33.0,2
PLAY,"Dave & Buster's Entertainment, Inc.",Communication Services,Entertainment,entertainment,360063008,0.17,0.29,0.15,-1.5,39.31,0.0,-18.86,0.17,0,0.0,-74.2,-3.09,39.47,-53.4,2
PLSE,"Pulse Biosciences, Inc.",Healthcare,Medical Instruments & Supplies,medical-instruments-supplies,2014694784,2682.68,7.261,6.99,0.0,-21.04,0.0,-26.71,0.0,0,0.0,0.0,0.0,14.67,-90.24,2
BTBT,"Bit Digital, Inc.",Financial Services,Capital Markets,capital-markets,614916032,5.36,6.362,2.286,10.9,54.96,0.0,0.0,2.15,0,0.0,0.0,-147.48000000000002,16.08,-11.23,2
CADL,"Candel Therapeutics, Inc.",Healthcare,Biotechnology,biotechnology,734900480,0.0,28.046,27.632,0.0,0.0,0.0,45.59,0.0,0,0.0,0.0,0.0,24.2,-73.54,2
CAPR,"Capricor Therapeutics, Inc.",Healthcare,Biotechnology,biotechnology,1298963712,0.0,8.416,8.283,0.0,0.0,0.0,-34.93,0.0,0,0.0,0.0,0.0,22.32,-34.35,2
ORIC,"ORIC Pharmaceuticals, Inc.",Healthcare,Biotechnology,biotechnology,1129376512,0.0,16.332,15.865,0.0,0.0,0.0,-6.8,0.0,0,0.0,0.0,0.0,20.560000000000002,-33.68,2
NVAX,"Novavax, Inc.",Healthcare,Biotechnology,biotechnology,1537496448,2.58,2.484,2.376,-79.10000000000001,27.49,0.0,-17.23,4.62,0,0.0,0.0,-14.729999999999999,27.61,-344.65,2
NXRT,"NexPoint Residential Trust, Inc.",Real Estate,REIT - Residential,reit-residential,1467498240,5.83,2.922,1.429,0.5,60.19,0.0,-14.09,2.31,0,7.38,0.0,-12.659999999999998,6.0600000000000005,-10.84,2
NPCE,"NeuroPace, Inc.",Healthcare,Medical Devices,medical-devices,590844608,5.94,5.38,4.253,-2.0,78.29,0.0,-58.3,6.06,0,0.0,0.0,-21.67,2.07,-112.79,2
NPWR,NET Power Inc.,Industrials,Specialty Industrial Machinery,specialty-industrial-machinery,148484784,0.0,23.823,23.655,0.0,0.0,0.0,-5.7,0.0,0,0.0,0.0,0.0,4.45,-283.77,2
CATX,"Perspective Therapeutics, Inc.",Healthcare,Medical Devices,medical-devices,411706784,666.19,8.745,8.607,-77.8,0.0,0.0,-3.18,1184.49,0,0.0,0.0,0.0,14.280000000000001,-49.81,2
BNTC,Benitec Biopharma Inc.,Healthcare,Biotechnology,biotechnology,453477216,0.0,56.816,56.434,0.0,0.0,0.0,-1.4,0.0,0,0.0,0.0,0.0,12.389999999999999,-38.97,2
BOC,Boston Omaha Corporation,Industrials,Conglomerates,conglomerates,447481152,3.89,1.857,1.492,1.9,42.21,0.0,-740.5,2.21,0,0.0,0.0,-12.1,7.26,-2.41,2
BPOPM,Popular Capital Trust II PFD GTD 6.125%,unknown,unknown,unknown,0,0.0,0.0,0.0,0.0,0.0,0.0,0.0,0.0,0,0.0,0.0,0.0,0.0,0.0,2
BRAI,Braiin Limited,Technology,Computer Hardware,computer-hardware,1180885504,0.0,0.034,0.026,0.0,0.0,0.0,0.0,0.0,0,0.0,0.0,0.0,0.38,-12.87,2
PGEN,"Precigen, Inc.",Healthcare,Biotechnology,biotechnology,1996461440,63.19,4.818,3.931,1633.8999999999999,-35.38,0.0,-25.45,-1312.23,0,0.0,0.0,0.0,22.38,-1198.61,2
OCUL,"Ocular Therapeutix, Inc.",Healthcare,Biotechnology,biotechnology,2115156992,40.65,14.806,14.493,0.8,0.0,0.0,-6.28,40.32,0,0.0,0.0,0.0,14.27,-40.64,2
ODTX,"Odyssey Therapeutics, Inc.",Healthcare,Biotechnology,biotechnology,791075776,747.71,8.334,7.913,0.0,0.0,0.0,-4.25,0.0,0,0.0,0.0,0.0,3.2099999999999995,30.44,2
ODV,Osisko Development Corp.,Basic Materials,Gold,gold,786181120,20.86,2.374,2.319,0.0,61.46,0.0,0.0,0.0,0,0.0,0.0,-189.6,0.0,-24.76,2
OEC,Orion S.A.,Basic Materials,Specialty Chemicals,specialty-chemicals,308445888,0.17,1.003,0.513,-3.8,19.06,0.0,14.57,0.18,0,1.44,0.0,-4.9799999999999995,2.1399999999999997,-18.23,2
OFSSH,OFS Capital Corporation 4.95% Notes due 2028,unknown,unknown,unknown,0,0.0,0.0,0.0,0.0,0.0,0.0,0.0,0.0,0,0.0,0.0,0.0,0.0,0.0,2
NRIX,"Nurix Therapeutics, Inc.",Healthcare,Biotechnology,biotechnology,2485875968,34.63,6.013,5.891,-66.10000000000001,0.0,0.0,-9.0,57.52,0,0.0,0.0,0.0,19.580000000000002,-49.09,2
CCCC,"C4 Therapeutics, Inc.",Healthcare,Biotechnology,biotechnology,457748288,13.13,9.005,8.755,-15.0,78.34,0.0,-3.98,15.1,0,0.0,0.0,-297.76,20.25,-40.92,2
NFGC,New Found Gold Corp.,Basic Materials,Gold,gold,637577024,40.62,2.893,2.311,0.0,9.9,0.0,-6.92,0.0,0,0.0,0.0,0.0,0.0,-11.35,2
NGL,NGL Energy Partners LP,Energy,Oil & Gas Midstream,oil-gas-midstream,1872214272,0.59,1.047,0.906,-13.3,30.86,0.0,17.65,0.67,0,0.0,0.0,-4.51,4.42,519.1,2
NGNE,Neurogene Inc.,Healthcare,Biotechnology,biotechnology,648819904,0.0,13.079,12.903,0.0,0.0,0.0,-5.97,0.0,0,0.0,0.0,0.0,28.03,-34.11,2
NHP,"National Healthcare Properties, Inc.",Real Estate,REIT - Healthcare Facilities,reit-healthcare-facilities,1124923008,3.29,0.424,0.224,-0.2,37.46,0.0,253.5,3.29,0,2.03,0.0,-17.64,3.9699999999999998,-9.6,2
NHPAP,"National Healthcare Properties, Inc.",Real Estate,REIT - Healthcare Facilities,reit-healthcare-facilities,0,0.0,0.424,0.224,-0.2,37.46,0.0,0.0,0.0,0,7.98,0.0,-17.64,0.0,-9.6,2
NHPBP,"National Healthcare Properties, Inc.",Real Estate,REIT - Healthcare Facilities,reit-healthcare-facilities,0,0.0,0.424,0.224,-0.2,37.46,0.0,0.0,0.0,0,7.82,0.0,-17.64,0.0,-9.6,2
PROK,ProKidney Corp.,Healthcare,Biotechnology,biotechnology,601098624,676.15,9.059,8.715,-1.7000000000000002,100.0,0.0,-3.45,687.65,0,0.0,0.0,0.0,11.57,6.82,2
PRTA,Prothena Corporation plc,Healthcare,Biotechnology,biotechnology,497355744,8.58,10.431,10.132,1706.4,-66.84,0.0,-7.25,-230.06,0,0.0,0.0,-260.92,18.029999999999998,-87.03,2
PSEC,Prospect Capital Corporation,Financial Services,Asset Management,asset-management,1102216832,1.69,0.813,0.766,-12.1,100.0,0.0,6.29,1.9,0,22.42,0.0,-5.800000000000001,7.630000000000001,-15.72,2
PSNL,"Personalis, Inc.",Healthcare,Diagnostics & Research,diagnostics-research,1501700480,23.28,6.613,6.307,-24.9,13.719999999999999,0.0,-16.01,29.07,0,0.0,0.0,-148.11,16.75,-31.12,2
PSNYW,Polestar Automotive Holding UK PLC,Consumer Cyclical,Auto Manufacturers,auto-manufacturers,349088096,0.11,0.433,0.285,45.4,-1.11,0.0,0.0,0.06,0,0.0,0.0,-77.08,0.0,46.02,2
PSUS,"Pershing Square USA, Ltd.",Financial Services,Asset Management,asset-management,0,0.0,0.0,0.0,0.0,0.0,0.0,5.45,0.0,0,0.0,0.0,0.0,0.0,0.0,2
PUBM,"PubMatic, Inc.",Technology,Software - Application,software-application,627913792,2.23,1.367,1.306,-2.0,63.22,0.0,27.69,2.27,0,0.0,0.0,-6.21,7.37,-5.51,2
PUMP,ProPetro Holding Corp.,Energy,Oil & Gas Equipment & Services,oil-gas-equipment-services,1506962688,1.28,1.635,1.511,-24.7,22.400000000000002,0.0,29.11,1.59,0,0.0,0.0,-1.05,16.76,0.1,2
NTGR,"NETGEAR, Inc.",Technology,Communication Equipment,communication-equipment,592893504,0.85,2.584,1.769,-2.0,39.37,0.0,36.41,0.87,0,0.0,0.0,-3.58,10.22,-3.6,2
NNAVW,NextNav Inc.,,,,0,0.0,10.485,10.235,-35.3,-101.76,0.0,0.0,0.0,0,0.0,0.0,0.0,0.0,219.46,2
NNE,NANO Nuclear Energy Inc.,Industrials,Specialty Industrial Machinery,specialty-industrial-machinery,1052340736,0.0,95.724,95.472,0.0,0.0,0.0,-20.5,0.0,0,0.0,0.0,0.0,27.74,-18.0,2
NODK,"NI Holdings, Inc.",Financial Services,Insurance - Property & Casualty,insurance-property-casualty,322992256,1.18,0.547,0.496,-16.6,-1.6,0.0,0.0,1.38,0,0.0,94.89999999999999,-1.6,0.67,-4.33,2
NEWP,New Pacific Metals Corp.,Basic Materials,Silver,silver,795800448,0.0,38.05,38.05,0.0,0.0,0.0,-177.01,0.0,0,0.0,0.0,0.0,5.07,-2.8,2
CCOI,"Cogent Communications Holdings, Inc.",Communication Services,Telecom Services,telecom-services,610196352,0.69,1.903,1.427,-3.2,49.6,0.0,-4.13,0.71,0,8.28,0.0,-19.08,16.220000000000002,285.32,2
CCRN,"Cross Country Healthcare, Inc.",Healthcare,Medical Care Facilities,medical-care-facilities,426445568,0.43,3.294,3.198,-17.8,20.21,0.0,47.14,0.5,0,0.0,0.0,-9.84,2.7,-29.38,2
QDEL,QuidelOrtho Corporation,Healthcare,Medical Devices,medical-devices,1227437824,0.46,1.431,0.652,-10.5,45.18,0.0,7.14,0.51,0,0.0,0.0,-45.57,24.75,-58.93,2
QNC,Quantum eMotion Corp.,Technology,Software - Infrastructure,software-infrastructure,625203520,28741.03,43.366,42.462,0.0,100.0,0.0,0.0,0.0,0,0.0,0.0,0.0,0.0,-24.97,2
QUIK,QuickLogic Corporation,Technology,Semiconductors,semiconductors,287660512,19.84,1.685,1.349,16.8,20.68,0.0,118.04,13.09,0,0.0,0.0,-102.27999999999999,4.66,-65.95,2
QURE,uniQure N.V.,Healthcare,Biotechnology,biotechnology,2843677696,157.17,10.402,9.969,127.3,0.0,0.0,-14.34,-42.91,0,0.0,0.0,0.0,19.0,-100.04,2
RAPP,"Rapport Therapeutics, Inc.",Healthcare,Biotechnology,biotechnology,1844684544,92.23,27.082,26.644,0.0,34.28,0.0,-8.77,0.0,0,0.0,0.0,0.0,7.449999999999999,-23.0,2
RCKT,"Rocket Pharmaceuticals, Inc.",Healthcare,Biotechnology,biotechnology,435682272,0.0,6.124,5.901,0.0,0.0,0.0,-3.37,0.0,0,0.0,0.0,0.0,24.610000000000003,-80.49,2
PRGO,Perrigo Company plc,Healthcare,Drug Manufacturers - Specialty & Generic,drug-manufacturers-specialty-generic,1534498688,0.37,2.719,1.093,-7.199999999999999,34.17,0.0,4.7,0.39,0,10.53,0.0,-43.5,19.509999999999998,-48.56,2
PRLD,Prelude Therapeutics Incorporated,Healthcare,Biotechnology,biotechnology,397430048,23.77,2.028,1.955,0.0,100.0,0.0,-5.31,0.0,0,0.0,0.0,0.0,7.13,-144.96,2
PRME,"Prime Medicine, Inc.",Healthcare,Biotechnology,biotechnology,720663680,178.65,3.8,3.734,-41.099999999999994,0.0,0.0,-4.74,252.07,0,0.0,0.0,0.0,23.05,-166.41,2
CBIO,"Crescent Biopharma, Inc.",Healthcare,Biotechnology,biotechnology,467668992,39.36,13.779,13.328,0.0,100.0,0.0,-5.76,0.0,0,0.0,0.0,0.0,27.72,-77.35,2
MYGN,"Myriad Genetics, Inc.",Healthcare,Diagnostics & Research,diagnostics-research,569522688,1.02,2.669,1.646,-20.8,68.06,0.0,39.9,1.24,0,0.0,0.0,-41.29,9.39,-99.43,2
NAK,Northern Dynasty Minerals Ltd.,Basic Materials,Other Industrial Metals & Mining,other-industrial-metals-mining,1047781888,0.0,0.708,0.689,0.0,0.0,0.0,-265.58,0.0,0,0.0,0.0,0.0,4.36,-588.71,2
NAVI,Navient Corporation,Financial Services,Credit Services,credit-services,788571264,2.4,7.863,7.601,-0.8,100.0,0.0,8.87,2.42,0,7.43,0.0,-18.54,24.19,-3.33,2
NB,NioCorp Developments Ltd.,Basic Materials,Other Industrial Metals & Mining,other-industrial-metals-mining,687170816,0.0,31.076,30.76,0.0,0.0,0.0,-19.4,0.0,0,0.0,0.0,0.0,5.74,-61.45,2
BLDP,Ballard Power Systems Inc.,Industrials,Electrical Equipment & Parts,electrical-equipment-parts,1043106432,10.09,10.702,9.852,26.200000000000003,11.44,0.0,-22.61,6.59,0,0.0,0.0,-78.60000000000001,7.249999999999999,-15.41,2
BLFS,"BioLife Solutions, Inc.",Healthcare,Medical Instruments & Supplies,medical-instruments-supplies,1357747584,13.36,7.299,5.153,24.7,63.75999999999999,0.0,84.21,3.65,0,0.0,0.0,-2.91,11.61,-1.24,2
BMBL,Bumble Inc.,Communication Services,Internet Content & Information,internet-content-information,480824384,0.52,1.216,1.088,-14.099999999999998,71.88,0.0,3.46,0.59,0,0.0,169.79999999999998,-71.04,12.91,-121.6,2
BMM,Blue Moon Metals Inc.,Basic Materials,Other Industrial Metals & Mining,other-industrial-metals-mining,685684224,0.0,2.333,2.113,0.0,0.0,0.0,-28.15,0.0,0,0.0,0.0,0.0,0.0,-16.86,2
BMRC,Bank of Marin Bancorp,Financial Services,Banks - Regional,banks-regional,461406656,13.06,0.0,0.0,25.3,0.0,0.0,11.9,9.76,0,3.51,76.7,-90.72,4.390000000000001,-9.04,2
PURR,Hyperliquid Strategies Inc.,Financial Services,Capital Markets,capital-markets,1733597952,0.0,0.0,0.0,0.0,0.0,0.0,3.61,0.0,0,0.0,0.0,0.0,0.0,0.0,2
PVLA,"Palvella Therapeutics, Inc.",Healthcare,Biotechnology,biotechnology,2012444416,0.0,28.879,28.728,0.0,0.0,0.0,-20.58,0.0,0,0.0,0.0,0.0,16.39,-149.07,2
NICM,Nicola Mining Inc.,Basic Materials,Other Industrial Metals & Mining,other-industrial-metals-mining,122413712,40.39,4.759,4.308,23382.0,-69.74000000000001,0.0,0.0,-15960.13,0,0.0,0.0,-200.06,0.0,164.93,2
NKLR,Terra Innovatum Global N.V.,Utilities,Utilities - Regulated Electric,utilities-regulated-electric,504989184,0.0,21.342,20.337,0.0,0.0,0.0,-17.92,0.0,0,0.0,0.0,0.0,5.07,-558.07,2
NMAX,unknown,Communication Services,Broadcasting,broadcasting,1168903936,5.98,2.323,1.944,14.000000000000002,38.29,0.0,129.29,3.17,0,0.0,0.0,-43.169999999999995,93.61,-93.82,2
NMCO,Nuveen Municipal Credit Opportunities Fund,Financial Services,Asset Management,asset-management,602635904,9.64,9.786,9.786,0.0,100.0,544.0,0.0,0.0,0,7.56,0.0,1.81,0.69,0.19,2
NMFC,New Mountain Finance Corporation,Financial Services,Asset Management,asset-management,672500992,2.17,1.787,1.623,-19.7,100.0,0.0,6.76,2.59,0,16.95,0.0,-18.65,4.99,1.39,2
NBTX,Nanobiotix S.A.,Healthcare,Biotechnology,biotechnology,2087295616,64.04,1.091,1.051,0.0,100.0,0.0,531.53,0.0,0,0.0,0.0,-73.52,0.18,28.36,2
NCMI,"National CineMedia, Inc.",Communication Services,Advertising Agencies,advertising-agencies,357302880,1.47,1.815,1.713,-2.6,45.07,0.0,26.28,1.51,0,3.02,0.0,-3.51,12.839999999999998,-2.82,2
MSBIP,"Midland States Bancorp, Inc.",Financial Services,Banks - Regional,banks-regional,0,0.0,0.0,0.0,14.299999999999999,0.0,0.0,0.0,0.0,0,7.71,0.0,12.809999999999999,0.0,-27.32,2
MTAL,unknown,Financial Services,Shell Companies,shell-companies,392916704,0.0,0.194,0.0,0.0,0.0,0.0,0.0,0.0,0,0.0,0.0,0.0,0.0,0.0,2
RGNX,REGENXBIO Inc.,Healthcare,Biotechnology,biotechnology,766675712,8.73,2.623,2.445,-92.80000000000001,-196.60999999999999,0.0,-5.76,16.83,0,0.0,0.0,0.0,19.28,-188.72,2
BFLY,"Butterfly Network, Inc.",Healthcare,Medical Devices,medical-devices,2151996672,20.91,4.025,2.739,25.0,66.11,0.0,-88.92,5.31,0,0.0,0.0,-73.63,12.659999999999998,-39.32,2
BGS,"B&G Foods, Inc.",Consumer Defensive,Packaged Foods,packaged-foods,322232992,0.18,2.991,1.061,-3.9,21.87,0.0,6.08,0.18,0,9.31,0.0,-4.2299999999999995,16.3,-9.55,2
BH,Biglari Holdings Inc.,Consumer Cyclical,Restaurants,restaurants,1333267328,3.35,2.468,2.35,2.6,38.54,0.0,-57.01,2.01,0,0.0,0.0,-4.71,0.0,-7.16,2
BHFAL,"Brighthouse Financial, Inc.",unknown,unknown,unknown,0,0.0,0.0,0.0,0.0,0.0,0.0,0.0,0.0,0,0.0,0.0,0.0,0.0,0.0,2
BHVN,Biohaven Ltd.,Healthcare,Biotechnology,biotechnology,2414998528,0.0,7.406,6.679,0.0,0.0,0.0,-8.22,0.0,0,0.0,0.0,0.0,21.69,-1418.85,2
BKKT,"Bakkt, Inc.",Technology,Software - Infrastructure,software-infrastructure,385820768,0.25,4.129,2.965,-77.10000000000001,-6.909999999999999,0.0,8.99,0.45,0,0.0,0.0,-8.36,25.019999999999996,-95.06,2
BKSY,BlackSky Technology Inc.,Industrials,Specialty Business Services,specialty-business-services,1007769728,10.3,3.458,3.066,-29.7,69.28999999999999,0.0,-49.83,13.36,0,0.0,0.0,-89.07000000000001,22.29,-74.06,2
CDZI,Cadiz Inc.,Utilities,Utilities - Regulated Water,utilities-regulated-water,359889344,24.01,1.877,1.683,-44.800000000000004,31.34,0.0,-18.61,34.76,0,0.0,0.0,-221.43,12.479999999999999,-146.86,2
CDZIP,Cadiz Inc.,Utilities,Utilities - Regulated Water,utilities-regulated-water,0,0.0,1.877,1.683,-44.800000000000004,31.34,0.0,0.0,0.0,0,9.87,0.0,-221.43,0.0,-146.86,2
NEWTG,"NewtekOne, Inc. 8.50% Fixed Rate Senior Notes due 2029",unknown,unknown,unknown,0,0.0,0.0,0.0,0.0,0.0,0.0,0.0,0.0,0,0.0,0.0,0.0,0.0,0.0,2
NEWTI,"NewtekOne, Inc. 8.00% Fixed Rate Senior Notes due 2028",unknown,unknown,unknown,0,0.0,0.0,0.0,0.0,0.0,0.0,0.0,0.0,0,0.0,0.0,0.0,0.0,0.0,2
RILYT,"B. Riley Financial, Inc. 6.00% Senior Notes Due 2028",unknown,unknown,unknown,0,0.0,0.0,0.0,0.0,0.0,0.0,0.0,0.0,0,0.0,0.0,0.0,0.0,0.0,2
CIM,Chimera Investment Corporation,Real Estate,REIT - Mortgage,reit-mortgage,1099945088,5.12,1.136,1.046,-76.6,87.98,0.0,6.02,9.04,0,12.5,0.0,8.98,2.17,8.96,2
MRAM,"Everspin Technologies, Inc.",Technology,Semiconductors,semiconductors,460041472,8.08,5.762,4.58,13.200000000000001,51.519999999999996,1962.0,42.19,3.4,0,0.0,0.0,0.5,10.09,-0.85,2
MRLN,"Merlin, Inc.",Industrials,Aerospace & Defense,aerospace-defense,466211136,60.67,8.718,8.345,15.4,0.36,0.0,-6.71,51.14,0,0.0,0.0,0.0,0.0,42.01,2
MRVI,"Maravai LifeSciences Holdings, Inc.",Healthcare,Biotechnology,biotechnology,2176358656,10.63,5.906,4.677,40.5,30.12,0.0,-63.45,4.42,0,0.0,0.0,-51.07000000000001,6.959999999999999,-61.58,2
MLP,"Maui Land & Pineapple Company, Inc.",Real Estate,Real Estate Services,real-estate-services,346637376,20.32,1.384,0.992,-41.3,26.97,0.0,0.0,28.71,0,0.0,0.0,-23.44,3.15,-32.0,2
MLTX,MoonLake Immunotherapeutics,Healthcare,Biotechnology,biotechnology,1577644544,0.0,8.601,7.887,0.0,0.0,0.0,-5.5,0.0,0,0.0,0.0,0.0,10.58,-74.66,2
MLYS,"Mineralys Therapeutics, Inc.",Healthcare,Biotechnology,biotechnology,2567174912,0.0,44.331,43.896,0.0,0.0,0.0,-13.89,0.0,0,0.0,0.0,0.0,11.82,-23.91,2
RILYZ,"B. Riley Financial, Inc. 5.25% Senior Notes due 2028",unknown,unknown,unknown,0,0.0,0.0,0.0,0.0,0.0,0.0,0.0,0.0,0,0.0,0.0,0.0,0.0,0.0,2
RLMD,"Relmada Therapeutics, Inc.",Healthcare,Biotechnology,biotechnology,664569856,0.0,80.214,79.924,0.0,0.0,0.0,-15.44,0.0,0,0.0,0.0,0.0,6.140000000000001,-66.33,2
ROMA,Roma Green Finance Limited,Industrials,Consulting Services,consulting-services,511064032,40.05,42.318,13.035,17.599999999999998,35.99,0.0,0.0,21.13,0,0.0,0.0,-219.17,1.73,-56.99,2
REA,"Rare Earths Americas, Inc.",Basic Materials,Other Industrial Metals & Mining,other-industrial-metals-mining,268549216,0.0,6.704,6.56,0.0,0.0,0.0,-18.82,0.0,0,0.0,0.0,0.0,1.1400000000000001,-37.92,2
REPL,"Replimune Group, Inc.",Healthcare,Biotechnology,biotechnology,962851008,0.0,4.794,4.646,0.0,0.0,0.0,-9.95,0.0,0,0.0,0.0,0.0,49.519999999999996,-188.94,2
RFMZ,"RiverNorth Flexible Municipal Income Fund II, Inc.",Financial Services,Asset Management,asset-management,331427392,0.0,0.0,0.0,0.0,0.0,226.83,0.0,0.0,0,7.06,0.0,0.0,0.0,-4.17,2
MVST,"Microvast Holdings, Inc.",Consumer Cyclical,Auto Parts,auto-parts,389794112,1.05,0.959,0.562,-48.0,35.18,0.0,7.8,1.55,0,0.0,0.0,-11.52,12.690000000000001,-7.12,2
CGEM,"Cullinan Therapeutics, Inc.",Healthcare,Biotechnology,biotechnology,1094567808,0.0,10.281,10.092,0.0,0.0,0.0,-7.05,0.0,0,0.0,0.0,0.0,18.9,-53.8,2
MNRO,"Monro, Inc.",Consumer Cyclical,Auto Parts,auto-parts,538071168,0.46,0.457,0.116,-7.199999999999999,35.02,574.0,27.77,0.5,0,6.5,0.0,0.19,28.189999999999998,0.37,2
MPLT,"MapLight Therapeutics, Inc.",Healthcare,Biotechnology,biotechnology,1588912512,0.0,22.91,21.712,0.0,0.0,0.0,-8.06,0.0,0,0.0,0.0,0.0,8.63,-35.16,2
METCB,"Ramaco Resources, Inc.",Basic Materials,Coking Coal,coking-coal,512691648,0.98,4.879,3.789,-9.700000000000001,14.48,0.0,0.0,1.07,0,6.04,0.0,-11.52,0.84,-10.64,2
MGPI,"MGP Ingredients, Inc.",Consumer Defensive,Beverages - Wineries & Distilleries,beverages-wineries-distilleries,351556864,0.67,2.736,0.525,-12.5,36.39,0.0,7.81,0.76,0,2.83,0.0,-45.97,6.3100000000000005,-15.01,2
MGR,unknown,unknown,unknown,unknown,0,0.0,0.0,0.0,0.0,0.0,0.0,0.0,0.0,0,0.0,0.0,0.0,0.0,0.0,2
RVMDW,"Revolution Medicines, Inc.",,,,0,0.0,6.795,6.589,0.0,0.0,0.0,0.0,0.0,0,0.0,0.0,0.0,0.0,-69.35,2
RWAYL,unknown,unknown,unknown,unknown,0,0.0,0.0,0.0,0.0,0.0,0.0,0.0,0.0,0,0.0,0.0,0.0,0.0,0.0,2
RWT,"Redwood Trust, Inc.",Real Estate,REIT - Mortgage,reit-mortgage,569731648,3.4,72.289,61.916,-13.4,69.07,0.0,4.46,3.86,0,16.07,0.0,-54.75,0.01,-7.65,2
RXRX,"Recursion Pharmaceuticals, Inc.",Healthcare,Biotechnology,biotechnology,2101818368,31.65,5.471,5.151,-56.10000000000001,0.0,0.0,-4.51,49.41,0,0.0,0.0,0.0,36.75,-57.01,2
RYAM,Rayonier Advanced Materials Inc.,Basic Materials,Chemicals,chemicals,476116160,0.33,1.374,0.627,-9.5,6.08,0.0,6.48,0.36,0,0.0,0.0,-32.82,6.98,-133.47,2
RZC,7.125% Fixed-Rate Reset Subordinated Debentures due 2052,unknown,unknown,unknown,0,0.0,0.0,0.0,0.0,0.0,0.0,0.0,0.0,0,0.0,0.0,0.0,0.0,0.0,2
RZLT,"Rezolute, Inc.",Healthcare,Biotechnology,biotechnology,474721152,0.0,15.842,15.611,0.0,0.0,0.0,-7.87,0.0,0,0.0,0.0,0.0,21.6,-45.9,2
SAJ,unknown,unknown,unknown,unknown,0,0.0,0.0,0.0,0.0,0.0,0.0,0.0,0.0,0,0.0,0.0,0.0,0.0,0.0,2
BIOA,"BioAge Labs, Inc.",Healthcare,Drug Manufacturers - Specialty & Generic,drug-manufacturers-specialty-generic,1104205952,107.04,24.759,24.376,91.0,0.0,0.0,-12.06,9.63,0,0.0,0.0,0.0,5.06,-29.63,2
RILYG,"B. Riley Financial, Inc. 5.00% Senior Notes due 2026",unknown,unknown,unknown,0,0.0,0.0,0.0,0.0,0.0,0.0,0.0,0.0,0,0.0,0.0,0.0,0.0,0.0,2
RILYN,"B. Riley Financial, Inc. 6.50% Senior Notes Due 2026",unknown,unknown,unknown,0,0.0,0.0,0.0,0.0,0.0,0.0,0.0,0.0,0,0.0,0.0,0.0,0.0,0.0,2
MGRB,unknown,unknown,unknown,unknown,0,0.0,0.0,0.0,0.0,0.0,0.0,0.0,0.0,0,0.0,0.0,0.0,0.0,0.0,2
MGRD,unknown,unknown,unknown,unknown,0,0.0,0.0,0.0,0.0,0.0,0.0,0.0,0.0,0,0.0,0.0,0.0,0.0,0.0,2
MGRE,unknown,unknown,unknown,unknown,0,0.0,0.0,0.0,0.0,0.0,0.0,0.0,0.0,0,0.0,0.0,0.0,0.0,0.0,2
MGTX,MeiraGTx Holdings plc,Healthcare,Biotechnology,biotechnology,1286346240,16.13,0.546,0.508,-84.8,95.41,0.0,-9.98,29.8,0,0.0,0.0,-151.12,8.48,1971.36,2
MITN,unknown,unknown,unknown,unknown,0,0.0,0.0,0.0,0.0,0.0,0.0,0.0,0.0,0,0.0,0.0,0.0,0.0,0.0,2
MITP,unknown,unknown,unknown,unknown,0,0.0,0.0,0.0,0.0,0.0,0.0,0.0,0.0,0,0.0,0.0,0.0,0.0,0.0,2
MBINL,Merchants Bancorp,Financial Services,Banks - Regional,banks-regional,0,0.0,0.0,0.0,15.8,0.0,0.0,0.0,0.0,0,7.68,34.5,38.99,0.0,12.65,2
MBINM,Merchants Bancorp,Financial Services,Banks - Regional,banks-regional,0,0.0,0.0,0.0,15.8,0.0,0.0,0.0,0.0,0,8.22,34.5,38.99,0.0,12.65,2
MBX,"MBX Biosciences, Inc.",Healthcare,Biotechnology,biotechnology,2746377984,0.0,30.791,30.42,0.0,0.0,0.0,-14.66,0.0,0,0.0,0.0,0.0,16.830000000000002,-23.56,2
BCAX,Bicara Therapeutics Inc.,Healthcare,Biotechnology,biotechnology,1919866880,0.0,13.851,13.72,0.0,0.0,0.0,-8.04,0.0,0,0.0,0.0,0.0,21.6,-34.36,2
SAT,unknown,unknown,unknown,unknown,0,0.0,0.0,0.0,0.0,0.0,0.0,0.0,0.0,0,0.0,0.0,0.0,0.0,0.0,2
SAY,unknown,unknown,unknown,unknown,0,0.0,0.0,0.0,0.0,0.0,0.0,0.0,0.0,0,0.0,0.0,0.0,0.0,0.0,2
SAZ,unknown,unknown,unknown,unknown,0,0.0,0.0,0.0,0.0,0.0,0.0,0.0,0.0,0,0.0,0.0,0.0,0.0,0.0,2
RR,Richtech Robotics Inc.,Industrials,Specialty Industrial Machinery,specialty-industrial-machinery,467315552,94.69,35.735,35.498,-8.799999999999999,55.83,0.0,0.0,103.03,0,0.0,0.0,0.0,27.37,-5.84,2
RUMBW,RUM Group Inc.,,,,0,0.0,4.704,4.477,7.3999999999999995,-1.92,0.0,0.0,0.0,0,0.0,0.0,-106.91,0.0,-29.77,2
MNPR,Monopar Therapeutics Inc.,Healthcare,Biotechnology,biotechnology,650612928,0.0,56.045,55.943,0.0,0.0,0.0,-30.95,0.0,0,0.0,0.0,0.0,34.07,-9.95,2
SCCF,unknown,unknown,unknown,unknown,0,0.0,0.0,0.0,0.0,0.0,0.0,0.0,0.0,0,0.0,0.0,0.0,0.0,0.0,2
SCCG,unknown,unknown,unknown,unknown,0,0.0,0.0,0.0,0.0,0.0,0.0,0.0,0.0,0,0.0,0.0,0.0,0.0,0.0,2
SDGR,"Schrödinger, Inc.",Healthcare,Health Information Services,health-information-services,1270252288,4.98,2.737,2.637,-1.6,55.33,0.0,-10.86,5.06,0,0.0,0.0,-40.6,23.919999999999998,-28.37,2
SEG,Seaport Entertainment Group Inc.,Real Estate,Real Estate Services,real-estate-services,342579104,2.67,13.152,10.281,-27.500000000000004,-19.53,0.0,297.33,3.4,0,0.0,0.0,-99.42999999999999,11.43,-25.57,2
SERV,Serve Robotics Inc.,Industrials,Specialty Industrial Machinery,specialty-industrial-machinery,548832000,105.65,10.192,9.784,578.2,0.0,0.0,-3.58,-505.2,0,0.0,0.0,0.0,27.450000000000003,-28.9,2
SES,SES AI Corporation,Consumer Cyclical,Auto Parts,auto-parts,329585408,15.04,6.859,6.356,15.8,36.34,0.0,-6.78,8.06,0,0.0,0.0,0.0,6.909999999999999,-34.01,2
AVBP,"ArriVent BioPharma, Inc.",Healthcare,Biotechnology,biotechnology,1606369408,0.0,13.951,13.058,0.0,0.0,0.0,-9.86,0.0,0,0.0,0.0,0.0,17.94,-54.13,2
SAM,"The Boston Beer Company, Inc.",Consumer Defensive,Beverages - Brewers,beverages-brewers,1872545280,0.96,0.93,0.596,-4.3999999999999995,48.699999999999996,0.0,16.22,1.01,0,0.0,0.0,-3.15,24.29,12.82,2
SANA,"Sana Biotechnology, Inc.",Healthcare,Biotechnology,biotechnology,1104817536,0.0,1.295,1.172,0.0,0.0,0.0,-7.6,0.0,0,0.0,0.0,0.0,26.029999999999998,-151.77,2
BBOT,"BridgeBio Oncology Therapeutics, Inc.",Healthcare,Biotechnology,biotechnology,673700736,0.0,6.16,5.835,0.0,0.0,0.0,-3.96,0.0,0,0.0,0.0,0.0,13.83,-32.61,2
MESO,Mesoblast Limited,Healthcare,Biotechnology,biotechnology,1852619008,28.33,1.581,1.353,1526.8000000000002,-35.54,0.0,-204.71,-547.94,0,0.0,0.0,-144.33,3.29,-17.1,2
METC,"Ramaco Resources, Inc.",Basic Materials,Coking Coal,coking-coal,812469312,1.55,4.879,3.789,-9.700000000000001,14.48,0.0,70.08,1.7,0,1.76,0.0,-11.52,52.26,-10.64,2
CMPS,COMPASS Pathways plc,Healthcare,Medical Care Facilities,medical-care-facilities,1732749184,0.0,3.322,3.128,0.0,0.0,0.0,-12.15,0.0,0,0.0,0.0,0.0,6.279999999999999,544.7,2
LU,Lufax Holding Ltd,Financial Services,Credit Services,credit-services,1230698240,0.04,20.744,17.789,-19.5,57.4,0.0,5.28,0.05,0,0.0,0.0,-6.99,0.0,-2.63,2
LWLG,"Lightwave Logic, Inc.",Basic Materials,Specialty Chemicals,specialty-chemicals,1140189312,4690.11,33.989,33.463,27.3,97.48,0.0,0.0,85.99,0,0.0,0.0,0.0,8.89,-27.21,2
LXEO,"Lexeo Therapeutics, Inc.",Healthcare,Biotechnology,biotechnology,361199488,0.0,14.156,13.605,0.0,0.0,0.0,-3.7,0.0,0,0.0,0.0,0.0,21.09,-40.52,2
LYEL,"Lyell Immunopharma, Inc.",Healthcare,Biotechnology,biotechnology,327610592,10568.08,7.235,6.875,-71.39999999999999,100.0,0.0,-16.71,18113.7,0,0.0,0.0,0.0,6.64,-110.57,2
MAGN,Magnera Corporation,Consumer Defensive,Household & Personal Products,household-personal-products,451764000,0.14,2.326,1.387,-3.4000000000000004,11.33,0.0,7.54,0.14,0,0.0,0.0,-3.37,8.04,-30.78,2
MASS,908 Devices Inc.,Healthcare,Medical Devices,medical-devices,318390688,5.51,3.581,3.066,13.600000000000001,52.01,0.0,-29.37,2.28,0,0.0,0.0,-62.4,18.099999999999998,13.56,2
MAZE,"Maze Therapeutics, Inc.",Healthcare,Biotechnology,biotechnology,1790419072,89.52,17.884,17.62,0.0,100.0,0.0,-10.15,0.0,0,0.0,0.0,0.0,8.260000000000002,-36.94,2
MBC,"MasterBrand, Inc.",Consumer Cyclical,"Furnishings, Fixtures & Appliances",furnishings-fixtures-appliances,1208174464,0.45,2.077,1.006,-6.4,29.020000000000003,0.0,15.48,0.48,0,0.0,0.0,-0.06999999999999999,15.25,1.99,2
LRMR,"Larimar Therapeutics, Inc.",Healthcare,Biotechnology,biotechnology,341774848,0.0,4.292,4.212,0.0,0.0,0.0,-2.79,0.0,0,0.0,0.0,0.0,15.67,-212.17,2
LTBR,Lightbridge Corporation,Industrials,Electrical Equipment & Parts,electrical-equipment-parts,292972832,0.0,168.119,166.985,0.0,0.0,0.0,0.0,0.0,0,0.0,0.0,0.0,13.569999999999999,-9.65,2
CION,CION Investment Corporation,Financial Services,Asset Management,asset-management,311182560,1.33,1.702,1.627,-11.700000000000001,100.0,0.0,5.71,1.48,0,18.78,0.0,-0.41000000000000003,2.9499999999999997,-2.92,2
AVTX,"Avalo Therapeutics, Inc.",Healthcare,Biotechnology,biotechnology,1049208768,17783.2,7.658,7.069,0.0,0.0,0.0,-7.22,0.0,0,0.0,0.0,0.0,14.13,-94.23,2
BAK,Braskem S.A.,Basic Materials,Chemicals,chemicals,954369664,0.01,0.71,0.35,-20.4,4.760000000000001,0.0,-1.31,0.02,0,0.0,107.2,-13.68,4.760000000000001,61.19,2
BANFP,BFC Capital Trust II PFD TR 7.20%,unknown,unknown,unknown,0,0.0,0.0,0.0,0.0,0.0,0.0,0.0,0.0,0,0.0,0.0,0.0,0.0,0.0,2
BBAI,"BigBear.ai Holdings, Inc.",Technology,Information Technology Services,information-technology-services,1715309440,13.47,6.084,5.8,-0.8999999999999999,25.759999999999998,0.0,-17.91,13.59,0,0.0,0.0,-226.69000000000003,29.01,-48.04,2
BBBY,"Bed Bath & Beyond, Inc.",unknown,unknown,unknown,454625952,0.0,0.0,0.0,0.0,0.0,0.0,0.0,0.0,0,0.0,0.0,0.0,0.0,-38.89,2
SGML,Sigma Lithium Corporation,Basic Materials,Other Industrial Metals & Mining,other-industrial-metals-mining,1386239744,13.24,0.324,0.143,-11.200000000000001,21.58,0.0,7.39,14.73,0,0.0,135.20000000000002,-41.82,4.43,-88.62,2
SCCD,unknown,unknown,unknown,unknown,0,0.0,0.0,0.0,0.0,0.0,0.0,0.0,0.0,0,0.0,0.0,0.0,0.0,0.0,2
SCCE,unknown,unknown,unknown,unknown,0,0.0,0.0,0.0,0.0,0.0,0.0,0.0,0.0,0,0.0,0.0,0.0,0.0,0.0,2
CLDT,Chatham Lodging Trust,Real Estate,REIT - Hotel & Motel,reit-hotel-motel,624791744,2.13,0.807,0.441,-1.6,48.47,636.5,-106.08,2.17,0,3.07,0.0,3.15,2.6100000000000003,2.03,2
CLPT,"ClearPoint Neuro, Inc.",Healthcare,Medical Devices,medical-devices,539812160,13.29,5.789,4.75,42.9,62.33,0.0,-19.15,2.86,0,0.0,0.0,-71.57,16.98,-91.15,2
CLVT,Clarivate Plc,Technology,Information Technology Services,information-technology-services,1559688320,0.64,0.844,0.723,-1.4000000000000001,66.53999999999999,0.0,3.12,0.65,0,0.0,0.0,-5.609999999999999,14.899999999999999,-4.15,2
CLYM,"Climb Bio, Inc.",Healthcare,Biotechnology,biotechnology,759880384,0.0,27.857,26.913,0.0,0.0,0.0,-11.82,0.0,0,0.0,0.0,0.0,7.3999999999999995,-37.3,2
CMDB,Costamare Bulkers Holdings Limited,Industrials,Marine Shipping,marine-shipping,446518848,0.63,3.289,2.832,-53.900000000000006,8.93,0.0,0.0,0.97,0,0.0,0.0,-3.8699999999999997,1.95,-5.61,2
LEGO,Legato Merger Corp. IV,Financial Services,Shell Companies,shell-companies,310478016,0.0,0.0,0.0,0.0,0.0,0.0,0.0,0.0,0,0.0,0.0,0.0,0.0,0.0,2
LFMDP,"LifeMD, Inc.",Healthcare,Health Information Services,health-information-services,0,0.0,1.043,0.894,-1.4000000000000001,86.81,0.0,0.0,0.0,0,9.49,0.0,2.93,0.0,61.99,2
LILA,Liberty Latin America Ltd.,Communication Services,Telecom Services,telecom-services,1516542080,0.34,1.11,0.848,-0.1,77.96,0.0,11.58,0.34,0,0.0,0.0,-11.200000000000001,2.41,-110.01,2
LILAK,Liberty Latin America Ltd.,Communication Services,Telecom Services,telecom-services,1490360064,0.34,1.11,0.848,-0.1,77.96,0.0,18.05,0.34,0,0.0,0.0,-11.200000000000001,2.8400000000000003,-110.01,2
SHMD,SCHMID Group N.V.,Industrials,Specialty Industrial Machinery,specialty-industrial-machinery,358071392,5.35,0.366,0.225,-37.5,23.93,0.0,40.15,7.35,0,0.0,0.0,-106.11999999999999,7.9399999999999995,53.52,2
SI,"Shoulder Innovations, Inc.",unknown,unknown,unknown,443590656,0.0,0.0,0.0,0.0,0.0,0.0,0.0,0.0,0,0.0,0.0,0.0,0.0,-28.67,2
SID,Companhia Siderúrgica Nacional,Basic Materials,Steel,steel,1273909120,0.03,1.11,0.686,-2.8000000000000003,25.86,0.0,-6.61,0.03,0,0.0,0.0,-4.49,1.5,-15.55,2
SION,"Sionna Therapeutics, Inc.",Healthcare,Biotechnology,biotechnology,1946882048,0.0,22.602,22.11,0.0,0.0,0.0,-15.39,0.0,0,0.0,0.0,0.0,17.97,-24.53,2
AVIR,"Atea Pharmaceuticals, Inc.",Healthcare,Biotechnology,biotechnology,389731936,0.0,7.888,7.672,0.0,0.0,0.0,-3.52,0.0,0,0.0,0.0,0.0,11.4,-57.49,2
AVLN,Avalyn Pharma Inc.,Healthcare,Biotechnology,biotechnology,1225810048,0.0,11.028,10.467,0.0,0.0,0.0,-14.55,0.0,0,0.0,0.0,0.0,2.9499999999999997,35.7,2
AVR,Anteris Technologies Global Corp.,Healthcare,Medical Instruments & Supplies,medical-instruments-supplies,1028907008,555.87,20.934,20.661,-11.200000000000001,74.28,0.0,-10.79,618.12,0,0.0,0.0,0.0,8.34,,2
LND,BrasilAgro - Companhia Brasileira de Propriedades Agrícolas,Consumer Defensive,Farm Products,farm-products,359611776,0.38,1.474,0.591,-15.5,1.08,0.0,0.0,0.44,0,3.92,0.0,-1.58,0.13999999999999999,,2
LODE,Comstock Inc.,Basic Materials,Other Precious Metals & Mining,other-precious-metals-mining,309725408,286.4,4.508,3.12,-60.099999999999994,-116.38,0.0,12.75,458.53,0,0.0,0.0,0.0,5.33,-40.04,2
LOT,Lotus Technology Inc.,Consumer Cyclical,Auto Manufacturers,auto-manufacturers,810168000,1.56,0.38,0.099,-39.800000000000004,8.709999999999999,0.0,-2.64,2.18,0,0.0,0.0,-89.42999999999999,0.38,35.1,2
LBRX,LB Pharmaceuticals Inc,Healthcare,Biotechnology,biotechnology,958086912,0.0,35.675,33.526,0.0,0.0,0.0,-7.44,0.0,0,0.0,0.0,0.0,18.05,-8.37,2
CMPX,"Compass Therapeutics, Inc.",Healthcare,Biotechnology,biotechnology,412401344,0.0,19.038,18.94,0.0,0.0,0.0,-4.95,0.0,0,0.0,0.0,0.0,21.57,-33.79,2
CMTG,"Claros Mortgage Trust, Inc.",Real Estate,REIT - Mortgage,reit-mortgage,318296608,-1.0,402.389,400.691,0.0,0.0,0.0,-5.4,0.0,0,0.0,0.0,0.0,3.3000000000000003,-31.93,2
CNL,Collective Mining Ltd.,Basic Materials,Gold,gold,1262184576,0.0,4.767,4.675,0.0,0.0,0.0,-30.24,0.0,0,0.0,0.0,0.0,0.0,-34.35,2
CNNE,"Cannae Holdings, Inc.",Consumer Cyclical,Restaurants,restaurants,631864448,1.52,1.705,1.553,-6.800000000000001,-1.22,0.0,-8.63,1.62,0,4.08,0.0,-103.77000000000001,12.49,-50.13,2
SLS,"SELLAS Life Sciences Group, Inc.",Healthcare,Biotechnology,biotechnology,2741058048,0.0,17.219,16.589,0.0,0.0,0.0,-92.93,0.0,0,0.0,0.0,0.0,32.35,-37.9,2
SLSR,Solaris Resources Inc.,Basic Materials,Other Precious Metals & Mining,other-precious-metals-mining,1401426432,0.0,3.284,3.099,0.0,0.0,0.0,-22.47,0.0,0,0.0,0.0,0.0,0.0,74.3,2
SMPL,The Simply Good Foods Company,Consumer Defensive,Packaged Foods,packaged-foods,1199775360,0.85,5.057,2.658,-9.4,33.86,0.0,7.45,0.93,0,0.0,0.0,-7.46,11.28,5.73,2
SNDA,"Sonida Senior Living, Inc.",Healthcare,Medical Care Facilities,medical-care-facilities,1949718784,5.31,0.44,0.331,38.5,25.009999999999998,0.0,-93.59,2.45,0,0.0,0.0,-27.08,5.680000000000001,643445.45,2
SNDL,SNDL Inc.,Consumer Defensive,Beverages - Wineries & Distilleries,beverages-wineries-distilleries,338389984,0.36,4.837,2.833,-4.3999999999999995,27.18,0.0,43.33,0.38,0,0.0,0.0,-1.17,1.01,-1.43,2
SGMT,Sagimet Biosciences Inc.,Healthcare,Biotechnology,biotechnology,477958976,0.0,20.335,19.736,0.0,0.0,0.0,-5.9,0.0,0,0.0,0.0,0.0,9.610000000000001,-45.82,2
SGP,"SpyGlass Pharma, Inc.",Healthcare,Biotechnology,biotechnology,638242752,0.0,38.002,37.746,0.0,0.0,0.0,-7.08,0.0,0,0.0,0.0,0.0,9.13,40.34,2
SHAZ,SharonAI Holdings Inc.,Technology,Information Technology Services,information-technology-services,1887095040,1228.94,1.042,1.033,-9.6,-9.29,0.0,-27.2,1346.91,0,0.0,0.0,0.0,4.5600000000000005,394.69,2
ATLCZ,Atlanticus Holdings Corporation 9.25% Senior Notes due 2029,unknown,unknown,unknown,0,0.0,0.0,0.0,0.0,0.0,0.0,0.0,0.0,0,0.0,0.0,0.0,0.0,0.0,2
COAG,"Hemab Therapeutics Holdings, Inc.",Healthcare,Biotechnology,biotechnology,1399761024,0.0,12.846,12.507,0.0,0.0,0.0,-12.25,0.0,0,0.0,0.0,0.0,0.0,36.18,2
CODI,Compass Diversified,Industrials,Conglomerates,conglomerates,768159232,0.42,2.668,0.984,-5.8999999999999995,43.74,0.0,36.46,0.44,0,9.45,0.0,-12.3,6.1,632.34,2
COTY,Coty Inc.,Consumer Defensive,Household & Personal Products,household-personal-products,1981049472,0.34,0.821,0.349,-1.3,63.2,0.0,6.38,0.35,0,0.0,0.0,-9.2,11.64,-10.38,2
LCTX,"Lineage Cell Therapeutics, Inc.",Healthcare,Biotechnology,biotechnology,331566720,22.43,6.893,6.722,14.799999999999999,-28.28,0.0,-14.78,24.52,0,0.0,0.0,0.0,17.169999999999998,-142.61,2
KTF,DWS Municipal Income Trust,Financial Services,Asset Management,asset-management,363523936,13.55,0.554,0.554,-1.5,100.0,0.0,0.0,13.76,0,7.9,3.0,-21.27,0.0,-1.54,2
KURA,"Kura Oncology, Inc.",Healthcare,Biotechnology,biotechnology,980068992,13.68,6.146,5.857,29.5,-263.88,0.0,-4.25,35.1,0,0.0,0.0,0.0,16.89,-160.03,2
ATOM,Atomera Incorporated,Technology,Semiconductor Equipment & Materials,semiconductor-equipment-materials,284756192,3954.95,19.337,18.975,175.0,0.0,0.0,-13.88,-2966.21,0,0.0,0.0,0.0,14.91,-109.75,2
AURA,"Aura Biosciences, Inc.",Healthcare,Biotechnology,biotechnology,733364224,0.0,7.093,6.868,0.0,0.0,0.0,-3.49,0.0,0,0.0,0.0,0.0,5.24,-77.56,2
AUROW,"Aurora Innovation, Inc.",,,,0,0.0,9.493,9.142,0.0,0.0,0.0,0.0,0.0,0,0.0,0.0,0.0,0.0,-38.13,2
AUTL,Autolus Therapeutics plc,Healthcare,Biotechnology,biotechnology,433813536,402.24,11.054,10.317,0.0,0.0,0.0,-2.71,0.0,0,0.0,0.0,0.0,7.8100000000000005,-161.42,2
AVBH,"Avidbank Holdings, Inc.",Financial Services,Banks - Regional,banks-regional,359110368,11.29,0.0,0.0,29.2,0.0,0.0,8.61,7.99,0,0.0,18.3,-50.2,2.58,-6.96,2
SPCE,"Virgin Galactic Holdings, Inc.",Industrials,Aerospace & Defense,aerospace-defense,345765280,263.94,1.003,0.782,-50.8,0.0,0.0,-5.58,398.03,0,0.0,0.0,0.0,32.36,-101.8,2
SLDB,Solid Biosciences Inc.,Healthcare,Biotechnology,biotechnology,1089837184,0.0,13.103,12.571,0.0,0.0,0.0,-5.66,0.0,0,0.0,0.0,0.0,13.569999999999999,-96.84,2
SLDP,"Solid Power, Inc.",Consumer Cyclical,Auto Parts,auto-parts,589457280,39.58,16.112,15.723,-58.9,-44.37,0.0,-5.4,62.89,0,0.0,0.0,0.0,10.17,-22.44,2
SLI,Standard Lithium Ltd.,Basic Materials,Other Industrial Metals & Mining,other-industrial-metals-mining,653542336,0.0,20.168,19.381,0.0,0.0,0.0,-23.28,0.0,0,0.0,0.0,0.0,0.0,-13.67,2
LAND,Gladstone Land Corporation,Real Estate,REIT - Specialty,reit-specialty,368817696,4.19,0.838,0.636,-1.7999999999999998,71.58,0.0,-17.94,4.27,0,6.47,0.0,-6.69,6.069999999999999,2.02,2
LANDO,Gladstone Land Corporation,Real Estate,REIT - Specialty,reit-specialty,0,0.0,0.838,0.636,-1.7999999999999998,71.58,0.0,0.0,0.0,0,7.34,0.0,-6.69,0.0,2.02,2
LANDP,Gladstone Land Corporation,Real Estate,REIT - Specialty,reit-specialty,0,0.0,0.838,0.636,-1.7999999999999998,71.58,0.0,0.0,0.0,0,7.43,0.0,-6.69,0.0,2.02,2
LAR,Lithium Argentina AG,Basic Materials,Other Industrial Metals & Mining,other-industrial-metals-mining,1300841984,0.0,0.516,0.516,0.0,0.0,0.0,16.87,0.0,0,0.0,0.0,0.0,3.2199999999999998,-9.83,2
KMPB,unknown,unknown,unknown,unknown,0,0.0,0.0,0.0,0.0,0.0,0.0,0.0,0.0,0,0.0,0.0,0.0,0.0,0.0,2
ARVN,"Arvinas, Inc.",Healthcare,Biotechnology,biotechnology,545204096,6.1,5.442,5.361,-91.7,134.45,0.0,-2.45,11.69,0,0.0,0.0,-247.54,8.14,-18.63,2
ASMB,"Assembly Biosciences, Inc.",Healthcare,Biotechnology,biotechnology,572619456,8.05,6.647,6.516,-12.8,8.77,361.19,-13.73,9.08,0,0.0,0.0,-8.98,12.64,-2.96,2
ASPN,"Aspen Aerogels, Inc.",Industrials,Building Products & Equipment,building-products-equipment,454168448,1.97,2.893,2.395,-51.9,21.52,0.0,-52.53,3.0,0,0.0,0.0,-48.64,10.15,-165.4,2
ASST,"Strive, Inc.",Financial Services,Asset Management,asset-management,1069355008,151.23,11.442,11.035,94.0,0.0,0.0,-12.55,9.07,0,0.0,0.0,0.0,23.93,-3.71,2
ASTL,Algoma Steel Group Inc.,Basic Materials,Steel,steel,397315072,0.21,2.447,1.075,-42.6,-34.760000000000005,0.0,-13.39,0.3,0,0.0,0.0,-60.029999999999994,2.26,-200.55,2
ATAI,AtaiBeckley Inc.,Healthcare,Biotechnology,biotechnology,1826106752,523.54,10.017,9.806,-38.7,0.0,0.0,-10.9,726.15,0,0.0,0.0,0.0,7.55,-297.49,2
SSSSL,SuRo Capital Corp. 6.00% Notes due 2026,unknown,unknown,unknown,0,0.0,0.0,0.0,0.0,0.0,0.0,0.0,0.0,0,0.0,0.0,0.0,0.0,0.0,2
SSTK,"Shutterstock, Inc.",Communication Services,Internet Content & Information,internet-content-information,337622336,0.36,0.511,0.423,-17.9,57.66,0.0,10.33,0.42,0,14.68,0.0,-2.19,5.07,7.83,2
SNDX,"Syndax Pharmaceuticals, Inc.",Healthcare,Biotechnology,biotechnology,1956509312,9.01,5.468,4.896,223.60000000000002,-23.169999999999998,0.0,-42.21,-13.72,0,0.0,0.0,-112.01,22.8,-441.62,2
SOC,Sable Offshore Corp.,Energy,Oil & Gas Drilling,oil-gas-drilling,757217280,595.76,0.079,0.05,0.0,0.0,0.0,1.61,0.0,0,0.0,0.0,0.0,23.14,-76.77,2
ATLCL,Atlanticus Holdings Corporation 6.125% Senior Notes due 2026,unknown,unknown,unknown,0,0.0,0.0,0.0,0.0,0.0,0.0,0.0,0.0,0,0.0,0.0,0.0,0.0,0.0,2
IRD,"Opus Genetics, Inc.",Healthcare,Biotechnology,biotechnology,336042944,28.04,7.131,6.71,-50.6,-179.03,0.0,-5.33,42.23,0,0.0,0.0,0.0,7.31,-323.11,2
KMTS,"Kestra Medical Technologies, Ltd.",Healthcare,Medical Instruments & Supplies,medical-instruments-supplies,1627448960,19.44,7.316,7.082,62.7,48.75,0.0,-13.03,3.72,0,0.0,0.0,-172.99,9.48,-55.41,2
KOPN,Kopin Corporation,Technology,Electronic Components,electronic-components,765294336,19.46,2.614,1.565,0.1,18.490000000000002,413.0,-103.25,15.84,0,0.0,0.0,5.0,13.18,4.07,2
KREF,KKR Real Estate Finance Trust Inc.,Real Estate,REIT - Mortgage,reit-mortgage,452674912,-12.96,6.142,5.721,0.0,0.0,0.0,19.83,0.0,0,5.69,0.0,0.0,12.690000000000001,-4.01,2
JANX,"Janux Therapeutics, Inc.",Healthcare,Biotechnology,biotechnology,939768832,68.43,17.008,16.954,0.0,0.0,0.0,-5.71,0.0,0,0.0,0.0,0.0,16.0,-11.88,2
JBIO,"Jade Biosciences, Inc.",Healthcare,Biotechnology,biotechnology,1296315264,0.0,14.288,13.964,0.0,0.0,0.0,-9.34,0.0,0,0.0,0.0,0.0,10.05,-38.32,2
STRO,"Sutro Biopharma, Inc.",Healthcare,Biotechnology,biotechnology,507552544,5.1,3.121,3.037,-16.5,-65.58,0.0,-4.45,5.94,0,0.0,0.0,-154.21,5.58,144.27,2
STRZ,Starz Entertainment Corp.,Communication Services,Entertainment,entertainment,505359872,0.4,0.31,0.293,-7.199999999999999,50.7,0.0,-7.5,0.43,0,0.0,0.0,-13.19,3.74,-27.56,2
STTK,"Shattuck Labs, Inc.",Healthcare,Biotechnology,biotechnology,691479104,691.48,22.065,21.28,0.0,-297.8,0.0,-14.04,0.0,0,0.0,0.0,0.0,2.76,-59.24,2
SUPV,Grupo Supervielle S.A.,Financial Services,Banks - Regional,banks-regional,958313280,0.0,0.0,0.0,1.0999999999999999,0.0,0.0,7.55,0.0,0,0.0,0.0,-10.41,6.2700000000000005,-3.81,2
SVC,Service Properties Trust,Real Estate,REIT - Hotel & Motel,reit-hotel-motel,1126140160,0.65,0.684,0.407,-16.3,30.98,0.0,-7.57,0.75,0,2.31,0.0,-13.59,2.42,-31.31,2
SVRA,Savara Inc.,Healthcare,Biotechnology,biotechnology,1270548736,0.0,13.467,13.205,0.0,0.0,0.0,-21.09,0.0,0,0.0,0.0,0.0,17.89,-58.5,2
SVREW,SaverOne 2014 Ltd.,,,,0,0.0,2.335,1.849,-78.3,-143.9,0.0,0.0,0.0,0,0.0,0.0,0.0,0.0,-240.49,2
SPTX,"Seaport Therapeutics, Inc.",Healthcare,Biotechnology,biotechnology,1036886848,0.0,13.242,13.069,0.0,0.0,0.0,-7.87,0.0,0,0.0,0.0,0.0,3.81,80.91,2
KYTX,"Kyverna Therapeutics, Inc.",Healthcare,Biotechnology,biotechnology,556884160,0.0,8.146,7.968,0.0,0.0,0.0,-3.1,0.0,0,0.0,0.0,0.0,11.76,-69.45,2
LAC,Lithium Americas Corp.,Basic Materials,Other Industrial Metals & Mining,other-industrial-metals-mining,1341058560,0.0,7.36,4.624,0.0,0.0,0.0,-20.84,0.0,0,0.0,0.0,0.0,8.04,-11.53,2
IBTA,"Ibotta, Inc.",Technology,Software - Application,software-application,768073920,2.26,1.797,1.73,-2.5,78.43,0.0,19.22,2.31,0,0.0,0.0,-2.15,27.810000000000002,1.24,2
IE,Ivanhoe Electric Inc.,Basic Materials,Copper,copper,1505353216,447.09,6.251,6.132,16.7,64.78,0.0,-21.61,131.18,0,0.0,0.0,0.0,6.74,-25.44,2
ARRY,"Array Technologies, Inc.",Technology,Solar,solar,1079861248,0.9,2.253,1.685,-26.1,26.11,0.0,7.67,1.13,0,0.0,0.0,-5.56,24.18,25.32,2
SSYS,Stratasys Ltd.,Technology,Computer Hardware,computer-hardware,735314624,1.34,3.174,2.185,-2.5,42.4,0.0,47.06,1.38,0,0.0,0.0,-21.0,4.47,-12.37,2
STOK,"Stoke Therapeutics, Inc.",Healthcare,Biotechnology,biotechnology,2019794176,62.96,8.986,8.569,-96.1,100.0,0.0,-10.51,123.47,0,0.0,0.0,0.0,19.580000000000002,-1.95,2
CRNC,Cerence Inc.,Technology,Software - Application,software-application,496162112,1.64,1.904,1.601,-17.7,78.28,0.0,14.33,1.93,0,0.0,-92.0,-6.5,13.950000000000001,-12.42,2
CRVS,"Corvus Pharmaceuticals, Inc.",Healthcare,Biotechnology,biotechnology,1275651712,0.0,19.814,19.646,0.0,0.0,0.0,-16.02,0.0,0,0.0,0.0,0.0,24.169999999999998,-24.97,2
ISOU,IsoEnergy Ltd.,Energy,Uranium,uranium,670681280,0.0,17.063,16.882,0.0,0.0,0.0,0.0,0.0,0,0.0,0.0,0.0,0.0,-0.28,2
IVA,Inventiva S.A.,Healthcare,Biotechnology,biotechnology,921260608,136.26,3.159,1.408,-89.9,99.68,0.0,-4.44,258.76,0,0.0,0.0,0.0,0.48,1241.63,2
INBX,"Inhibrx Biosciences, Inc.",Healthcare,Biotechnology,biotechnology,1425159040,1096.28,6.463,6.105,0.0,0.0,0.0,-15.42,0.0,0,0.0,0.0,0.0,30.06,-1752.22,2
INDI,"indie Semiconductor, Inc.",Technology,Semiconductors,semiconductors,978266176,4.47,4.108,3.018,2.6,-29.87,0.0,32.26,5.66,0,0.0,0.0,-69.35,30.630000000000003,-39.96,2
INDP,"Indaptus Therapeutics, Inc.",Healthcare,Biotechnology,biotechnology,379740608,0.0,2.337,1.605,0.0,0.0,0.0,-2.05,0.0,0,0.0,0.0,0.0,0.44,-663.64,2
JKS,"JinkoSolar Holding Co., Ltd.",Technology,Solar,solar,836351936,0.01,1.257,0.679,-11.5,4.35,0.0,21.34,0.01,0,9.47,0.0,-5.62,9.1,-28.27,2
JSM,Navient Corporation SR NT 6% 121543,unknown,unknown,unknown,0,0.0,0.0,0.0,0.0,0.0,0.0,0.0,0.0,0,0.0,0.0,0.0,0.0,0.0,2
KELYA,"Kelly Services, Inc.",Industrials,Staffing & Employment Services,staffing-employment-services,449312736,0.11,1.587,1.517,-10.7,19.7,0.0,7.58,0.12,0,2.29,0.0,-6.4399999999999995,4.07,-26.02,2
KELYB,"Kelly Services, Inc.",Industrials,Staffing & Employment Services,staffing-employment-services,797044736,0.19,1.587,1.517,-10.7,19.7,0.0,0.0,0.21,0,1.36,0.0,-6.4399999999999995,0.54,-26.02,2
CSIQ,Canadian Solar Inc.,Technology,Solar,solar,1028635776,0.19,1.065,0.439,-9.9,22.220000000000002,0.0,-34.49,0.21,0,0.0,0.0,-1.87,27.91,-3.71,2
CSTL,"Castle Biosciences, Inc.",Healthcare,Diagnostics & Research,diagnostics-research,734288128,2.16,6.745,6.26,-4.9,77.88000000000001,0.0,-25.94,2.27,0,0.0,0.0,-3.7800000000000002,5.01,-5.13,2
TCPC,BlackRock TCP Capital Corp.,Financial Services,Asset Management,asset-management,272684032,1.45,3.162,3.142,-23.799999999999997,100.0,0.0,4.59,1.79,0,25.07,0.0,-66.92,7.340000000000001,-14.87,2
TDOC,"Teladoc Health, Inc.",Healthcare,Health Information Services,health-information-services,1676966528,0.67,2.797,2.404,-2.5,69.28999999999999,0.0,-14.35,0.68,0,0.0,0.0,-6.81,16.39,-14.46,2
TECX,"Tectonic Therapeutic, Inc.",Healthcare,Biotechnology,biotechnology,664572736,0.0,18.513,18.282,0.0,0.0,0.0,-7.53,0.0,0,0.0,0.0,0.0,23.95,-29.5,2
TENX,"Tenax Therapeutics, Inc.",Healthcare,Biotechnology,biotechnology,431299104,0.0,14.515,13.994,0.0,0.0,0.0,-11.68,0.0,0,0.0,0.0,0.0,2.93,-54.19,2
TH,Target Hospitality Corp.,Industrials,Specialty Business Services,specialty-business-services,1766646144,5.46,0.847,0.738,4.1000000000000005,28.02,0.0,26.28,3.77,0,0.0,0.0,-13.469999999999999,10.01,-9.54,2
THM,International Tower Hill Mines Ltd.,Basic Materials,Gold,gold,640637120,0.0,238.034,236.491,0.0,0.0,0.0,-120.5,0.0,0,0.0,0.0,0.0,2.54,-8.22,2
SWKHL,SWK Holdings Corporation 9.00% Senior Notes due 2027,unknown,unknown,unknown,0,0.0,0.0,0.0,0.0,0.0,0.0,0.0,0.0,0,0.0,0.0,0.0,0.0,0.0,2
SWMR,"Swarmer, Inc",Technology,Software - Infrastructure,software-infrastructure,460032800,2095.43,17.991,17.401,-81.6,19.580000000000002,0.0,156.93,3805.3,0,0.0,0.0,0.0,7.6,85.8,2
INV,"Innventure, Inc.",Financial Services,Asset Management,asset-management,397531680,121.38,1.367,1.188,544.2,0.0,0.0,-78.83,-539.19,0,0.0,0.0,0.0,12.17,-50.94,2
IONR,ioneer Ltd,Basic Materials,Other Industrial Metals & Mining,other-industrial-metals-mining,344048672,524.46,8.585,8.422,0.0,100.0,0.0,0.0,0.0,0,0.0,0.0,0.0,0.74,-4.15,2
IPSC,"Century Therapeutics, Inc.",Healthcare,Biotechnology,biotechnology,432851584,0.0,10.249,10.038,0.0,0.0,0.0,-5.25,0.0,0,0.0,0.0,0.0,8.61,-6.03,2
IPX,IperionX Limited,Basic Materials,Other Industrial Metals & Mining,other-industrial-metals-mining,962493248,0.0,4.029,3.879,0.0,0.0,0.0,-40.32,0.0,0,0.0,0.0,0.0,2.4299999999999997,,2
IQ,"iQIYI, Inc.",Communication Services,Entertainment,entertainment,1032576512,0.04,0.45,0.295,-13.4,18.84,0.0,12.95,0.04,0,0.0,0.0,-2.59,15.07,-1.55,2
HZO,"MarineMax, Inc.",Consumer Cyclical,Specialty Retail,specialty-retail,778254720,0.35,1.181,0.299,-16.5,32.690000000000005,0.0,21.8,0.4,0,0.0,0.0,-2.83,17.150000000000002,-3.38,2
HQ,Horizon Quantum Holdings Ltd.,Technology,Software - Infrastructure,software-infrastructure,1249222400,32201.43,31.322,30.615,0.0,100.0,0.0,-53.82,0.0,0,0.0,0.0,0.0,3.04,20.29,2
HQWWW,Horizon Quantum Holdings Ltd.,,,,0,0.0,31.322,30.615,0.0,100.0,0.0,0.0,0.0,0,0.0,0.0,0.0,0.0,0.0,2
HROW,"Harrow, Inc.",Healthcare,Drug Manufacturers - Specialty & Generic,drug-manufacturers-specialty-generic,1674770560,6.23,2.476,2.157,-7.6,74.11,0.0,16.79,6.71,0,0.0,0.0,-5.57,21.83,-9.8,2
ANAB,"AnaptysBio, Inc.",Healthcare,Biotechnology,biotechnology,1844904448,7.94,7.58,7.486,-8.0,44.58,0.0,11.9,8.57,0,0.0,0.0,-11.53,35.63,-35.56,2
ANNX,"Annexon, Inc.",Healthcare,Biotechnology,biotechnology,976501568,0.0,6.352,6.262,0.0,0.0,0.0,-6.45,0.0,0,0.0,0.0,0.0,17.21,-97.66,2
ANRO,unknown,Healthcare,Biotechnology,biotechnology,920689536,0.0,20.52,20.111,0.0,0.0,0.0,-7.64,0.0,0,0.0,0.0,0.0,5.53,-41.84,2
AOSL,Alpha and Omega Semiconductor Limited,Technology,Semiconductors,semiconductors,1144507136,1.67,3.319,1.813,-0.5,22.41,0.0,-79.67,1.68,0,0.0,0.0,-15.509999999999998,9.91,-11.79,2
TMCR,The Metals Royalty Company Inc.,Basic Materials,Other Industrial Metals & Mining,other-industrial-metals-mining,401429376,0.0,9.119,8.926,0.0,0.0,0.0,-64.7,0.0,0,0.0,0.0,0.0,0.16999999999999998,3.58,2
TMQ,Trilogy Metals Inc.,Basic Materials,Other Industrial Metals & Mining,other-industrial-metals-mining,579753280,0.0,1.455,1.455,0.0,0.0,0.0,-43.38,0.0,0,0.0,0.0,0.0,6.59,-34.03,2
TBN,Tamboran Resources Corporation,Energy,Oil & Gas E&P,oil-gas-e-p,1094142720,0.0,1.999,1.607,0.0,0.0,0.0,-59.79,0.0,0,0.0,0.0,0.0,3.6700000000000004,-12.83,2
IMCR,Immunocore Holdings plc,Healthcare,Biotechnology,biotechnology,1624646528,3.94,4.181,3.856,13.600000000000001,32.28,0.0,-51.1,2.3,0,0.0,150.0,-6.68,19.77,-9.32,2
IMMX,"Immix Biopharma, Inc.",Healthcare,Biotechnology,biotechnology,743934976,0.0,8.755,8.594,0.0,0.0,0.0,-14.09,0.0,0,0.0,0.0,0.0,6.74,-31.39,2
IMSR,Terrestrial Energy Inc.,Utilities,Utilities - Regulated Electric,utilities-regulated-electric,853694528,0.0,54.822,54.47,0.0,0.0,0.0,-3.03,0.0,0,0.0,0.0,0.0,12.01,-9.48,2
IMTX,Immatics N.V.,Healthcare,Biotechnology,biotechnology,1365364864,36.61,8.775,8.296,-59.0,0.0,0.0,-5.25,58.21,0,0.0,0.0,0.0,5.9799999999999995,-40.58,2
HWCPZ,unknown,unknown,unknown,unknown,0,0.0,0.0,0.0,0.0,0.0,0.0,0.0,0.0,0,0.0,0.0,0.0,0.0,0.0,2
HY,"Hyster-Yale, Inc.",Industrials,Farm & Heavy Construction Machinery,farm-heavy-construction-machinery,592120576,0.16,1.314,0.561,-12.7,15.870000000000001,0.0,15.97,0.18,0,4.52,0.0,-2.7199999999999998,3.38,-12.73,2
CURR,CURRENC Group Inc.,Technology,Software - Application,software-application,308775200,8.17,1.119,0.921,-21.8,40.77,0.0,-11.0,9.95,0,0.0,0.0,-48.74,1.87,325.17,2
CV,"CapsoVision, Inc.",Healthcare,Medical Devices,medical-devices,330259296,24.35,4.568,3.703,0.3,51.67,0.0,0.0,11.73,0,0.0,0.0,-198.87,3.92,-190.91,2
TRC,Tejon Ranch Co.,Industrials,Conglomerates,conglomerates,500443648,9.83,2.762,2.012,15.8,13.36,309.0,168.55,7.17,0,0.0,0.0,3.32,5.8999999999999995,0.02,2
TRINI,Trinity Capital Inc. 7.875% Notes Due 2029,unknown,unknown,unknown,0,0.0,0.0,0.0,0.0,0.0,0.0,0.0,0.0,0,0.0,0.0,0.0,0.0,0.0,2
TRINZ,Trinity Capital Inc. 7.875% Notes due 2029,unknown,unknown,unknown,0,0.0,0.0,0.0,0.0,0.0,0.0,0.0,0.0,0,0.0,0.0,0.0,0.0,0.0,2
TRLV,Trulieve Cannabis Corp.,Healthcare,Drug Manufacturers - Specialty & Generic,drug-manufacturers-specialty-generic,1696148224,1.45,5.259,3.01,-3.6999999999999997,59.650000000000006,0.0,36.82,1.5,0,0.0,0.0,-6.93,0.18,-10.02,2
TRON,Tron Inc.,Consumer Cyclical,Leisure,leisure,763755136,157.94,30.899,12.547,8.7,25.840000000000003,0.0,0.0,106.95,0,0.0,0.0,112.99,2.63,-7.99,2
TSAT,Telesat Corporation,Technology,Communication Equipment,communication-equipment,2382423040,6.14,0.251,0.173,-25.4,45.81,0.0,-6.36,7.69,0,0.0,0.0,-47.73,7.9799999999999995,-29.27,2
TIPT,Tiptree Inc.,Financial Services,Insurance - Specialty,insurance-specialty,684902464,-282.9,1.298,1.217,0.0,0.0,0.0,0.0,0.0,0,1.32,149.9,0.0,2.6599999999999997,6.87,2
TITN,Titan Machinery Inc.,Industrials,Industrial Distribution,industrial-distribution,426779424,0.18,1.376,0.176,-12.1,16.17,0.0,-54.95,0.2,0,0.0,0.0,-2.2800000000000002,4.12,-9.35,2
TLRY,"Tilray Brands, Inc.",Healthcare,Drug Manufacturers - Specialty & Generic,drug-manufacturers-specialty-generic,540740608,0.63,2.791,1.314,-7.8,27.68,0.0,16.15,0.68,0,0.0,0.0,-156.66,15.25,-144.68,2
CTGO,Contango Silver & Gold Inc.,Basic Materials,Gold,gold,528957152,0.0,1.273,1.217,0.0,0.0,0.0,3.35,0.0,0,0.0,0.0,0.0,6.3100000000000005,-143.78,2
CTMX,"CytomX Therapeutics, Inc.",Healthcare,Biotechnology,biotechnology,829448064,23.34,10.378,10.209,-79.9,100.0,0.0,-7.84,41.98,0,0.0,0.0,-166.4,15.950000000000001,-17.54,2
CTNM,"Contineum Therapeutics, Inc.",Healthcare,Biotechnology,biotechnology,580610432,0.0,38.0,37.003,0.0,0.0,0.0,-8.56,0.0,0,0.0,0.0,0.0,5.08,-22.98,2
HPK,"HighPeak Energy, Inc.",Energy,Oil & Gas E&P,oil-gas-e-p,817536896,1.01,0.669,0.609,-20.7,70.42,0.0,-29.41,1.22,0,2.74,0.0,-17.95,39.67,1.19,2
HPP,"Hudson Pacific Properties, Inc.",Real Estate,REIT - Office,reit-office,882517760,1.08,0.285,0.265,-8.0,48.89,0.0,-5.77,1.17,0,0.0,0.0,-65.03999999999999,1.0999999999999999,-22.05,2
HNST,"The Honest Company, Inc.",Consumer Defensive,Household & Personal Products,household-personal-products,433709760,1.23,4.51,2.91,-19.7,39.72,0.0,31.3,1.47,0,0.0,0.0,-5.390000000000001,10.63,-9.25,2
GT,The Goodyear Tire & Rubber Company,Consumer Cyclical,Auto Parts,auto-parts,1991949568,0.11,1.04,0.452,-8.7,18.56,0.0,10.43,0.12,0,0.0,0.0,-11.64,16.74,-53.23,2
GTN,"Gray Media, Inc.",Communication Services,Broadcasting,broadcasting,411981248,0.13,1.197,1.002,-1.7999999999999998,24.7,0.0,-16.71,0.14,0,7.79,0.0,-3.1199999999999997,0.01,-3.94,2
TXO,"TXO Partners, L.P.",Energy,Oil & Gas E&P,oil-gas-e-p,686111936,1.99,0.43,0.316,-66.5,44.43,0.0,14.19,3.31,0,11.8,0.0,-28.52,2.31,0.0,2
TYRA,"Tyra Biosciences, Inc.",Healthcare,Biotechnology,biotechnology,1835255936,0.0,20.493,20.054,0.0,0.0,0.0,-10.95,0.0,0,0.0,0.0,0.0,30.669999999999998,-46.28,2
UAMY,United States Antimony Corporation,Basic Materials,Other Industrial Metals & Mining,other-industrial-metals-mining,1075827584,27.56,3.621,1.736,-3.1,22.06,0.0,-181.5,28.41,0,0.0,0.0,-41.44,22.0,-3.08,2
ULCC,"Frontier Group Holdings, Inc.",Industrials,Airlines,airlines,1794654592,0.47,0.491,0.424,8.799999999999999,-1.95,0.0,30.76,0.44,0,0.0,0.0,-9.62,40.949999999999996,-27.9,2
ULH,"Universal Logistics Holdings, Inc.",Industrials,Trucking,trucking,368120896,0.24,1.131,1.047,-3.9,19.36,0.0,11.63,0.25,0,2.88,0.0,-7.090000000000001,11.379999999999999,-18.48,2
ALMU,"Aeluma, Inc.",Technology,Semiconductors,semiconductors,346153888,66.62,26.104,25.238,-2.6,37.74,0.0,-76.66,68.35,0,0.0,0.0,-115.55,22.74,-16.88,2
TPTA,unknown,unknown,unknown,unknown,0,0.0,0.0,0.0,0.0,0.0,0.0,0.0,0.0,0,0.0,0.0,0.0,0.0,0.0,2
TRAX,"First Tracks Biotherapeutics, Inc.",Healthcare,Biotechnology,biotechnology,699243328,0.0,8.74,8.651,0.0,0.0,0.0,-6.39,0.0,0,0.0,0.0,0.0,0.0,-41.8,2
HRZN,Horizon Technology Finance Corporation,Financial Services,Asset Management,asset-management,316731552,3.31,4.696,4.448,-1.7999999999999998,100.0,0.0,6.08,3.37,0,15.27,0.0,22.55,5.0200000000000005,-0.84,2
HSLV,Highlander Silver Corp.,Basic Materials,Silver,silver,1041527936,56.82,4.742,4.329,0.0,32.019999999999996,0.0,0.0,0.0,0,0.0,0.0,66.66,0.0,-11.76,2
HTFC,unknown,unknown,unknown,unknown,0,0.0,0.0,0.0,0.0,0.0,0.0,0.0,0.0,0,0.0,0.0,0.0,0.0,0.0,2
HTLD,"Heartland Express, Inc.",Industrials,Trucking,trucking,1154596480,1.51,1.272,1.11,-19.7,28.1,0.0,28.84,1.81,0,0.54,0.0,-5.6899999999999995,5.3,-6.94,2
CUBB,unknown,unknown,unknown,unknown,0,0.0,0.0,0.0,0.0,0.0,0.0,0.0,0.0,0,0.0,0.0,0.0,0.0,0.0,2
ALT,"Altimmune, Inc.",Healthcare,Biotechnology,biotechnology,598980416,16638.35,29.557,29.427,0.0,0.0,0.0,-3.59,0.0,0,0.0,0.0,0.0,21.59,-39.17,2
HBNC,"Horizon Bancorp, Inc.",Financial Services,Banks - Regional,banks-regional,1023515520,-44.19,0.0,0.0,8.5,0.0,0.0,8.96,-40.44,0,3.24,-5.6000000000000005,0.0,3.08,-21.86,2
HCMA,HCM III Acquisition Corp.,Financial Services,Shell Companies,shell-companies,348465312,0.0,1.637,1.527,0.0,0.0,0.0,0.0,0.0,0,0.0,0.0,0.0,0.03,0.0,2
HELE,Helen of Troy Limited,Consumer Defensive,Household & Personal Products,household-personal-products,641230400,0.36,1.714,0.769,-3.3000000000000003,45.660000000000004,0.0,6.78,0.37,0,0.0,0.0,-50.33,10.89,-112.63,2
GREEL,Greenidge Generation Holdings Inc. 8.50% Senior Notes due 2026,unknown,unknown,unknown,0,0.0,0.0,0.0,0.0,0.0,0.0,0.0,0.0,0,0.0,0.0,0.0,0.0,0.0,2
GRPN,"Groupon, Inc.",Communication Services,Internet Content & Information,internet-content-information,1009234368,2.02,0.807,0.676,0.0,90.74,0.0,12.84,2.02,0,0.0,0.0,-20.78,55.769999999999996,196.23,2
DC,Dakota Gold Corp.,Basic Materials,Gold,gold,604015744,0.0,38.502,38.231,0.0,0.0,0.0,-20.04,0.0,0,0.0,0.0,0.0,4.79,-26.25,2
DCBG,unknown,unknown,unknown,unknown,0,0.0,0.0,0.0,0.0,0.0,0.0,0.0,0.0,0,0.0,0.0,0.0,0.0,0.0,2
ALVO,Alvotech,Healthcare,Drug Manufacturers - Specialty & Generic,drug-manufacturers-specialty-generic,1170240640,2.08,1.755,0.67,-20.200000000000003,61.529999999999994,0.0,14.8,2.5,0,0.0,-99.0,-14.360000000000001,3.15,-9.81,2
AMBQ,unknown,Technology,Semiconductors,semiconductors,1995863040,24.39,11.704,10.438,59.3,42.27,0.0,-111.23,5.73,0,0.0,0.0,-46.86,7.340000000000001,-22.44,2
AMLX,"Amylyx Pharmaceuticals, Inc.",Healthcare,Drug Manufacturers - Specialty & Generic,drug-manufacturers-specialty-generic,1998018048,0.0,17.852,17.529,0.0,0.0,0.0,-14.19,0.0,0,0.0,0.0,0.0,15.27,-47.41,2
AMOD,"Alpha Modus Holdings, Inc.",Technology,Software - Application,software-application,20701136,2900.13,0.312,0.02,0.0,100.0,0.0,0.0,0.0,0,0.0,0.0,0.0,3.29,16.39,2
UP,Wheels Up Experience Inc.,Industrials,Airports & Air Services,airports-air-services,329968576,0.45,0.193,0.101,-4.8,13.420000000000002,0.0,-1.52,0.48,0,0.0,0.0,-38.17,13.389999999999999,75.04,2
URG,Ur-Energy Inc.,Energy,Uranium,uranium,556264576,17.86,4.437,3.568,0.0,-178.94,0.0,22.4,0.0,0,0.0,0.0,-297.95,8.5,-96.7,2
TSHA,"Taysha Gene Therapies, Inc.",Healthcare,Biotechnology,biotechnology,1833363328,245.4,14.044,13.761,0.0,100.0,0.0,-14.67,0.0,0,0.0,0.0,0.0,13.719999999999999,-44.14,2
CWH,"Camping World Holdings, Inc.",Consumer Cyclical,Auto & Truck Dealerships,auto-truck-dealerships,440827296,0.07,1.168,0.197,-4.2,29.330000000000002,0.0,6.21,0.07,0,5.52,0.0,-1.49,20.86,-39.28,2
DGXX,Digi Power X Inc.,Utilities,Utilities - Independent Power Producers,utilities-independent-power-producers,428610496,13.52,12.603,10.251,-26.8,11.77,0.0,0.0,17.14,0,0.0,0.0,-98.97,4.91,-23.0,2
DDT,Dillards Capital Trust I CAP SECS 7.5%,unknown,unknown,unknown,0,0.0,0.0,0.0,0.0,0.0,0.0,0.0,0.0,0,0.0,0.0,0.0,0.0,0.0,2
GSIT,"GSI Technology, Inc.",Technology,Semiconductors,semiconductors,261606560,10.41,8.611,7.779,7.3999999999999995,54.510000000000005,0.0,-12.44,4.39,0,0.0,0.0,-52.73,7.04,-16.2,2
GLIBA,Liberty Capital Corporation,Communication Services,Telecom Services,telecom-services,912228160,0.88,3.306,2.984,-3.8,49.519999999999996,0.0,5.77,0.91,0,0.0,-60.199999999999996,-31.47,10.35,-18.31,2
GLIBK,Liberty Capital Corporation,Communication Services,Telecom Services,telecom-services,893871808,0.86,3.306,2.984,-3.8,49.519999999999996,0.0,0.0,0.9,0,0.0,-60.199999999999996,-31.47,5.800000000000001,-18.31,2
GLSI,"Greenwich LifeSciences, Inc.",Healthcare,Biotechnology,biotechnology,300022592,0.0,2.007,2.007,0.0,0.0,0.0,-24.93,0.0,0,0.0,0.0,0.0,19.1,-5480.55,2
GLUE,"Monte Rosa Therapeutics, Inc.",Healthcare,Biotechnology,biotechnology,1964146432,45.73,9.538,9.444,-95.0,-238.54000000000002,0.0,-12.81,89.17,0,0.0,0.0,0.0,20.65,-16.57,2
GMTL,Guardian Metal Resources PLC,Basic Materials,Other Precious Metals & Mining,other-precious-metals-mining,522864608,-261432.3,3.732,3.732,0.0,0.0,0.0,-46.28,0.0,0,0.0,0.0,0.0,0.0,-14.91,2
GNL,"Global Net Lease, Inc.",Real Estate,REIT - Diversified,reit-diversified,1899810176,4.02,2.209,1.573,-17.5,87.37,0.0,-150.0,4.73,0,8.25,0.0,-8.72,0.01,-13.56,2
UXIN,Uxin Limited,Consumer Cyclical,Auto & Truck Dealerships,auto-truck-dealerships,375066336,1.21,0.788,0.31,112.9,-21.75,0.0,-5876.28,-0.19,0,0.0,0.0,0.0,0.74,120.21,2
UZD,unknown,unknown,unknown,unknown,0,0.0,0.0,0.0,0.0,0.0,0.0,0.0,0.0,0,0.0,0.0,0.0,0.0,0.0,2
UZE,unknown,unknown,unknown,unknown,0,0.0,0.0,0.0,0.0,0.0,0.0,0.0,0.0,0,0.0,0.0,0.0,0.0,0.0,2
UZF,unknown,unknown,unknown,unknown,0,0.0,0.0,0.0,0.0,0.0,0.0,0.0,0.0,0,0.0,0.0,0.0,0.0,0.0,2
VALN,Valneva SE,Healthcare,Biotechnology,biotechnology,512046656,3.28,2.138,1.225,-37.2,-25.27,0.0,5.19,4.49,0,0.0,0.0,-88.3,0.18,-108.5,2
VELO,"Velo3D, Inc.",Technology,Computer Hardware,computer-hardware,447313056,8.86,2.448,1.086,48.199999999999996,-11.33,0.0,-27.29,5.11,0,0.0,0.0,-105.69999999999999,26.900000000000002,-187.03,2
ALOY,REalloys Inc.,Basic Materials,Other Industrial Metals & Mining,other-industrial-metals-mining,869263424,577.2,5.043,3.006,0.0,19.99,0.0,-49.0,0.0,0,0.0,0.0,0.0,0.0,0.0,2
DNA,"Ginkgo Bioworks Holdings, Inc.",Healthcare,Biotechnology,biotechnology,660430592,4.36,5.151,4.947,-49.1,69.63000000000001,0.0,-3.15,6.5,0,0.0,0.0,-201.04999999999998,9.51,-61.5,2
DNUT,"Krispy Kreme, Inc.",Consumer Defensive,Grocery Stores,grocery-stores,599952000,0.4,0.419,0.311,-2.1999999999999997,23.51,0.0,65.16,0.4,0,3.47,0.0,-33.36,16.73,-79.33,2
DQ,Daqo New Energy Corp.,Technology,Semiconductor Equipment & Materials,semiconductor-equipment-materials,834323456,1.47,6.017,4.433,-78.4,-34.44,0.0,-11.27,2.62,0,0.0,0.0,-32.92,8.76,,2
DRTS,Alpha Tau Medical Ltd.,Healthcare,Biotechnology,biotechnology,1226173696,0.0,7.786,7.314,0.0,0.0,0.0,-26.37,0.0,0,0.0,0.0,0.0,3.39,-55.29,2
GAINZ,Gladstone Investment Corporation 4.875% Notes due 2028,unknown,unknown,unknown,0,0.0,0.0,0.0,0.0,0.0,0.0,0.0,0.0,0,0.0,0.0,0.0,0.0,0.0,2
GDOT,Green Dot Corporation,Financial Services,Credit Services,credit-services,751612672,0.35,0.0,0.0,17.4,0.0,0.0,7.94,0.29,0,0.0,97.89999999999999,-3.26,3.4099999999999997,-11.11,2
AIRS,"AirSculpt Technologies, Inc.",Healthcare,Medical Care Facilities,medical-care-facilities,316044640,2.08,0.749,0.575,0.0,66.06,0.0,-224.0,2.08,0,0.0,0.0,-7.39,8.72,-13.3,2
AIZN,unknown,unknown,unknown,unknown,0,0.0,0.0,0.0,0.0,0.0,0.0,0.0,0.0,0,0.0,0.0,0.0,0.0,0.0,2
AKTS,"Aktis Oncology, Inc.",Healthcare,Biotechnology,biotechnology,1468168960,177.38,19.487,19.37,123.0,0.0,0.0,-13.71,-40.8,0,0.0,0.0,0.0,18.41,43.61,2
ALIT,"Alight, Inc.",Technology,Software - Application,software-application,784080896,0.35,1.416,0.857,-2.6,38.519999999999996,0.0,2.57,0.36,0,16.84,0.0,-137.5,7.1,-296.65,2
ALLO,"Allogene Therapeutics, Inc.",Healthcare,Biotechnology,biotechnology,721372992,0.0,9.647,9.467,0.0,0.0,0.0,-3.05,0.0,0,0.0,0.0,0.0,15.4,-65.25,2
VFSWW,VinFast Auto Ltd.,,,,0,0.0,0.477,0.079,41.699999999999996,-53.800000000000004,0.0,0.0,0.0,0,0.0,0.0,-113.19,0.0,57.14,2
GOODO,Gladstone Commercial Corporation,unknown,unknown,unknown,0,0.0,0.0,0.0,0.0,0.0,0.0,0.0,0.0,0,0.0,0.0,0.0,0.0,11.23,2
GPRE,Green Plains Inc.,Basic Materials,Chemicals,chemicals,1102975232,0.57,1.705,0.904,-25.900000000000002,11.48,0.0,10.31,0.72,0,0.0,0.0,-0.8,21.44,-15.83,2
GFR,Greenfire Resources Ltd.,Energy,Oil & Gas E&P,oil-gas-e-p,684842368,1.24,0.656,0.498,-19.1,28.439999999999998,0.0,8.43,1.48,0,0.0,0.0,-7.57,0.13999999999999999,4.07,2
GHRS,GH Research PLC,Healthcare,Biotechnology,biotechnology,1795495424,0.0,23.041,22.626,0.0,0.0,0.0,-13.09,0.0,0,0.0,0.0,0.0,7.539999999999999,-17.25,2
GEMI,"Gemini Space Station, Inc.",Financial Services,Capital Markets,capital-markets,557568576,2.87,1.275,0.413,42.3,-28.799999999999997,0.0,-2.48,2.13,0,0.0,0.0,-278.90000000000003,18.66,-107.75,2
GENB,"Generate Biomedicines, Inc.",Healthcare,Biotechnology,biotechnology,2169016832,71.59,9.169,8.848,-18.099999999999998,0.0,0.0,-8.19,84.54,0,0.0,0.0,0.0,6.09,32.98,2
FUFU,BitFuFu Inc.,Financial Services,Capital Markets,capital-markets,239981200,0.51,4.155,2.006,-6.9,10.25,0.0,20.57,0.54,0,0.0,0.0,-10.45,0.47000000000000003,-21.69,2
DRUG,Bright Minds Biosciences Inc.,Healthcare,Biotechnology,biotechnology,653973888,0.0,81.481,81.1,0.0,0.0,0.0,-7.83,0.0,0,0.0,0.0,0.0,10.82,-14.91,2
DSGN,"Design Therapeutics, Inc.",Healthcare,Biotechnology,biotechnology,927486144,0.0,22.282,22.046,0.0,0.0,0.0,-9.08,0.0,0,0.0,0.0,0.0,9.83,-32.84,2
DUOT,"Duos Technologies Group, Inc.",Technology,Software - Application,software-application,321514048,12.97,3.397,3.292,-45.0,32.97,0.0,29.24,18.8,0,0.0,0.0,-45.37,10.27,-20.26,2
VOR,Vor Biopharma Inc.,Healthcare,Biotechnology,biotechnology,1089136128,0.0,31.149,30.573,0.0,0.0,0.0,-5.37,0.0,0,0.0,0.0,0.0,13.139999999999999,423.57,2
VPG,"Vishay Precision Group, Inc.",Technology,Scientific & Technical Instruments,scientific-technical-instruments,1636023040,5.12,4.474,2.616,17.599999999999998,39.24,273.33,67.96,2.56,0,0.0,0.0,1.8499999999999999,10.69,1.57,2
VRDN,"Viridian Therapeutics, Inc.",Healthcare,Biotechnology,biotechnology,2097021568,29.57,15.148,14.712,95.8,0.0,0.0,-7.21,1.24,0,0.0,0.0,0.0,14.11,-58.06,2
VRXA,Veraxa Biotech AG,Healthcare,Biotechnology,biotechnology,309683104,0.0,0.0,0.0,0.0,0.0,0.0,0.0,0.0,0,0.0,0.0,0.0,0.0,422.51,2
VSTM,"Verastem, Inc.",Healthcare,Biotechnology,biotechnology,391916448,7.9,3.035,2.874,0.0,85.13,0.0,-3.84,0.0,0,0.0,0.0,0.0,24.93,-366.23,2
VSTS,Vestis Corporation,Industrials,Rental & Leasing Services,rental-leasing-services,1795308032,0.66,2.133,0.501,-0.8999999999999999,26.06,0.0,20.36,0.67,0,1.75,0.0,-0.63,9.59,-4.65,2
AIFU,AIFU Inc.,Financial Services,Insurance Brokers,insurance-brokers,237028240,0.43,1.179,1.144,-39.800000000000004,49.28,0.0,74.07,0.6,0,0.0,0.0,0.0,0.13999999999999999,-475.5,2
DJTWW,Trump Media & Technology Group Corp.,,,,1178344960,315.69,1.073,1.031,6.1,23.93,0.0,0.0,225.51,0,0.0,0.0,0.0,0.0,-43.24,2
DMAC,DiaMedica Therapeutics Inc.,Healthcare,Biotechnology,biotechnology,431605600,0.0,9.11,8.983,0.0,0.0,0.0,-9.1,0.0,0,0.0,0.0,0.0,13.44,-58.39,2
DMRA,"Damora Therapeutics, Inc.",Healthcare,Biotechnology,biotechnology,1834285056,0.0,22.485,22.417,0.0,0.0,0.0,-14.34,0.0,0,0.0,0.0,0.0,2.4899999999999998,119.31,2
ECX,ECARX Holdings Inc.,Consumer Cyclical,Auto Parts,auto-parts,480135552,0.59,0.645,0.423,-25.8,19.25,0.0,8.24,0.74,0,0.0,0.0,-6.239999999999999,2.98,23.36,2
EBS,Emergent BioSolutions Inc.,Healthcare,Drug Manufacturers - Specialty & Generic,drug-manufacturers-specialty-generic,422057728,0.62,4.288,1.896,-29.7,47.49,0.0,2.74,0.81,0,0.0,-93.8,-1.27,19.24,10.07,2
ECCV,unknown,unknown,unknown,unknown,0,0.0,0.0,0.0,0.0,0.0,0.0,0.0,0.0,0,0.0,0.0,0.0,0.0,0.0,2
FWRD,Forward Air Corporation,Industrials,Integrated Freight & Logistics,integrated-freight-logistics,410809344,0.17,1.227,1.074,-5.1,20.54,0.0,-51.28,0.18,0,0.0,0.0,-3.71,15.260000000000002,-95.11,2
FMC,FMC Corporation,Basic Materials,Agricultural Inputs,agricultural-inputs,1425079424,0.41,1.286,0.691,-4.1000000000000005,32.09,0.0,5.45,0.43,0,2.82,0.0,-72.92999999999999,20.630000000000003,-108.08,2
AFGE,"American Financial Group, Inc.",unknown,unknown,unknown,0,0.0,0.0,0.0,0.0,0.0,0.0,0.0,0.0,0,0.0,0.0,0.0,0.0,0.0,2
AGIO,"Agios Pharmaceuticals, Inc.",Healthcare,Biotechnology,biotechnology,2223643392,33.67,14.187,12.799,137.7,0.0,0.0,-7.92,-12.69,0,0.0,0.0,0.0,11.72,-34.6,2
AGL,"agilon health, inc.",Healthcare,Medical Care Facilities,medical-care-facilities,1791171328,0.31,1.038,0.92,-7.3,-2.5,0.0,-174.04,0.33,0,0.0,301.0,-6.09,6.21,-308.79,2
AGMB,AgomAb Therapeutics NV,Healthcare,Biotechnology,biotechnology,665832640,0.0,6.522,6.488,0.0,0.0,0.0,-6.77,0.0,0,0.0,0.0,0.0,2.62,-47.78,2
AHG,Akso Health Group,Healthcare,Medical Distribution,medical-distribution,1306473856,88.02,1.53,1.19,0.8999999999999999,1.0,0.0,0.0,86.36,0,0.0,0.0,0.0,0.0,-67.79,2
AI,"C3.ai, Inc.",Technology,Software - Infrastructure,software-infrastructure,1439460352,5.75,6.643,6.343,-52.5,30.919999999999998,0.0,-20.55,8.77,0,0.0,0.0,-187.95,31.630000000000003,-71.95,2
AIAI,AIAI Holdings Corporation,Industrials,Conglomerates,conglomerates,935176128,0.0,0.0,0.0,0.0,0.0,0.0,0.0,0.0,0,0.0,0.0,0.0,0.33,-11.72,2
AIBZ,Bitzero Holdings Inc.,Technology,Software - Infrastructure,software-infrastructure,0,0.0,0.624,0.04,-12.5,7.449999999999999,0.0,0.0,0.0,0,0.0,0.0,-82.72,0.0,149.81,2
VGZ,Vista Gold Corp.,Basic Materials,Gold,gold,268587264,0.0,29.22,28.972,0.0,0.0,0.0,-36.8,0.0,0,0.0,0.0,0.0,1.03,-49.64,2
VIR,"Vir Biotechnology, Inc.",Healthcare,Biotechnology,biotechnology,1689892736,25.8,7.11,6.52,0.0,0.0,0.0,-4.31,0.0,0,0.0,0.0,0.0,10.86,-57.23,2
GEGGL,"Great Elm Group, Inc.  7.25% Notes due 2027",unknown,unknown,unknown,0,0.0,0.0,0.0,0.0,0.0,0.0,0.0,0.0,0,0.0,0.0,0.0,0.0,0.0,2
ACHV,"Achieve Life Sciences, Inc.",Healthcare,Biotechnology,biotechnology,662150912,0.0,2.625,2.474,0.0,0.0,0.0,-13.05,0.0,0,0.0,0.0,0.0,8.06,-253.96,2
ACTG,Acacia Research Corporation,Industrials,Business Equipment & Supplies,business-equipment-supplies,434651104,2.02,8.56,7.687,-56.39999999999999,17.48,0.0,-8.49,3.16,0,0.0,0.0,-8.53,5.5,3.99,2
XMAX,XMax Inc.,Consumer Cyclical,"Furnishings, Fixtures & Appliances",furnishings-fixtures-appliances,569876864,35.91,12.958,8.16,-32.4,24.34,0.0,0.0,47.55,0,0.0,0.0,-18.2,8.36,-12.23,2
XNCR,"Xencor, Inc.",Healthcare,Biotechnology,biotechnology,1103968512,11.34,6.573,6.221,-86.2,-152.18,0.0,-4.18,21.11,0,0.0,0.0,-177.1,21.560000000000002,-14.46,2
ZURA,Zura Bio Limited,Healthcare,Biotechnology,biotechnology,508560640,0.0,19.328,19.208,0.0,0.0,0.0,-53.6,0.0,0,0.0,0.0,0.0,8.3,-67.61,2
WAVE,Eco Wave Power Global AB (publ),Utilities,Utilities - Renewable,utilities-renewable,58403252,1536.93,2.428,2.321,0.0,57.9,0.0,-10.17,0.0,0,0.0,0.0,0.0,0.0,-65.17,2
WBTN,WEBTOON Entertainment Inc.,Communication Services,Internet Content & Information,internet-content-information,1560608896,1.13,2.721,2.495,-1.5,24.21,0.0,35.51,1.15,0,0.0,0.0,-24.169999999999998,24.38,-29.55,2
EYPT,"EyePoint, Inc.",Healthcare,Biotechnology,biotechnology,1210668288,159.01,6.661,5.972,161.7,0.0,0.0,-5.12,-98.11,0,0.0,0.0,0.0,18.96,-75.78,2
FAC,Factorial Energy Inc.,Industrials,Electrical Equipment & Parts,electrical-equipment-parts,1077382400,0.0,5.496,4.658,0.0,0.0,0.0,-35.82,0.0,0,0.0,0.0,0.0,0.0,33.35,2
FBRX,"Forte Biosciences, Inc.",Healthcare,Biotechnology,biotechnology,417972640,0.0,2.753,2.49,0.0,0.0,0.0,-4.93,0.0,0,0.0,0.0,0.0,7.180000000000001,-113.75,2
FCEL,"FuelCell Energy, Inc.",Industrials,Electrical Equipment & Parts,electrical-equipment-parts,2009991040,11.97,8.593,6.706,-4.9,-18.2,0.0,-22.9,12.56,0,0.0,0.0,-132.41,10.15,-28.38,2
WTFCN,Wintrust Financial Corporation,Financial Services,Banks - Regional,banks-regional,0,0.0,0.0,0.0,10.4,0.0,0.0,0.0,0.0,0,8.68,19.7,32.019999999999996,0.0,12.06,2
ADSE,ADS-TEC Energy PLC,Industrials,Electrical Equipment & Parts,electrical-equipment-parts,914274944,28.97,1.581,0.369,-44.9,-51.6,0.0,14.79,41.98,0,0.0,0.0,-174.88,0.2,509.98,2
ENVX,Enovix Corporation,Industrials,Electrical Equipment & Parts,electrical-equipment-parts,1226022272,35.72,10.974,10.466,49.1,21.55,0.0,-9.82,14.26,0,0.0,0.0,0.0,25.240000000000002,-57.79,2
EPRX,Eupraxia Pharmaceuticals Inc.,Healthcare,Biotechnology,biotechnology,425931712,0.0,19.304,18.953,0.0,0.0,0.0,-7.24,0.0,0,0.0,0.0,0.0,0.0,-73.75,2
ETON,"Eton Pharmaceuticals, Inc.",Healthcare,Drug Manufacturers - Specialty & Generic,drug-manufacturers-specialty-generic,1041457472,11.98,1.205,0.749,40.400000000000006,59.72,0.0,20.22,2.88,0,0.0,0.0,-1.7000000000000002,7.32,-17.59,2
PCTTW,"PureCycle Technologies, Inc.",,,,0,0.0,1.711,1.46,161.20000000000002,0.0,0.0,0.0,0.0,0,0.0,0.0,0.0,0.0,-397.86,2
BXDC,Blackstone Digital Infrastructure Trust Inc.,Real Estate,REIT - Specialty,reit-specialty,2125677952,0.0,0.0,0.0,0.0,0.0,0.0,83.41,0.0,0,0.0,0.0,0.0,0.0,0.0,2
BYND,"Beyond Meat, Inc.",Consumer Defensive,Packaged Foods,packaged-foods,378467456,1.43,2.853,1.99,-15.299999999999999,10.84,0.0,-2.48,1.65,0,0.0,0.0,94.96,28.910000000000004,-17854.76,2
BZH,"Beazer Homes USA, Inc.",Consumer Cyclical,Residential Construction,residential-construction,759060288,0.36,11.36,0.94,-27.500000000000004,13.34,0.0,16.34,0.46,0,0.0,0.0,-0.18,9.36,3.65,2
CABA,"Cabaletta Bio, Inc.",Healthcare,Biotechnology,biotechnology,490794944,0.0,2.947,2.81,0.0,0.0,0.0,-2.12,0.0,0,0.0,0.0,0.0,17.810000000000002,-149.8,2
XPOF,"Xponential Fitness, Inc.",Consumer Cyclical,Leisure,leisure,334407264,1.12,0.757,0.499,-21.0,67.07,0.0,8.87,1.35,0,0.0,0.0,-12.55,37.66,12.56,2
ZBIO,unknown,Healthcare,Biotechnology,biotechnology,1669877888,0.0,11.938,11.744,0.0,0.0,0.0,-11.68,0.0,0,0.0,0.0,0.0,26.279999999999998,-156.0,2
ZLAB,Zai Lab Limited,Healthcare,Biotechnology,biotechnology,2154562048,4.75,2.404,1.841,-6.5,8.110000000000001,0.0,-10.93,5.06,0,0.0,0.0,-39.290000000000006,6.569999999999999,-24.53,2
XFLT,XAI Floating Rate & Alternative Income Trust,Financial Services,Asset Management,asset-management,271871296,0.0,0.0,0.0,0.0,0.0,0.0,0.0,0.0,0,15.18,0.0,0.0,0.16,2.22,2
XFOR,"X4 Pharmaceuticals, Inc.",Healthcare,Biotechnology,biotechnology,380108384,42.17,10.18,9.879,-90.60000000000001,81.82000000000001,0.0,-4.41,80.37,0,0.0,0.0,0.0,4.44,-42.51,2
ADUR,Aduro Clean Technologies Inc.,Industrials,Pollution & Treatment Controls,pollution-treatment-controls,559297216,2312.33,75.104,73.645,0.0,100.0,0.0,-49.44,0.0,0,0.0,0.0,0.0,0.0,-103.0,2
AEVA,"Aeva Technologies, Inc.",Technology,Software - Infrastructure,software-infrastructure,1634351872,77.93,4.095,3.703,85.9,4.63,0.0,-15.71,10.48,0,0.0,0.0,0.0,13.08,-1100.48,2
AFGB,unknown,unknown,unknown,unknown,0,0.0,0.0,0.0,0.0,0.0,0.0,0.0,0.0,0,0.0,0.0,0.0,0.0,0.0,2
AFGC,"American Financial Group, Inc.",unknown,unknown,unknown,0,0.0,0.0,0.0,0.0,0.0,0.0,0.0,0.0,0,0.0,0.0,0.0,0.0,0.0,2
AFGD,"American Financial Group, Inc.",unknown,unknown,unknown,0,0.0,0.0,0.0,0.0,0.0,0.0,0.0,0.0,0,0.0,0.0,0.0,0.0,0.0,2
WVE,Wave Life Sciences Ltd.,Healthcare,Biotechnology,biotechnology,1215981952,16.94,11.264,10.929,316.9,-164.07,0.0,-5.83,-97.0,0,0.0,0.0,-255.7,11.700000000000001,-39.43,2
ESPR,"Esperion Therapeutics, Inc.",Healthcare,Drug Manufacturers - Specialty & Generic,drug-manufacturers-specialty-generic,811734080,1.94,1.53,0.961,23.200000000000003,57.79,0.0,10.79,0.63,0,0.0,0.0,-1.77,8.18,7.51,0
ZSQR,Z Squared Inc.,Technology,Software - Infrastructure,software-infrastructure,579549952,0.0,0.233,0.118,81.0,0.0,0.0,0.0,0.0,0,0.0,0.0,0.0,0.0,50.0,0
TALK,"Talkspace, Inc.",Healthcare,Health Information Services,health-information-services,877765760,3.68,4.844,4.726,18.2,39.160000000000004,0.0,23.82,1.83,0,0.0,0.0,0.49,3.53,6.66,0
CAL,"Caleres, Inc.",Consumer Cyclical,Apparel Retail,apparel-retail,395351296,0.14,1.033,0.245,8.5,44.019999999999996,0.0,5.17,0.07,0,2.39,103.8,0.02,14.2,-1.11,0
CRON,Cronos Group Inc.,Healthcare,Drug Manufacturers - Specialty & Generic,drug-manufacturers-specialty-generic,1031307264,6.46,21.874,20.606,40.1,39.61,0.0,-69.0,2.34,0,0.0,126.8,-1.1400000000000001,1.96,-0.86,0
GROY,Gold Royalty Corp.,Basic Materials,Gold,gold,643957632,32.77,4.912,4.32,128.7,93.76,0.0,22.5,-0.59,0,0.0,0.0,-5.65,4.05,-0.59,0
