Symbol,longName,sector,industry,industryKey,marketCap,priceToSalesTrailing12Months,currentRatio,quickRatio,revenueGrowth,grossMargins,trailingPE,forwardPE,PS_adj,pegRatio,dividendYield,earningsGrowth,profitMargins,shortPercentOfFloat,roe,score
AGNC,AGNC Investment Corp.,Real Estate,REIT - Mortgage,reit-mortgage,11951266816,6.65,0.183,0.17,546.1,100.0,7.24,7.13,-0.0,0,13.69,772.4,92.93,8.3,16.02,22
WTM,"White Mountains Insurance Group, Ltd.",Financial Services,Insurance - Property & Casualty,insurance-property-casualty,5696340992,1.53,1.402,1.085,348.0,62.61,5.35,25.56,-1.41,0,0.04,0.0,29.62,3.42,20.39,22
JHG,Janus Henderson Group plc,Financial Services,Asset Management,asset-management,7941057536,2.56,4.18,3.986,61.3,65.91,9.85,10.91,0.34,0,3.1,244.60000000000002,26.340000000000003,4.35,15.97,22
SLM,SLM Corporation,Financial Services,Credit Services,credit-services,4369309184,2.65,1.282,1.231,67.80000000000001,100.0,6.37,6.77,0.0,0,2.37,126.2,45.1,12.989999999999998,33.85,22
PFSI,"PennyMac Financial Services, Inc.",Financial Services,Mortgage Finance,mortgage-finance,4834386944,1.4,1.041,0.459,511.00000000000006,89.18,10.0,5.91,-0.62,0,1.29,0.6,14.469999999999999,6.54,11.63,22
BCRX,"BioCryst Pharmaceuticals, Inc.",Healthcare,Drug Manufacturers - Specialty & Generic,drug-manufacturers-specialty-generic,2425242112,2.77,2.062,1.946,209.10000000000002,79.06,7.99,12.06,-0.63,0,0.0,0.0,30.159999999999997,14.99,-221.45,22
VIST,"Vista Energy, S.A.B. de C.V.",Energy,Oil & Gas E&P,oil-gas-e-p,6852970496,2.77,0.864,0.847,52.6,77.29,9.62,11.35,0.3,0,0.0,-13.8,29.060000000000002,3.66,,22
CNX,CNX Resources Corporation,Energy,Oil & Gas E&P,oil-gas-e-p,5462666752,2.64,0.436,0.291,41.199999999999996,73.06,9.64,9.08,0.42,0,0.0,0.0,30.659999999999997,19.139999999999997,14.6,22
TGTX,"TG Therapeutics, Inc.",Healthcare,Biotechnology,biotechnology,5518826496,8.95,4.102,2.911,78.0,83.66,12.21,14.03,0.32,0,0.0,-6.1,72.56,23.01,69.01,20
VCTR,"Victory Capital Holdings, Inc.",Financial Services,Asset Management,asset-management,4609652224,3.53,2.168,2.072,61.0,56.56,17.64,9.63,0.6,0,2.83,15.4,25.27,6.550000000000001,13.61,20
KTB,"Kontoor Brands, Inc.",Consumer Cyclical,Apparel Manufacturing,apparel-manufacturing,4060001536,1.29,1.821,0.683,45.6,46.62,18.03,10.42,0.37,0,2.9,14.7,7.22,9.9,40.27,20
BTG,B2Gold Corp.,Basic Materials,Gold,gold,6641514496,2.17,1.064,0.439,110.9,64.41,17.64,4.12,-0.08,0,1.65,0.0,13.13,0.0,11.18,20
CRK,"Comstock Resources, Inc.",Energy,Oil & Gas E&P,oil-gas-e-p,4777852928,2.15,0.495,0.391,114.3,62.029999999999994,11.36,11.43,-0.12,0,0.0,0.0,17.82,20.8,15.88,20
SSRM,SSR Mining Inc.,Basic Materials,Gold,gold,6725058048,4.13,2.082,1.152,61.4,50.760000000000005,17.38,5.99,0.78,0,0.0,2967.2000000000003,24.279999999999998,4.859999999999999,11.28,20
PLMR,"Palomar Holdings, Inc.",Financial Services,Insurance - Property & Casualty,insurance-property-casualty,3493420800,3.99,0.539,0.29,62.7,31.369999999999997,17.88,11.81,1.02,0,0.0,59.9,22.5,2.54,20.91,20
IAG,IAMGOLD Corporation,Basic Materials,Gold,gold,12153901056,4.26,1.748,0.936,131.6,42.28,18.09,9.13,-0.78,0,0.0,362.0,23.29,0.0,15.85,20
BVN,Compañía de Minas Buenaventura S.A.A.,Basic Materials,Other Precious Metals & Mining,other-precious-metals-mining,9529587712,5.5,2.008,1.839,108.1,55.1,11.37,11.06,-0.2,0,3.0,1041.2,45.17,2.69,19.26,20
DAVE,Dave Inc.,Technology,Software - Application,software-application,2834371584,5.11,3.831,1.064,62.4,70.22,14.43,12.19,0.57,0,0.0,292.4,35.339999999999996,10.33,55.53,20
ENIC,Enel Chile S.A.,Utilities,Utilities - Regulated Electric,utilities-regulated-electric,6183490048,1.36,0.905,0.822,162.9,38.41,11.46,0.02,-0.53,0,1.04,0.0,11.82,0.0,10.39,20
STWD,"Starwood Property Trust, Inc.",Real Estate,REIT - Mortgage,reit-mortgage,6852640256,12.51,10.721,9.507,62.6,88.9,15.67,9.17,0.52,0,10.77,78.0,75.11,4.04,6.06,20
OR,OR Royalties Inc.,Basic Materials,Gold,gold,7574221312,27.31,4.526,4.454,59.4,96.71,36.14,23.75,0.36,0,0.56,807.7,74.3,0.0,14.39,18
RNW,ReNew Energy Global Plc,Utilities,Utilities - Renewable,utilities-renewable,1759074560,0.01,0.566,0.391,36.1,83.77,13.42,17.48,0.0,0,0.0,0.0,9.24,3.4799999999999995,3.39,18
FRO,Frontline plc,Energy,Oil & Gas Midstream,oil-gas-midstream,7604797952,3.87,1.43,1.095,46.7,49.49,20.09,14.52,1.04,0,5.15,241.6,19.29,2.7199999999999998,15.09,18
TFPM,Triple Flag Precious Metals Corp.,Basic Materials,Other Precious Metals & Mining,other-precious-metals-mining,7398486016,19.03,3.923,2.848,60.199999999999996,88.03,30.09,22.0,0.91,0,0.64,81.39999999999999,61.75000000000001,0.0,11.73,18
ODD,Oddity Tech Ltd.,Consumer Defensive,Household & Personal Products,household-personal-products,828842944,1.02,5.241,3.747,23.5,72.69,8.02,9.65,0.21,0,0.0,9.6,13.68,14.26,27.93,18
SANM,Sanmina Corporation,Technology,Electronic Components,electronic-components,8434817024,0.91,1.701,0.974,59.0,8.49,36.87,12.7,0.34,0,0.0,-23.3,2.4699999999999998,9.04,10.45,18
BXMT,"Blackstone Mortgage Trust, Inc.",Real Estate,REIT - Mortgage,reit-mortgage,3369710592,7.66,94.519,94.384,49.4,100.0,31.2,10.24,0.0,0,9.5,9.700000000000001,24.9,10.5,3.13,18
VIRT,"Virtu Financial, Inc.",Financial Services,Capital Markets,capital-markets,11012704256,3.87,1.137,1.127,22.900000000000002,60.74,10.0,9.36,1.17,0,1.89,49.7,16.46,4.36,29.6,18
SON,Sonoco Products Company,Consumer Cyclical,Packaging & Containers,packaging-containers,5411052544,0.72,1.047,0.554,29.7,21.17,9.25,8.38,0.4,0,3.86,0.0,13.34,6.909999999999999,27.75,18
CDE,"Coeur Mining, Inc.",Basic Materials,Gold,gold,21913014272,10.59,2.474,1.584,120.9,54.82,22.28,8.03,-1.0,0,0.0,246.60000000000002,28.299999999999997,4.37,17.68,18
RLX,RLX Technology Inc.,Consumer Defensive,Tobacco,tobacco,2759375872,0.76,5.702,5.297,46.800000000000004,32.72,21.7,13.09,0.27,0,4.61,81.89999999999999,25.480000000000004,0.9299999999999999,3.45,18
EGO,Eldorado Gold Corporation,Basic Materials,Gold,gold,7192678912,3.95,1.835,1.456,32.5,61.45,14.35,5.04,1.03,0,0.83,134.8,27.889999999999997,0.0,11.85,18
PAAS,Pan American Silver Corp.,Basic Materials,Gold,gold,24519878656,6.78,2.688,1.918,44.7,51.870000000000005,22.7,11.07,1.8,0,0.94,258.59999999999997,27.02,0.0,13.98,18
NGD,New Gold Inc.,Basic Materials,Gold,gold,7213915648,5.81,0.879,0.451,83.5,63.129999999999995,28.38,7.69,0.35,0,0.0,275.0,20.07,0.0,44.87,18
HALO,"Halozyme Therapeutics, Inc.",Healthcare,Biotechnology,biotechnology,7974504960,5.71,4.66,3.298,51.6,77.79,26.19,6.87,0.61,0,0.0,0.0,22.689999999999998,14.96,649.18,18
SIMO,Silicon Motion Technology Corporation,Technology,Semiconductors,semiconductors,4422974464,4.99,2.793,1.224,45.7,48.27,35.76,18.88,1.4,0,1.59,118.7,13.850000000000001,1.37,,18
MNSO,MINISO Group Holding Limited,Consumer Cyclical,Specialty Retail,specialty-retail,4984571904,0.23,1.663,1.064,32.7,44.99,15.69,8.97,0.09,0,4.21,0.0,5.62,2.63,25.38,18
GPOR,Gulfport Energy Corporation,Energy,Oil & Gas E&P,oil-gas-e-p,3544657408,2.72,0.682,0.537,25.2,67.61,9.22,6.38,0.66,0,0.0,0.0,32.85,4.9399999999999995,23.32,18
UWMC,UWM Holdings Corporation,Financial Services,Mortgage Finance,mortgage-finance,5961830400,1.72,2.959,0.2,301.0,100.0,31.0,6.95,-0.0,0,10.75,277.8,0.79,13.88,13.72,18
SEZL,Sezzle Inc.,Financial Services,Credit Services,credit-services,2322411008,5.16,3.92,3.622,32.2,73.18,18.28,11.54,0.94,0,0.0,66.8,29.57,26.22,78.4,18
SUN,Sunoco LP,Energy,Oil & Gas Refining & Marketing,oil-gas-refining-marketing,12163874816,0.48,1.38,0.716,63.2,11.08,28.82,35.5,0.16,0,5.57,-86.6,2.09,4.9,3.91,18
DLO,DLocal Limited,Technology,Software - Infrastructure,software-infrastructure,3984530944,3.64,1.471,1.413,65.2,36.83,21.11,12.36,0.8,0,1.42,92.5,18.0,10.74,34.57,18
GBTG,"Global Business Travel Group, Inc.",Consumer Cyclical,Travel Services,travel-services,2986798080,1.1,1.136,1.003,34.0,60.08,25.91,10.06,0.29,0,0.0,0.0,4.01,5.52,6.78,16
GDV,The Gabelli Dividend & Income Trust,Financial Services,Asset Management,asset-management,2545394944,40.24,0.161,0.147,14.2,100.0,5.96,0.0,0.0,0,6.29,54.1,678.86,0.06999999999999999,15.83,16
DKL,"Delek Logistics Partners, LP",Energy,Oil & Gas Refining & Marketing,oil-gas-refining-marketing,2599094528,2.56,1.124,1.062,21.9,33.28,14.72,8.78,1.34,0,9.12,30.7,17.41,3.37,2886.16,16
OMF,"OneMain Holdings, Inc.",Financial Services,Credit Services,credit-services,6760166400,2.27,422.296,409.352,12.2,93.34,8.66,6.5,0.13,0,7.39,63.7,26.340000000000003,4.29,23.02,16
ROAD,"Construction Partners, Inc.",Industrials,Engineering & Construction,engineering-construction,6494181888,2.12,1.592,1.179,44.1,15.82,52.0,31.13,1.0,0,0.0,0.0,3.9899999999999998,5.94,11.16,16
GEO,"The GEO Group, Inc.",Industrials,Security & Protection Services,security-protection-services,2405073408,0.91,2.013,1.877,16.5,25.2,9.73,10.06,0.57,0,0.0,117.7,9.67,10.67,16.89,16
ENVA,"Enova International, Inc.",Financial Services,Credit Services,credit-services,3847587584,2.58,19.331,18.248,22.900000000000002,82.67999999999999,13.37,8.19,0.34,0,0.0,30.5,20.68,9.55,23.07,16
AL,Air Lease Corporation,Industrials,Rental & Leasing Services,rental-leasing-services,7282301440,2.41,0.264,0.2,15.1,59.43000000000001,7.0,7.62,0.83,0,1.35,80.9,36.09,4.4799999999999995,12.85,16
ROOT,"Root, Inc.",Financial Services,Insurance - Property & Casualty,insurance-property-casualty,720335616,0.47,2.452,2.12,21.5,39.08,19.38,14.47,0.23,0,0.0,-76.4,2.53,19.009999999999998,14.18,16
ADUS,Addus HomeCare Corporation,Healthcare,Medical Care Facilities,medical-care-facilities,1738144384,1.22,1.803,1.631,25.6,32.47,18.21,12.53,0.61,0,0.0,52.1,6.74,6.710000000000001,8.84,16
OBDC,Blue Owl Capital Corporation,Financial Services,Asset Management,asset-management,5663746048,3.06,0.733,0.668,13.5,100.0,9.15,8.61,0.0,0,13.82,-40.9,33.89,4.08,8.48,16
EVR,Evercore Inc.,Financial Services,Capital Markets,capital-markets,14163303424,3.67,1.471,1.281,32.2,93.41000000000001,25.43,15.63,0.16,0,0.96,44.800000000000004,15.35,1.7500000000000002,29.14,16
FAF,First American Financial Corporation,Financial Services,Insurance - Specialty,insurance-specialty,6488081920,0.87,0.347,0.347,21.6,63.75999999999999,10.57,8.99,0.25,0,3.48,194.5,8.34,4.34,11.31,16
STNE,StoneCo Ltd.,Technology,Software - Infrastructure,software-infrastructure,3636497152,0.27,1.37,1.155,11.200000000000001,74.88,7.45,5.69,0.06,0,0.0,0.0,17.31,10.24,,16
APAM,Artisan Partners Asset Management Inc.,Financial Services,Asset Management,asset-management,2670294272,2.23,3.237,3.086,12.9,45.75,9.12,9.37,1.05,0,8.72,35.8,24.26,12.76,66.16,16
LYFT,"Lyft, Inc.",Technology,Software - Application,software-application,5458055680,0.86,0.645,0.491,2.7,33.879999999999995,2.01,7.38,0.56,0,0.0,4511.4,45.03,16.41,86.88,16
CMC,Commercial Metals Company,Industrials,Metal Fabrication,metal-fabrication,7313235456,0.87,2.384,1.296,21.5,17.740000000000002,14.75,9.59,0.56,0,1.12,277.3,6.02,6.74,2.02,16
SKWD,"Skyward Specialty Insurance Group, Inc.",Financial Services,Insurance - Property & Casualty,insurance-property-casualty,2042299392,1.44,1.947,0.804,26.700000000000003,30.080000000000002,11.32,8.4,0.74,0,0.0,203.39999999999998,12.0,3.3300000000000005,16.84,16
ORLA,Orla Mining Ltd.,Basic Materials,Gold,gold,6051029504,5.72,1.078,0.844,308.0,66.92,59.3,10.07,-3.94,0,0.33,170.70000000000002,10.100000000000001,0.0,16.29,16
SPNT,SiriusPoint Ltd.,Financial Services,Insurance - Reinsurance,insurance-reinsurance,2636944384,0.88,1.224,0.63,19.400000000000002,23.189999999999998,6.19,8.05,0.55,0,0.0,0.0,15.409999999999998,2.56,20.25,16
HTGC,"Hercules Capital, Inc.",Financial Services,Asset Management,asset-management,2806866176,5.27,0.197,0.191,12.8,100.0,8.26,7.79,0.0,0,12.3,31.4,63.800000000000004,6.74,15.33,16
ARWR,"Arrowhead Pharmaceuticals, Inc.",Healthcare,Biotechnology,biotechnology,9338746880,8.56,3.38,3.263,10461.3,100.0,41.68,-15.52,-0.0,0,0.0,0.0,18.54,11.39,-0.35,16
ECG,"Everus Construction Group, Inc.",Industrials,Engineering & Construction,engineering-construction,6929919488,1.85,1.761,1.6,33.2,12.120000000000001,34.37,28.4,1.09,0,0.0,60.199999999999996,5.390000000000001,3.94,32.04,16
CXW,"CoreCivic, Inc.",Industrials,Security & Protection Services,security-protection-services,1972791424,0.89,1.657,1.475,26.0,23.46,18.47,9.66,0.51,0,0.0,42.4,5.27,3.25,8.29,16
NJR,New Jersey Resources Corporation,Utilities,Utilities - Regulated Gas,utilities-regulated-gas,5656406528,2.63,0.833,0.431,23.9,37.1,17.37,16.35,1.26,0,3.39,-7.6,15.18,3.1,14.03,16
HBM,Hudbay Minerals Inc.,Basic Materials,Copper,copper,10009296896,4.53,0.947,0.771,25.3,53.5,17.51,11.67,1.57,0,0.06,544.9,25.71,0.0,17.6,16
HL,Hecla Mining Company,Basic Materials,Other Precious Metals & Mining,other-precious-metals-mining,13203442688,9.28,2.718,2.11,79.5,54.97,40.18,14.62,0.86,0,0.08,951.5,22.61,0.0,12.41,16
CURB,Curbline Properties Corp.,Real Estate,REIT - Retail,reit-retail,2882253056,15.76,5.064,5.024,55.1,74.88,73.81,78.03,1.78,0,2.47,-10.2,21.78,10.32,2.09,16
AXS,AXIS Capital Holdings Limited,Financial Services,Insurance - Specialty,insurance-specialty,7365611520,1.12,1.467,0.365,17.8,32.58,8.05,6.84,0.62,0,1.76,8.6,15.370000000000001,1.32,17.38,16
ATAT,Atour Lifestyle Holdings Limited,Consumer Cyclical,Lodging,lodging,5164008960,0.53,1.974,1.718,33.800000000000004,44.26,21.73,14.25,0.19,0,2.11,45.5,16.56,4.01,43.14,16
ARW,"Arrow Electronics, Inc.",Technology,Electronics & Computer Distribution,electronics-computer-distribution,8871623680,0.29,1.362,1.064,20.1,11.200000000000001,15.9,11.01,0.2,0,0.0,100.49999999999999,1.8499999999999999,3.9600000000000004,8.68,16
GIL,Gildan Activewear Inc.,Consumer Cyclical,Apparel Manufacturing,apparel-manufacturing,10812410880,2.99,2.107,0.586,31.3,32.2,22.7,10.87,1.39,0,1.69,-59.199999999999996,11.020000000000001,3.38,11.2,16
TMDX,"TransMedics Group, Inc.",Healthcare,Medical Devices,medical-devices,3996068352,6.6,7.142,6.412,32.2,59.919999999999995,23.28,31.41,1.79,0,0.0,1188.1,31.430000000000003,41.54,40.22,16
HNI,HNI Corporation,Consumer Cyclical,"Furnishings, Fixtures & Appliances",furnishings-fixtures-appliances,2610462976,0.92,1.239,0.692,38.3,41.52,32.67,7.52,0.33,0,3.86,0.0,1.91,3.2199999999999998,2.95,16
BYD,Boyd Gaming Corporation,Consumer Cyclical,Resorts & Casinos,resorts-casinos,6624441344,1.62,0.542,0.47,2.0,59.36,3.89,10.83,0.64,0,0.86,-6.6000000000000005,45.050000000000004,5.57,70.66,16
HRB,"H&R Block, Inc.",Consumer Cyclical,Personal Services,personal-services,3868707328,1.02,1.285,1.072,11.1,44.17,7.13,5.47,0.51,0,5.39,0.0,16.189999999999998,17.549999999999997,681.44,16
PIPR,Piper Sandler Companies,Financial Services,Capital Markets,capital-markets,6224307200,3.28,1.89,1.856,37.6,90.63,22.05,15.13,0.19,0,0.8,65.10000000000001,14.81,4.58,20.52,16
CEPU,Central Puerto S.A.,Utilities,Utilities - Regulated Electric,utilities-regulated-electric,2372114944,0.0,1.773,1.636,11.3,35.88,9.28,9.34,0.0,0,0.0,0.0,31.56,0.24,13.58,16
SNEX,StoneX Group Inc.,Financial Services,Capital Markets,capital-markets,8044987904,0.06,1.061,1.029,39.6,1.52,22.87,17.45,0.03,0,0.0,47.9,0.25,5.1,12.87,16
BGC,"BGC Group, Inc.",Financial Services,Capital Markets,capital-markets,5491954688,1.95,1.996,1.951,32.0,91.3,37.35,7.24,0.12,0,0.7,-42.3,5.5,3.52,15.93,16
LAUR,"Laureate Education, Inc.",Consumer Defensive,Education & Training Services,education-training-services,4737660928,2.78,0.673,0.601,27.900000000000002,38.59,17.56,13.4,1.23,0,0.0,88.4,16.55,2.63,23.71,16
LB,LandBridge Company LLC,Energy,Oil & Gas Equipment & Services,oil-gas-equipment-services,5259249152,26.42,4.869,4.481,55.60000000000001,98.98,71.83,25.36,0.12,0,0.64,559.3,15.129999999999999,10.620000000000001,8.85,16
VEON,VEON Ltd.,Communication Services,Telecom Services,telecom-services,3620607488,0.82,0.906,0.834,17.299999999999997,88.03999999999999,7.02,5.7,0.08,0,0.0,0.0,12.09,0.49,39.7,16
ACGLN,Arch Capital Group Ltd.,Financial Services,Insurance - Diversified,insurance-diversified,0,0.0,1.077,0.498,8.5,37.16,3.68,0.0,0.0,0,6.59,38.800000000000004,22.07,0.0,18.82,16
ACGLO,Arch Capital Group Ltd.,Financial Services,Insurance - Diversified,insurance-diversified,11953325056,0.6,1.077,0.498,8.5,37.16,4.37,0.0,0.34,0,6.65,38.800000000000004,22.07,0.0,18.82,16
MEDP,"Medpace Holdings, Inc.",Healthcare,Diagnostics & Research,diagnostics-research,14850181120,5.87,0.736,0.687,32.0,71.06,34.03,27.04,1.15,0,0.0,26.900000000000002,17.83,6.23,98.27,16
MCY,Mercury General Corporation,Financial Services,Insurance - Property & Casualty,insurance-property-casualty,5168866816,0.86,0.557,0.519,14.099999999999998,18.63,9.55,11.66,0.6,0,1.35,100.89999999999999,9.030000000000001,6.64,22.38,16
CBZ,"CBIZ, Inc.",Industrials,Specialty Business Services,specialty-business-services,1602081408,0.58,1.222,0.782,17.9,15.22,15.9,6.75,0.4,0,0.0,0.0,4.19,10.059999999999999,6.55,14
PAGS,PagSeguro Digital Ltd.,Technology,Software - Infrastructure,software-infrastructure,3046760448,0.15,1.359,1.269,4.5,50.89,7.68,5.61,0.07,0,9.63,-9.5,10.73,16.939999999999998,14.43,14
URBN,"Urban Outfitters, Inc.",Consumer Cyclical,Apparel Retail,apparel-retail,5905357824,0.96,1.508,0.708,10.100000000000001,36.0,13.3,10.16,0.55,0,0.0,-17.5,7.539999999999999,11.450000000000001,16.51,14
ABG,"Asbury Automotive Group, Inc.",Consumer Cyclical,Auto & Truck Dealerships,auto-truck-dealerships,3985916928,0.22,0.95,0.183,3.8,17.07,8.22,6.98,0.18,0,0.0,-52.400000000000006,2.73,11.08,12.64,14
PATH,"UiPath, Inc.",Technology,Software - Infrastructure,software-infrastructure,5358192128,3.33,2.478,2.268,13.600000000000001,83.24000000000001,19.27,11.18,0.48,0,0.0,105.69999999999999,17.53,25.55,13.56,14
UPST,"Upstart Holdings, Inc.",Financial Services,Credit Services,credit-services,2895749632,2.69,13.103,4.137,34.4,82.48,65.62,9.3,0.31,0,0.0,0.0,4.9799999999999995,33.44,6.71,14
NFG,National Fuel Gas Company,Energy,Oil & Gas Integrated,oil-gas-integrated,8553328640,3.59,0.646,0.517,18.6,65.97,12.73,10.9,1.0,0,2.35,304.09999999999997,27.529999999999998,5.91,16.76,14
NMIH,"NMI Holdings, Inc.",Financial Services,Insurance - Specialty,insurance-specialty,2958674688,4.19,1.969,0.625,8.5,78.02,7.96,7.07,0.84,0,0.0,12.1,55.05,3.2099999999999995,15.0,14
KNTK,Kinetik Holdings Inc.,Energy,Oil & Gas Midstream,oil-gas-midstream,3235078656,1.83,0.686,0.203,11.600000000000001,40.37,17.88,23.4,0.97,0,6.67,48580.1,29.81,11.29,-93.02,14
PRDO,Perdoceo Education Corporation,Consumer Defensive,Education & Training Services,education-training-services,2196430080,2.6,5.057,4.749,20.0,79.55,14.48,10.71,0.42,0,1.73,19.0,18.9,5.970000000000001,16.45,14
POWWP,Outdoor Holding Company,Industrials,Aerospace & Defense,aerospace-defense,0,0.0,3.996,3.827,53.2,95.39,86.49,0.0,0.0,0,8.76,0.0,-32.0,0.0,-58.93,14
POST,"Post Holdings, Inc.",Consumer Defensive,Packaged Foods,packaged-foods,5246251008,0.63,1.897,0.923,10.100000000000001,28.51,18.49,12.33,0.4,0,0.0,-3.9,3.82,13.19,8.94,14
CII,"BlackRock Enhanced Large Cap Core Fund, Inc.",Financial Services,Asset Management,asset-management,960654464,117.5,0.008,0.004,-4.5,100.0,4.53,0.0,122.78,0,7.36,280.2,2542.45,1.16,22.42,14
CELH,"Celsius Holdings, Inc.",Consumer Defensive,Beverages - Non-Alcoholic,beverages-non-alcoholic,8896169984,3.54,1.679,1.07,117.19999999999999,51.24999999999999,138.04,16.91,-0.3,0,0.0,0.0,4.29,13.88,9.14,14
CAAP,Corporación América Airports S.A.,Industrials,Airports & Air Services,airports-air-services,4343356416,2.21,1.352,1.307,18.8,35.07,17.51,10.07,1.17,0,0.0,212.1,12.620000000000001,4.62,15.61,14
FHI,"Federated Hermes, Inc.",Financial Services,Asset Management,asset-management,4421452288,2.46,2.75,2.591,13.700000000000001,67.92,11.36,10.14,0.68,0,2.33,33.6,22.400000000000002,3.7800000000000002,33.69,14
FG,"F&G Annuities & Life, Inc.",Financial Services,Insurance - Life,insurance-life,3468906752,0.61,0.955,0.115,13.200000000000001,30.85,13.53,4.23,0.36,0,3.93,-64.2,4.62,9.74,5.52,14
BZ,Kanzhun Limited,Communication Services,Internet Content & Information,internet-content-information,6208075776,0.75,4.657,4.615,14.000000000000002,85.06,15.17,9.24,0.1,0,1.27,45.7,33.08,4.109999999999999,10.66,14
NTRSO,Northern Trust Corporation,Financial Services,Asset Management,asset-management,0,0.0,0.0,0.0,8.200000000000001,0.0,2.69,0.0,0.0,0,6.15,7.6,21.46,0.0,14.39,14
ORI,Old Republic International Corporation,Financial Services,Insurance - Property & Casualty,insurance-property-casualty,10165863424,1.11,0.558,0.48,19.3,63.029999999999994,11.12,11.99,0.33,0,3.04,95.7,10.24,4.45,15.82,14
CIG,Companhia Energética de Minas Gerais - CEMIG,Utilities,Utilities - Diversified,utilities-diversified,8514796032,0.2,1.001,0.778,2.9000000000000004,12.5,7.91,17.93,0.17,0,5.65,88.1,11.459999999999999,0.0,17.14,14
ACT,"Enact Holdings, Inc.",Financial Services,Insurance - Specialty,insurance-specialty,5943582720,4.81,1.025,0.941,3.5999999999999996,73.6,9.33,8.31,1.22,0,1.99,15.5,54.559999999999995,18.44,12.59,14
HMY,Harmony Gold Mining Company Limited,Basic Materials,Gold,gold,10784058368,0.13,0.542,0.369,19.5,43.5,10.88,5.34,0.06,0,2.42,22.7,20.06,0.86,,14
ACAD,ACADIA Pharmaceuticals Inc.,Healthcare,Biotechnology,biotechnology,3754291456,3.5,3.833,3.493,9.4,61.01,9.57,23.93,1.24,0,0.0,86.2,36.49,7.88,31.86,14
WB,Weibo Corporation,Communication Services,Internet Content & Information,internet-content-information,2256091904,1.28,3.388,3.075,3.5999999999999996,75.99000000000001,5.26,5.4,0.3,0,6.83,0.0,25.55,16.06,,14
VTMX,"Corporación Inmobiliaria Vesta, S.A.B. de C.V.",Real Estate,Real Estate - Development,real-estate-development,3030392832,10.7,4.841,4.81,17.599999999999998,90.02,12.65,14.5,0.88,0,2.29,0.0,85.41,0.0,,14
VRRM,Verra Mobility Corporation,Technology,Information Technology Services,information-technology-services,2393466624,2.44,2.095,1.772,16.400000000000002,58.43000000000001,17.65,9.65,0.85,0,0.0,0.0,13.96,4.72,46.64,14
WAY,Waystar Holding Corp.,Healthcare,Health Information Services,health-information-services,4299418112,3.91,1.414,1.238,24.3,68.33,36.77,12.16,0.94,0,0.0,-2.7,10.2,10.68,2.89,14
SM,SM Energy Company,Energy,Oil & Gas E&P,oil-gas-e-p,6628862976,2.19,0.694,0.598,-17.1,90.35,4.9,3.96,2.56,0,2.84,-42.3,21.41,5.86,13.47,14
INSP,"Inspire Medical Systems, Inc.",Healthcare,Medical Devices,medical-devices,1636551040,1.79,6.076,4.455,12.2,85.39,11.62,21.83,0.23,0,0.0,308.40000000000003,15.950000000000001,14.57,18.62,14
CON,"Concentra Group Holdings Parent, Inc.",Healthcare,Medical Care Facilities,medical-care-facilities,2926440704,1.35,1.136,1.002,15.9,28.34,17.23,13.68,0.82,0,1.12,60.099999999999994,7.6899999999999995,3.6900000000000004,42.31,14
LIF,"Life360, Inc.",Technology,Software - Application,software-application,3190300928,6.52,6.262,5.963,26.400000000000002,77.8,22.47,22.96,1.06,0,0.0,1230.5,30.819999999999997,10.27,27.51,14
HSAI,Hesai Group,Consumer Cyclical,Auto Parts,auto-parts,3691270400,1.22,3.73,3.225,39.0,41.79,51.07,25.32,0.43,0,0.0,-13.4,14.399999999999999,4.36,,14
SKYW,"SkyWest, Inc.",Industrials,Airlines,airlines,3963894528,0.98,0.654,0.52,8.5,32.36,9.48,8.07,0.6,0,0.0,-5.1,10.56,4.65,15.6,14
LCII,LCI Industries,Consumer Cyclical,Recreational Vehicles,recreational-vehicles,3103556096,0.75,2.851,0.985,16.1,23.78,16.9,12.7,0.48,0,3.73,104.2,4.569999999999999,14.02,13.83,14
RDN,Radian Group Inc.,Financial Services,Insurance - Specialty,insurance-specialty,4724564480,3.95,3.964,1.991,2.7,92.33,7.84,6.44,0.29,0,2.96,14.7,48.67,3.88,12.19,14
LBRDP,Liberty Broadband Corporation,Communication Services,Telecom Services,telecom-services,0,0.0,0.104,0.058,0.0,0.0,4.3,0.0,0.0,0,7.48,0.0,0.0,0.0,-46.96,14
LAD,"Lithia Motors, Inc.",Consumer Cyclical,Auto & Truck Dealerships,auto-truck-dealerships,6586582528,0.18,1.173,0.221,0.3,15.43,8.72,6.95,0.15,0,0.78,-28.4,2.18,15.28,12.41,14
PAM,Pampa Energía S.A.,Industrials,Conglomerates,conglomerates,4567773184,2.29,3.111,2.418,16.6,31.31,11.91,6.71,1.31,0,0.0,51.9,18.87,1.6199999999999999,10.48,14
CPK,Chesapeake Utilities Corporation,Utilities,Utilities - Regulated Gas,utilities-regulated-gas,3102529024,3.34,0.447,0.289,20.4,41.43,21.63,17.66,1.56,0,2.13,21.099999999999998,15.09,3.1300000000000003,8.78,14
CPA,"Copa Holdings, S.A.",Industrials,Airlines,airlines,4973650944,1.37,1.309,1.151,9.6,41.75,7.42,6.14,0.72,0,5.76,5.3,18.56,5.72,24.2,14
CWEN,"Clearway Energy, Inc.",Utilities,Utilities - Renewable,utilities-renewable,8237487104,5.76,1.132,0.406,21.099999999999998,62.91,28.07,24.33,1.69,0,4.54,0.0,11.83,9.790000000000001,8.78,14
AROC,"Archrock, Inc.",Energy,Oil & Gas Equipment & Services,oil-gas-equipment-services,6368505344,4.27,1.543,0.94,15.5,65.81,19.86,15.86,1.24,0,2.28,95.39999999999999,21.63,5.91,21.61,14
APPF,"AppFolio, Inc.",Technology,Software - Application,software-application,5356740608,5.63,3.307,2.95,21.9,63.68000000000001,38.36,18.7,1.6,0,0.0,-60.6,14.82,10.79,25.97,14
ATGE,Adtalem Global Education Inc,Consumer Defensive,Education & Training Services,education-training-services,3579815168,1.9,0.684,0.495,12.4,57.379999999999995,14.51,10.65,0.71,0,0.0,4.7,13.41,6.21,16.54,14
GPK,Graphic Packaging Holding Company,Consumer Cyclical,Packaging & Containers,packaging-containers,2874601472,0.33,1.303,0.455,0.4,18.72,6.57,7.53,0.27,0,4.49,-48.0,5.1499999999999995,17.19,13.31,14
OXLCP,Oxford Lane Capital Corp.,Financial Services,Asset Management,asset-management,0,0.0,0.607,0.606,29.5,100.0,28.71,0.0,0.0,0,6.28,-77.9,0.77,0.0,2.48,14
OXLCO,Oxford Lane Capital Corp.,Financial Services,Asset Management,asset-management,435570048,0.89,0.607,0.606,29.5,100.0,27.03,0.0,0.0,0,6.34,-77.9,0.77,0.0,2.48,14
OXLCN,Oxford Lane Capital Corp.,Financial Services,Asset Management,asset-management,0,0.0,0.607,0.606,29.5,100.0,28.31,0.0,0.0,0,7.26,-77.9,0.77,0.0,2.48,14
CSQ,Calamos Strategic Total Return Fund,Financial Services,Asset Management,asset-management,3022967552,37.84,3.591,0.279,-2.1999999999999997,100.0,4.18,0.0,38.67,0,7.84,122.2,903.4100000000001,0.04,21.61,14
CXT,"Crane NXT, Co.",Industrials,Specialty Industrial Machinery,specialty-industrial-machinery,2624275712,1.58,1.499,1.15,19.5,42.480000000000004,18.24,9.66,0.73,0,1.61,-18.0,8.76,15.4,11.58,14
GMED,"Globus Medical, Inc.",Healthcare,Medical Devices,medical-devices,12840925184,4.37,4.264,2.61,25.7,68.07,23.68,19.16,1.04,0,0.0,437.0,18.3,2.3,11.76,14
GLNG,Golar LNG Limited,Energy,Oil & Gas Midstream,oil-gas-midstream,5393310208,13.71,2.545,2.473,101.49999999999999,54.48,88.32,58.55,-0.09,0,1.89,128.9,16.689999999999998,9.22,3.56,14
TIGO,Millicom International Cellular S.A.,Communication Services,Telecom Services,telecom-services,13497138176,2.32,0.88,0.743,15.7,77.47,10.29,16.15,0.44,0,3.61,728.7,22.62,2.08,36.15,14
DY,"Dycom Industries, Inc.",Industrials,Engineering & Construction,engineering-construction,11755759616,2.12,2.738,2.582,34.4,20.560000000000002,40.99,22.83,1.1,0,0.0,-50.7,5.07,7.99,15.12,14
EXLS,"ExlService Holdings, Inc.",Technology,Information Technology Services,information-technology-services,4875291136,2.34,2.561,2.221,12.7,38.37,19.57,12.56,1.26,0,0.0,19.2,12.02,7.19,27.5,14
EVTC,"EVERTEC, Inc.",Technology,Software - Infrastructure,software-infrastructure,1804589312,1.94,2.073,1.69,13.100000000000001,49.66,13.28,6.87,0.85,0,0.69,-9.9,15.2,4.390000000000001,22.78,14
THG,"The Hanover Insurance Group, Inc.",Financial Services,Insurance - Property & Casualty,insurance-property-casualty,6278737408,0.95,0.412,0.238,5.5,23.96,9.84,9.83,0.68,0,2.13,19.900000000000002,10.05,2.6599999999999997,18.55,14
AHL,Aspen Insurance Holdings Ltd,Financial Services,Insurance - Property & Casualty,insurance-property-casualty,3443938816,1.08,0.782,0.349,1.6,35.02,5.51,7.52,0.69,0,0.0,157.20000000000002,14.219999999999999,11.52,11.63,14
LEVI,Levi Strauss & Co.,Consumer Cyclical,Apparel Manufacturing,apparel-manufacturing,8611109888,1.33,1.577,0.835,14.099999999999998,61.69,16.46,13.33,0.44,0,2.51,32.6,9.520000000000001,8.23,25.37,14
LTH,"Life Time Group Holdings, Inc.",Consumer Cyclical,Leisure,leisure,6231217664,2.08,0.633,0.396,12.3,47.63,16.75,14.68,0.96,0,0.0,220.00000000000003,12.479999999999999,6.660000000000001,11.95,14
GRND,Grindr Inc.,Technology,Software - Application,software-application,2340267264,5.32,1.955,1.825,28.999999999999996,74.41,29.4,16.63,0.97,0,0.0,0.0,21.54,15.620000000000001,201.57,14
GNTX,Gentex Corporation,Consumer Cyclical,Auto Parts,auto-parts,4728081920,1.87,2.912,1.341,19.0,34.2,12.61,10.2,0.99,0,2.17,10.100000000000001,15.190000000000001,4.04,15.47,14
EPRT,"Essential Properties Realty Trust, Inc.",Real Estate,REIT - Retail,reit-retail,6811464704,12.14,2.905,2.776,25.2,98.63,25.23,23.77,0.12,0,3.86,11.1,45.08,10.93,6.02,14
ENSG,"The Ensign Group, Inc.",Healthcare,Medical Care Facilities,medical-care-facilities,11592252416,2.29,1.423,1.352,20.200000000000003,16.34,33.92,24.09,1.53,0,0.13,18.4,6.800000000000001,2.82,15.41,14
ELPC,unknown,Utilities,Utilities - Regulated Electric,utilities-regulated-electric,10090871808,0.39,0.984,0.924,19.400000000000002,18.07,18.88,19.03,0.26,0,4.51,88.3,10.299999999999999,0.33999999999999997,11.62,14
FTDR,"Frontdoor, Inc.",Consumer Cyclical,Personal Services,personal-services,4205989632,2.01,1.552,1.433,13.4,55.279999999999994,16.97,12.01,0.78,0,0.0,-84.0,12.18,4.46,105.37,14
FSS,Federal Signal Corporation,Industrials,Pollution & Treatment Controls,pollution-treatment-controls,7137778176,3.27,3.023,1.26,26.5,28.95,29.23,21.9,1.71,0,0.51,24.2,11.31,6.909999999999999,17.84,14
FRSH,Freshworks Inc.,Technology,Software - Application,software-application,2221937408,2.65,2.203,1.875,14.499999999999998,84.96000000000001,12.41,11.31,0.34,0,0.0,0.0,21.9,8.58,17.79,14
RRC,Range Resources Corporation,Energy,Oil & Gas E&P,oil-gas-e-p,9581881344,3.21,0.672,0.543,16.3,49.64,14.85,8.98,1.35,0,0.98,94.1,22.02,8.6,15.24,14
ANF,Abercrombie & Fitch Co.,Consumer Cyclical,Apparel Retail,apparel-retail,4184960768,0.79,1.492,0.842,5.4,61.47,8.72,7.68,0.29,0,0.0,3.0,9.629999999999999,13.309999999999999,36.11,14
FOUR,"Shift4 Payments, Inc.",Technology,Software - Infrastructure,software-infrastructure,4779215360,1.14,1.66,1.298,33.900000000000006,34.160000000000004,43.31,6.87,0.5,0,0.0,-72.2,2.85,20.41,25.37,14
FIVE,"Five Below, Inc.",Consumer Cyclical,Specialty Retail,specialty-retail,12144169984,2.55,2.009,0.977,24.3,35.99,34.14,24.25,1.24,0,0.0,26.3,7.53,2.98,16.35,14
ADMA,"ADMA Biologics, Inc.",Healthcare,Biotechnology,biotechnology,2498289664,4.9,6.708,3.538,15.9,57.379999999999995,17.2,7.6,1.76,0,0.0,0.0,28.799999999999997,13.320000000000002,30.78,14
QLYS,"Qualys, Inc.",Technology,Software - Infrastructure,software-infrastructure,2984128512,4.46,1.407,1.32,10.100000000000001,82.85,14.97,10.43,0.69,0,0.0,23.599999999999998,29.64,11.99,35.34,14
QFIN,"Qfin Holdings, Inc.",Financial Services,Credit Services,credit-services,1842563072,0.1,2.43,0.417,-8.7,61.41,2.17,2.75,0.1,0,11.27,-40.9,31.19,2.33,,14
ZIONP,"Zions Bancorporation, National Association",Financial Services,Banks - Regional,banks-regional,0,0.0,0.0,0.0,13.600000000000001,0.0,3.09,0.0,0.0,0,6.49,31.4,27.139999999999997,0.0,12.64,14
FINV,FinVolution Group,Financial Services,Credit Services,credit-services,1327808128,0.1,9.382,4.325,-13.0,73.92999999999999,3.55,3.49,0.11,0,6.14,-37.9,18.740000000000002,5.489999999999999,15.67,14
TAL,TAL Education Group,Consumer Defensive,Education & Training Services,education-training-services,7101448704,2.52,2.071,1.738,27.0,55.24,24.31,14.81,0.82,0,0.0,535.7,9.89,7.48,2.25,14
AIR,AAR Corp.,Industrials,Aerospace & Defense,aerospace-defense,5009900032,1.6,2.701,0.991,24.6,19.0,27.69,22.25,0.98,0,0.0,0.0,5.46,3.32,1.03,14
PJT,PJT Partners Inc.,Financial Services,Capital Markets,capital-markets,6457652736,3.77,2.041,2.041,11.600000000000001,95.12,24.29,19.29,0.16,0,0.64,0.0,10.52,10.57,58.43,12
BTDR,Bitdeer Technologies Group,Technology,Software - Application,software-application,2908604416,4.69,0.912,0.128,225.8,9.83,0.0,-1794.6,-5.32,0,0.0,0.0,10.58,32.89,,12
RELY,"Remitly Global, Inc.",Technology,Software - Infrastructure,software-infrastructure,3774926592,2.31,3.298,2.127,25.7,60.199999999999996,57.81,11.67,0.68,0,0.0,0.0,4.16,3.34,7.82,12
VIPS,Vipshop Holdings Limited,Consumer Cyclical,Internet Retail,internet-retail,7330909696,0.07,1.281,1.078,-2.3,23.119999999999997,7.18,5.35,0.07,0,4.18,9.2,6.84,1.8900000000000001,,12
KNF,Knife River Corporation,Basic Materials,Building Materials,building-materials,5030661632,1.6,2.542,1.136,14.899999999999999,18.35,31.32,22.14,1.11,0,0.0,36.1,4.99,9.02,9.57,12
KFY,Korn Ferry,Industrials,Staffing & Employment Services,staffing-employment-services,3303939840,1.16,2.011,1.859,7.3,24.8,12.56,10.98,0.81,0,3.48,11.700000000000001,9.39,4.31,13.18,12
SOS,SOS Limited,Financial Services,Capital Markets,capital-markets,9358660,0.04,8.264,7.247,48.1,1.27,0.0,0.0,0.02,0,0.0,0.0,-6.49,7.75,-3.08,12
SOBO,South Bow Corporation,Energy,Oil & Gas Midstream,oil-gas-midstream,6825340928,3.44,1.503,1.292,3.1,49.04,16.0,16.56,1.7,0,6.13,183.0,21.8,0.0,15.98,12
KAI,Kadant Inc.,Industrials,Specialty Industrial Machinery,specialty-industrial-machinery,3921954816,3.73,2.375,1.248,10.9,45.35,37.87,25.49,1.81,0,0.42,-0.1,9.69,20.76,10.41,12
JXN,Jackson Financial Inc.,Financial Services,Insurance - Life,insurance-life,7394725376,1.09,1.657,0.276,718.8,51.239999999999995,0.0,4.03,-3.3,0,3.45,0.0,0.4,4.93,0.29,12
JOYY,JOYY Inc.,Communication Services,Internet Content & Information,internet-content-information,3168825856,1.49,1.853,1.528,5.8999999999999995,35.9,14.98,10.21,0.9,0,6.99,0.0,98.72,3.95,-3.1,12
JOBY,"Joby Aviation, Inc.",Industrials,Airports & Air Services,airports-air-services,8618141696,161.31,24.085,23.574,55965.5,45.1,0.0,-18.92,-49471.32,0,0.0,0.0,0.0,11.48,-65.96,12
JBTM,JBT Marel Corporation,Industrials,Specialty Industrial Machinery,specialty-industrial-machinery,6847712256,1.8,0.976,0.45,115.6,35.14,0.0,14.18,-0.18,0,0.31,0.0,-1.3299999999999998,5.45,-1.13,12
CALX,"Calix, Inc.",Technology,Software - Infrastructure,software-infrastructure,3200997888,3.2,4.236,2.986,32.2,56.830000000000005,187.65,19.89,0.94,0,0.0,0.0,1.79,12.73,2.08,12
CALM,"Cal-Maine Foods, Inc.",Consumer Defensive,Farm Products,farm-products,3579774976,1.03,8.214,6.512,-53.0,33.77,5.26,20.96,1.58,0,6.35,-89.8,20.07,13.11,47.65,12
CACC,Credit Acceptance Corporation,Financial Services,Credit Services,credit-services,5403692032,4.36,3.285,3.1,1.6,94.21000000000001,13.46,9.65,0.25,0,0.0,-10.4,34.239999999999995,30.79,27.82,12
CHEF,"The Chefs' Warehouse, Inc.",Consumer Defensive,Food Distribution,food-distribution,2699071232,0.65,2.049,1.142,10.5,24.2,39.4,26.68,0.44,0,0.0,-9.6,1.7399999999999998,14.74,11.97,12
CHDN,Churchill Downs Incorporated,Consumer Cyclical,Gambling,gambling,6407884800,2.19,0.604,0.424,6.7,33.58,17.38,12.59,1.36,0,0.49,-25.2,13.089999999999998,3.6799999999999997,37.93,12
HURN,Huron Consulting Group Inc.,Industrials,Consulting Services,consulting-services,2131267968,1.28,1.17,1.083,11.3,32.5,22.02,12.69,0.77,0,0.0,-6.5,6.32,5.56,19.87,12
IPAR,"Interparfums, Inc.",Consumer Defensive,Household & Personal Products,household-personal-products,3082740224,2.07,2.987,1.854,6.800000000000001,59.13,18.34,17.25,0.79,0,3.35,15.9,11.31,8.1,19.12,12
INGM,Ingram Micro Holding Corporation,Technology,Information Technology Services,information-technology-services,6633807360,0.13,1.333,0.91,11.5,6.69,20.3,7.91,0.1,0,1.16,40.6,0.62,12.43,7.72,12
CNR,"Core Natural Resources, Inc.",Energy,Thermal Coal,thermal-coal,4465807872,1.07,1.599,0.996,81.8,14.89,0.0,11.38,0.17,0,0.45,0.0,-3.6799999999999997,6.52,-4.17,12
UPWK,Upwork Inc.,Communication Services,Internet Content & Information,internet-content-information,1445043072,1.83,1.462,1.152,3.5999999999999996,77.82,13.17,6.39,0.39,0,0.0,-88.9,14.649999999999999,21.85,18.31,12
MLCO,Melco Resorts & Entertainment Limited,Consumer Cyclical,Resorts & Casinos,resorts-casinos,2310578432,0.45,1.072,0.971,8.6,37.940000000000005,12.35,7.07,0.25,0,0.0,0.0,3.58,3.4799999999999995,-14.84,12
MIRM,"Mirum Pharmaceuticals, Inc.",Healthcare,Biotechnology,biotechnology,5847102464,11.22,2.671,2.462,49.8,80.77,0.0,-892.51,1.08,0,0.0,0.0,-4.4799999999999995,12.36,-7.42,12
MHO,"M/I Homes, Inc.",Consumer Cyclical,Residential Construction,residential-construction,3199319040,0.72,7.317,1.212,-4.8,22.52,8.42,7.68,0.76,0,0.0,-49.4,9.120000000000001,6.260000000000001,12.73,12
MHK,"Mohawk Industries, Inc.",Consumer Cyclical,"Furnishings, Fixtures & Appliances",furnishings-fixtures-appliances,6488985088,0.6,2.192,1.021,2.4,25.19,17.8,9.62,0.44,0,0.0,-52.1,3.4299999999999997,10.58,4.42,12
MGRC,McGrath RentCorp,Industrials,Rental & Leasing Services,rental-leasing-services,2811635456,2.98,1.792,1.339,5.3,48.19,17.99,16.23,1.46,0,1.71,28.1,16.55,1.8800000000000001,12.64,12
SLGN,Silgan Holdings Inc.,Consumer Cyclical,Packaging & Containers,packaging-containers,4372678656,0.67,1.22,0.681,4.1000000000000005,17.73,15.36,10.18,0.53,0,2.03,-59.0,4.45,7.7,12.68,12
SKT,Tanger Inc.,Real Estate,REIT - Retail,reit-retail,4198816512,7.06,1.321,0.598,13.900000000000002,73.33,37.03,30.15,1.62,0,3.27,21.3,19.28,5.12,16.25,12
SIRI,Sirius XM Holdings Inc.,Communication Services,Entertainment,entertainment,7982973952,0.93,0.301,0.234,0.2,47.04,10.64,6.99,0.49,0,4.52,-70.1,9.41,14.48,6.96,12
BIO,"Bio-Rad Laboratories, Inc.",Healthcare,Medical Devices,medical-devices,7890908160,3.05,5.621,3.894,3.9,52.01,10.49,25.75,1.41,0,0.0,0.0,29.42,0.0,10.2,12
AWR,American States Water Company,Utilities,Utilities - Regulated Water,utilities-regulated-water,2973712128,4.52,1.323,0.961,14.799999999999999,57.269999999999996,22.51,20.23,1.65,0,2.67,-1.2,19.82,2.8899999999999997,12.48,12
AVT,"Avnet, Inc.",Technology,Electronics & Computer Distribution,electronics-computer-distribution,5873668096,0.25,2.067,1.037,11.600000000000001,10.620000000000001,29.17,11.12,0.2,0,1.88,-24.2,0.8999999999999999,9.51,4.79,12
UGP,Ultrapar Participações S.A.,Energy,Oil & Gas Refining & Marketing,oil-gas-refining-marketing,6401915904,0.04,1.619,1.148,7.199999999999999,6.569999999999999,12.74,12.17,0.04,0,5.2,-59.5,1.72,0.19,15.66,12
UGI,UGI Corporation,Utilities,Utilities - Regulated Gas,utilities-regulated-gas,7997242368,1.09,0.784,0.564,2.6,49.01,13.84,10.97,0.54,0,4.03,-23.0,8.17,6.98,14.19,12
CARG,"CarGurus, Inc.",Consumer Cyclical,Auto & Truck Dealerships,auto-truck-dealerships,3414361344,3.76,2.814,2.312,5.5,92.78,18.25,12.27,0.26,0,0.0,19.5,17.19,10.94,41.66,12
HOG,"Harley-Davidson, Inc.",Consumer Cyclical,Recreational Vehicles,recreational-vehicles,2737347072,0.61,2.101,1.717,-27.800000000000004,29.84,8.33,12.37,0.78,0,3.18,0.0,7.57,22.74,10.79,12
HNGE,"Hinge Health, Inc.",Healthcare,Health Information Services,health-information-services,3054438400,5.2,1.473,1.186,45.6,79.83,0.0,16.84,0.57,0,0.0,-80.80000000000001,-89.86,7.62,-295.68,12
IESC,"IES Holdings, Inc.",Industrials,Engineering & Construction,engineering-construction,10843622400,3.1,1.803,1.581,16.2,25.81,32.37,0.0,1.93,0,0.0,65.8,9.77,11.97,34.61,12
IBRX,"ImmunityBio, Inc.",Healthcare,Biotechnology,biotechnology,7848657408,69.28,5.099,4.622,407.0,99.33,0.0,-380.0,-1.41,0,0.0,0.0,0.0,35.88,70.21,12
MTG,MGIC Investment Corporation,Financial Services,Insurance - Specialty,insurance-specialty,5910675968,4.87,6.006,4.572,-0.8999999999999999,95.06,8.69,8.14,4.91,0,2.2,3.9,60.84,5.99,14.34,12
MTDR,Matador Resources Company,Energy,Oil & Gas E&P,oil-gas-e-p,7124438016,1.95,0.792,0.528,-12.5,79.73,9.41,7.02,2.19,0,2.49,-9.6,20.76,9.28,13.42,12
MTCH,"Match Group, Inc.",Communication Services,Internet Content & Information,internet-content-information,7929597952,2.27,1.418,1.326,2.1,72.88,14.11,8.33,0.6,0,2.32,40.6,17.59,6.49,-241.99,12
PAY,"Paymentus Holdings, Inc.",Technology,Software - Infrastructure,software-infrastructure,3234662144,2.7,4.465,4.294,28.1,24.77,49.48,26.24,1.46,0,0.0,51.7,5.59,3.5900000000000003,11.94,12
CLBT,Cellebrite DI Ltd.,Technology,Software - Infrastructure,software-infrastructure,2958356224,6.22,1.558,1.466,18.099999999999998,84.2,38.26,19.44,0.8,0,0.0,1.7999999999999998,16.470000000000002,3.55,16.17,12
CIB,Grupo Cibest S.A.,Financial Services,Banks - Regional,banks-regional,20134209536,0.0,0.0,0.0,-80.10000000000001,0.0,9.97,8.96,0.0,0,6.37,-72.3,30.91,0.8699999999999999,9.61,12
CHH,"Choice Hotels International, Inc.",Consumer Cyclical,Lodging,lodging,5402328576,5.51,0.869,0.569,2.4,90.64999999999999,14.78,15.15,0.5,0,0.99,-13.600000000000001,37.730000000000004,69.91000000000001,204.13,12
TXNM,"TXNM Energy, Inc.",Utilities,Utilities - Regulated Electric,utilities-regulated-electric,6438341632,2.97,0.555,0.295,11.799999999999999,57.74,39.94,18.15,1.11,0,2.86,0.0,6.99,7.920000000000001,4.46,12
TTAM,Titan America SA,Basic Materials,Building Materials,building-materials,3030918912,1.82,3.031,1.816,4.1000000000000005,27.22,16.28,12.06,1.27,0,1.22,10.7,11.14,14.6,17.93,12
OTTR,Otter Tail Corporation,Industrials,Conglomerates,conglomerates,3705754880,2.84,2.279,1.67,1.6,43.2,13.49,16.5,1.59,0,2.34,-5.4,21.16,18.37,14.82,12
OSK,Oshkosh Corporation,Industrials,Farm & Heavy Construction Machinery,farm-heavy-construction-machinery,9462532096,0.91,1.94,1.01,3.5000000000000004,17.45,15.09,10.61,0.72,0,1.5,-10.100000000000001,6.21,4.58,14.28,12
OSIS,"OSI Systems, Inc.",Technology,Electronic Components,electronic-components,5040051200,2.8,3.151,2.185,10.5,33.0,33.58,25.82,1.68,0,0.0,0.0,8.52,16.82,15.73,12
PDI,PIMCO Dynamic Income Fund,Financial Services,Asset Management,asset-management,7515726336,0.0,0.0,0.0,0.0,0.0,8.34,0.0,0.0,0,15.37,0.0,0.0,0.0,12.14,12
NBIS,unknown,Communication Services,Internet Content & Information,internet-content-information,40973570048,77.34,3.084,2.965,500.8,68.63,1472.18,-235.08,-97.24,0,0.0,0.0,19.2,19.6,-19.71,12
STAG,"STAG Industrial, Inc.",Real Estate,REIT - Industrial,reit-industrial,7543302144,8.93,1.275,0.628,10.8,79.67,26.47,43.92,1.62,0,4.01,57.9,32.36,4.42,7.61,12
SR,Spire Inc.,Utilities,Utilities - Regulated Gas,utilities-regulated-gas,5472934912,2.13,0.606,0.361,13.900000000000002,41.589999999999996,20.26,16.43,1.07,0,3.57,14.899999999999999,11.110000000000001,4.22,8.63,12
SPSC,"SPS Commerce, Inc.",Technology,Software - Application,software-application,1981612928,2.64,2.172,1.422,12.7,69.17999999999999,21.36,10.37,0.71,0,0.0,46.9,12.42,9.76,9.58,12
BKE,"The Buckle, Inc.",Consumer Cyclical,Apparel Retail,apparel-retail,2746429440,2.12,1.892,1.205,5.3,58.940000000000005,12.88,11.59,0.82,0,2.57,3.3000000000000003,16.16,11.21,49.39,12
FCFS,"FirstCash Holdings, Inc.",Financial Services,Credit Services,credit-services,8952171520,2.45,4.552,2.998,19.8,58.989999999999995,27.34,16.47,0.8,0,0.83,27.0,9.02,2.55,14.51,12
FCN,"FTI Consulting, Inc.",Industrials,Consulting Services,consulting-services,5525581824,1.46,1.556,1.35,10.7,32.129999999999995,21.74,16.17,0.88,0,0.0,29.299999999999997,7.1499999999999995,6.569999999999999,15.62,12
CWK,Cushman & Wakefield Limited,Real Estate,Real Estate Services,real-estate-services,3291737344,0.32,1.097,1.044,10.8,18.27,36.03,8.27,0.23,0,0.0,0.0,0.86,3.83,4.51,12
PTCT,"PTC Therapeutics, Inc.",Healthcare,Biotechnology,biotechnology,6043383296,3.49,2.348,2.196,-22.7,70.98,8.51,30.05,4.28,0,0.0,0.0,39.44,12.21,-332.49,12
CWAN,"Clearwater Analytics Holdings, Inc.",Technology,Software - Application,software-application,7165691392,9.8,1.832,1.631,72.0,67.29,0.0,27.09,0.9,0,0.0,0.0,-5.3100000000000005,5.79,-1.92,12
CVCO,"Cavco Industries, Inc.",Consumer Cyclical,Residential Construction,residential-construction,4058541568,1.84,2.485,1.176,11.3,22.259999999999998,22.57,20.8,1.27,0,0.0,-19.1,8.37,5.96,16.07,12
ABM,ABM Industries Incorporated,Industrials,Specialty Business Services,specialty-business-services,2322253568,0.26,1.5,1.346,6.1,13.11,15.6,9.12,0.21,0,2.94,-7.199999999999999,1.78,4.279999999999999,9.09,12
ARDT,"Ardent Health, Inc.",Healthcare,Medical Care Facilities,medical-care-facilities,1347961216,0.21,1.967,1.418,-0.1,57.98,9.61,8.07,0.21,0,0.0,-60.6,2.15,8.61,10.55,12
AGO,Assured Guaranty Ltd.,Financial Services,Insurance - Specialty,insurance-specialty,3705576448,4.45,0.952,0.925,-37.4,90.62,8.04,10.34,6.12,0,1.84,642.4000000000001,60.46,4.54,8.88,12
AVPT,"AvePoint, Inc.",Technology,Software - Infrastructure,software-infrastructure,2030011904,4.84,2.285,2.213,28.599999999999998,74.06,62.67,19.31,0.9,0,0.0,0.0,8.3,7.000000000000001,7.27,12
AVAV,"AeroVironment, Inc.",Industrials,Aerospace & Defense,aerospace-defense,9843698688,6.11,5.51,4.396,143.4,25.0,0.0,48.01,-1.99,0,0.0,0.0,-13.930000000000001,10.23,4.92,12
QXO,"QXO, Inc.",Industrials,Industrial Distribution,industrial-distribution,16876052480,2.47,3.578,2.558,14725.0,24.91,0.0,36.16,-270.87,0,0.0,0.0,-4.08,10.63,-3.23,12
PRI,"Primerica, Inc.",Financial Services,Insurance - Life,insurance-life,8467125248,2.53,3.535,1.009,8.0,70.91,11.67,10.22,0.68,0,1.62,23.5,22.43,5.33,30.71,12
ASTS,"AST SpaceMobile, Inc.",Technology,Communication Equipment,communication-equipment,33836169216,477.12,16.353,15.787,2731.2999999999997,50.339999999999996,0.0,-586.25,-6234.13,0,0.0,0.0,0.0,20.09,-18.57,12
AZZ,AZZ Inc.,Industrials,Specialty Business Services,specialty-business-services,4169218304,2.58,1.656,1.175,5.5,24.11,13.02,20.47,1.85,0,0.57,21.4,19.89,4.07,12.32,12
AXSM,"Axsome Therapeutics, Inc.",Healthcare,Biotechnology,biotechnology,9421412352,14.76,1.555,1.445,65.0,92.56,0.0,30.09,0.38,0,0.0,0.0,-28.689999999999998,6.41,-207.46,12
ASND,Ascendis Pharma A/S,Healthcare,Biotechnology,biotechnology,15338466304,21.3,1.037,0.724,42.3,86.82,0.0,21.05,1.62,0,0.0,0.0,-31.669999999999998,7.5200000000000005,140.05,12
ASB,Associated Banc-Corp,Financial Services,Banks - Regional,banks-regional,5182262784,3.61,0.0,0.0,721.8,0.0,9.94,8.61,-22.48,0,3.42,0.0,33.12,0.0,9.93,12
CNO,"CNO Financial Group, Inc.",Financial Services,Insurance - Life,insurance-life,4040742912,0.9,2.448,0.55,4.2,38.87,18.63,8.75,0.53,0,1.59,-45.2,5.11,0.01,8.69,12
GRFS,"Grifols, S.A.",Healthcare,Drug Manufacturers - General,drug-manufacturers-general,6981254144,0.93,2.513,0.839,0.3,38.800000000000004,13.28,5.84,0.57,0,2.11,43.5,5.34,0.0,2.67,12
GRBK,"Green Brick Partners, Inc.",Consumer Cyclical,Residential Construction,residential-construction,2938465792,1.4,8.7,0.708,-2.6,30.54,9.54,9.59,1.44,0,0.0,-23.0,14.93,0.0,17.29,12
PRGS,Progress Software Corporation,Technology,Software - Infrastructure,software-infrastructure,1185775232,1.2,0.47,0.383,4.1000000000000005,85.25,14.23,4.65,0.17,0,0.0,120.8,8.61,14.85,15.29,12
HII,"Huntington Ingalls Industries, Inc.",Industrials,Aerospace & Defense,aerospace-defense,15674870784,1.26,1.133,1.036,15.7,12.7,25.65,19.56,0.92,0,1.4,28.1,4.8500000000000005,3.1300000000000003,11.93,12
HGTY,"Hagerty, Inc.",Financial Services,Insurance - Property & Casualty,insurance-property-casualty,3741396224,2.57,1.432,1.118,16.5,62.3,29.51,18.45,0.81,0,0.0,410.29999999999995,2.85,1.1199999999999999,22.15,12
HESM,Hess Midstream LP,Energy,Oil & Gas Midstream,oil-gas-midstream,7824760320,4.83,0.847,0.81,2.1,77.14,13.41,12.2,1.08,0,7.74,9.2,21.77,7.9,62.1,12
HCC,"Warrior Met Coal, Inc.",Basic Materials,Coking Coal,coking-coal,4528607232,3.45,3.191,2.083,29.4,22.99,79.42,9.47,1.88,0,0.36,1918.0,4.35,10.100000000000001,2.66,12
OZK,Bank OZK,Financial Services,Banks - Regional,banks-regional,5389155840,3.46,0.0,0.0,4.0,0.0,7.79,7.49,3.33,0,3.79,-1.3,46.0,15.28,12.36,12
POR,Portland General Electric Company,Utilities,Utilities - Regulated Electric,utilities-regulated-electric,6098814976,1.71,1.08,0.54,7.9,47.96,19.03,14.7,0.82,0,3.98,3.0,8.559999999999999,5.45,7.4,12
WHR,Whirlpool Corporation,Consumer Cyclical,"Furnishings, Fixtures & Appliances",furnishings-fixtures-appliances,3561527040,0.23,0.756,0.299,-0.8999999999999999,15.370000000000001,9.77,8.33,0.23,0,7.94,0.0,2.0500000000000003,0.13,11.67,12
WF,Woori Financial Group Inc.,Financial Services,Banks - Regional,banks-regional,17704677376,0.0,0.0,0.0,5.7,0.0,8.89,7.98,0.0,0,3.97,-23.799999999999997,31.36,0.04,9.05,12
NWE,"NorthWestern Energy Group, Inc.",Utilities,Utilities - Regulated Electric,utilities-regulated-electric,4506651136,2.8,0.723,0.313,10.9,56.87,24.93,18.3,1.08,0,3.62,-44.800000000000004,11.24,5.48,6.28,12
ZIM,ZIM Integrated Shipping Services Ltd.,Industrials,Marine Shipping,marine-shipping,3180509440,0.46,1.233,1.143,-31.5,35.39,6.63,-4.14,0.61,0,7.5,-93.2,6.94,3.2,11.92,12
NOMD,Nomad Foods Limited,Consumer Defensive,Packaged Foods,packaged-foods,1396071040,0.46,1.074,0.641,-2.6,27.47,8.9,5.05,0.47,0,7.03,0.0,4.51,1.7999999999999998,5.48,12
CPRX,"Catalyst Pharmaceuticals, Inc.",Healthcare,Biotechnology,biotechnology,3219075328,5.47,6.076,5.691,7.6,83.03,15.59,8.41,0.86,0,0.0,-6.4,36.39,10.16,22.46,12
NIO,NIO Inc.,Consumer Cyclical,Auto Manufacturers,auto-manufacturers,16487288832,0.19,0.975,0.621,75.9,13.62,0.0,-144.53,0.04,0,0.0,0.0,-17.8,7.64,-374.34,12
ACIW,"ACI Worldwide, Inc.",Technology,Software - Infrastructure,software-infrastructure,4272997888,2.43,1.543,0.91,6.3,48.99,19.19,10.94,1.16,0,0.0,-33.300000000000004,12.879999999999999,5.58,14.92,12
KT,KT Corporation,Communication Services,Telecom Services,telecom-services,10971526144,0.0,1.195,0.681,4.1000000000000005,100.0,16.37,5.35,0.0,0,3.57,0.0,6.13,1.16,,12
GL,Globe Life Inc.,Financial Services,Insurance - Life,insurance-life,11654022144,1.94,0.76,0.622,3.5999999999999996,33.81,10.54,8.97,1.24,0,0.89,9.5,19.37,0.01,19.44,12
GHC,Graham Holdings Company,Consumer Defensive,Education & Training Services,education-training-services,4956920320,1.01,1.751,1.408,0.4,29.93,16.58,17.22,0.7,0,0.68,-80.10000000000001,5.949999999999999,4.77,6.1,12
GVA,Granite Construction Incorporated,Industrials,Engineering & Construction,engineering-construction,5542652928,1.25,1.223,1.082,19.2,16.08,32.98,18.39,0.85,0,0.41,25.1,4.36,12.620000000000001,16.37,12
GTX,Garrett Motion Inc.,Consumer Cyclical,Auto Parts,auto-parts,3660742400,1.02,0.968,0.585,5.6000000000000005,20.4,12.76,9.32,0.77,0,1.65,-9.8,8.649999999999999,11.72,-38.65,12
TKC,Turkcell Iletisim Hizmetleri A.S.,Communication Services,Telecom Services,telecom-services,5589105664,0.0,1.703,1.601,7.3999999999999995,28.499999999999996,13.96,12.11,0.0,0,3.44,23.599999999999998,7.290000000000001,0.63,,12
TIMB,TIM S.A.,Communication Services,Telecom Services,telecom-services,13056460800,0.49,0.886,0.791,4.3999999999999995,53.93,15.35,14.02,0.22,0,8.62,29.099999999999998,16.189999999999998,2.78,17.98,12
VOYA,"Voya Financial, Inc.",Financial Services,Financial Conglomerates,financial-conglomerates,6695638016,0.82,4.91,0.651,5.0,55.92,11.48,6.5,0.34,0,2.55,48.1,7.99,0.02,13.2,12
THO,"THOR Industries, Inc.",Consumer Cyclical,Recreational Vehicles,recreational-vehicles,4161044736,0.42,1.764,0.656,5.3,13.96,13.99,13.85,0.34,0,2.62,0.0,3.02,8.200000000000001,6.03,12
DSGX,The Descartes Systems Group Inc.,Technology,Software - Application,software-application,5891803648,8.08,2.16,2.006,15.1,77.08,36.63,21.27,1.57,0,0.0,21.0,22.46,0.0,10.12,12
DORM,"Dorman Products, Inc.",Consumer Cyclical,Auto Parts,auto-parts,3323780608,1.56,3.087,1.073,0.8,42.14,16.58,11.88,0.9,0,0.0,-78.8,9.58,6.04,13.82,12
DOCS,"Doximity, Inc.",Healthcare,Health Information Services,health-information-services,4189035520,6.57,6.63,6.001,9.8,89.75,18.7,13.69,0.61,0,0.0,-16.2,37.54,10.09,20.62,12
RLI,RLI Corp.,Financial Services,Insurance - Property & Casualty,insurance-property-casualty,5316539392,2.82,0.55,0.182,6.1,34.43,13.45,20.41,1.74,0,1.09,124.4,21.43,5.54,22.68,12
RITM,Rithm Capital Corp.,Real Estate,REIT - Mortgage,reit-mortgage,5650062848,1.49,1.021,0.349,-8.3,100.0,9.73,4.37,1.62,0,9.91,-81.0,18.44,6.36,9.68,12
RHP,"Ryman Hospitality Properties, Inc.",Real Estate,REIT - Hotel & Motel,reit-hotel-motel,6438407680,2.51,1.208,0.992,12.4,34.300000000000004,26.99,21.1,1.44,0,4.62,-1.7000000000000002,9.48,6.43,32.45,12
REYN,Reynolds Consumer Products Inc.,Consumer Cyclical,Packaging & Containers,packaging-containers,4579286528,1.23,1.934,0.889,1.4000000000000001,24.560000000000002,15.3,12.99,0.92,0,4.21,-2.3,8.09,10.7,13.36,12
EEFT,"Euronet Worldwide, Inc.",Technology,Software - Infrastructure,software-infrastructure,2991479040,0.7,1.108,0.525,5.8999999999999995,24.52,10.4,5.85,0.5,0,0.0,9.1,7.290000000000001,14.13,23.67,12
EE,"Excelerate Energy, Inc.",Energy,Oil & Gas Midstream,oil-gas-midstream,3792724224,3.09,2.43,2.175,15.7,41.260000000000005,26.39,10.64,1.53,0,0.89,167.9,3.19,7.9399999999999995,5.74,12
EDU,New Oriental Education & Technology Group Inc.,Consumer Defensive,Education & Training Services,education-training-services,9412567040,1.83,1.572,1.401,14.7,55.33,23.52,13.35,0.7,0,2.12,45.9,7.3999999999999995,2.32,10.15,12
EAT,"Brinker International, Inc.",Consumer Cyclical,Restaurants,restaurants,7075671040,1.24,0.36,0.18,6.9,18.68,16.07,12.92,0.94,0,0.0,9.6,7.9799999999999995,14.67,103.29,12
VNT,Vontier Corporation,Technology,Scientific & Technical Instruments,scientific-technical-instruments,5322743808,1.73,1.158,0.799,4.1000000000000005,47.23,13.57,9.94,0.88,0,0.27,4.3,13.200000000000001,5.35,32.64,12
TMHC,Taylor Morrison Home Corporation,Consumer Cyclical,Residential Construction,residential-construction,5731852800,0.71,6.76,0.912,-10.9,23.380000000000003,7.76,9.17,0.78,0,0.0,-23.400000000000002,9.64,7.630000000000001,12.43,12
TLX,Telix Pharmaceuticals Limited,Healthcare,Biotechnology,biotechnology,3624914432,4.51,1.426,1.21,49.3,47.5,0.0,43.75,1.2,0,0.0,0.0,-0.89,0.06,-1.72,12
VNO,Vornado Realty Trust,Real Estate,REIT - Office,reit-office,5799876608,3.11,1.478,1.375,-8.1,50.660000000000004,6.66,96.45,3.36,0,2.69,1263.5,48.53,0.03,18.84,12
BLD,TopBuild Corp.,Industrials,Engineering & Construction,engineering-construction,11274378240,2.08,1.935,1.277,13.200000000000001,29.45,21.69,18.92,1.28,0,0.0,-27.1,9.64,7.24,22.53,12
DXC,DXC Technology Company,Technology,Information Technology Services,information-technology-services,2152295680,0.17,1.348,1.187,-1.0,24.25,5.37,3.78,0.17,0,0.0,96.8,3.34,17.61,12.05,12
BKH,Black Hills Corporation,Utilities,Utilities - Regulated Gas,utilities-regulated-gas,5825792000,2.52,1.346,0.804,6.4,38.47,19.25,16.57,1.45,0,3.67,0.8999999999999999,12.620000000000001,14.78,7.63,12
TGS,Transportadora de Gas del Sur S.A.,Energy,Oil & Gas Integrated,oil-gas-integrated,4895199744,0.0,5.002,4.535,4.1000000000000005,54.86,15.49,11.6,0.0,0,2.85,-24.8,24.46,0.84,13.46,12
TGLS,Tecnoglass Inc.,Basic Materials,Building Materials,building-materials,2128689408,2.16,1.858,1.092,2.4,42.84,13.37,11.71,1.21,0,1.31,-43.1,16.220000000000002,12.030000000000001,22.38,12
TEX,Terex Corporation,Industrials,Farm & Heavy Construction Machinery,farm-heavy-construction-machinery,7246100992,1.34,2.296,1.265,6.2,19.39,19.14,11.1,1.01,0,1.07,0.0,4.08,5.48,10.55,12
TEO,Telecom Argentina S.A.,Communication Services,Telecom Services,telecom-services,5078396416,0.0,0.478,0.431,60.6,75.42,0.0,7.2,0.0,0,0.42,25.3,-2.04,0.63,-2.48,12
WEX,WEX Inc.,Technology,Software - Infrastructure,software-infrastructure,5763840512,2.17,1.046,0.945,5.7,71.77,19.86,8.59,0.58,0,0.0,50.3,11.43,7.9,24.63,12
WEN,The Wendy's Company,Consumer Cyclical,Restaurants,restaurants,1291361152,0.59,1.76,1.187,-5.5,34.72,7.98,10.29,0.63,0,8.38,-40.699999999999996,7.580000000000001,67.53,140.63,12
PHI,PLDT Inc.,Communication Services,Telecom Services,telecom-services,4518200832,0.02,0.436,0.281,-1.4000000000000001,72.68,8.94,7.55,0.02,0,7.73,16.7,13.74,0.08,23.75,12
PEGA,Pegasystems Inc.,Technology,Software - Application,software-application,6997670400,4.01,1.326,1.231,2.7,75.86,19.36,13.56,0.94,0,0.29,104.3,22.54,8.03,49.97,12
LEGN,Legend Biotech Corporation,Healthcare,Biotechnology,biotechnology,3456821248,3.36,1.96,1.884,64.2,20.03,0.0,16.25,0.96,0,0.0,0.0,-28.849999999999998,24.73,-29.62,12
MAIN,Main Street Capital Corporation,Financial Services,Asset Management,asset-management,5081011200,8.97,1.343,1.343,3.5999999999999996,100.0,10.22,13.81,0.0,0,5.78,-26.0,87.11,9.49,16.48,12
M,"Macy's, Inc.",Consumer Cyclical,Department Stores,department-stores,5078367232,0.22,1.485,0.417,-1.0999999999999999,40.33,8.23,8.71,0.23,0,3.98,52.0,2.8400000000000003,12.389999999999999,13.21,12
LW,"Lamb Weston Holdings, Inc.",Consumer Defensive,Packaged Foods,packaged-foods,6073217536,0.93,1.461,0.573,2.9000000000000004,20.66,19.88,14.57,0.72,0,3.6,-62.2,4.61,5.74,20.56,12
WU,The Western Union Company,Financial Services,Credit Services,credit-services,2871246080,0.71,0.345,0.275,-4.7,37.03,6.03,4.76,0.74,0,10.26,-69.19999999999999,12.33,17.130000000000003,52.16,12
LRN,"Stride, Inc.",Consumer Defensive,Education & Training Services,education-training-services,4102097408,1.63,7.27,6.79,7.5,39.31,14.37,10.55,0.91,0,0.0,4.3999999999999995,12.659999999999998,21.95,19.46,12
SIM,"Grupo Simec, S.A.B. de C.V.",Basic Materials,Steel,steel,4550098944,0.15,5.488,4.359,-9.700000000000001,25.2,7.99,27.1,0.16,0,0.0,-59.4,5.06,0.0,,12
SIGI,"Selective Insurance Group, Inc.",Financial Services,Insurance - Property & Casualty,insurance-property-casualty,4860630528,0.91,0.343,0.215,8.6,22.05,10.8,9.19,0.65,0,1.98,65.8,8.74,4.22,13.68,12
MC,Moelis & Company,Financial Services,Capital Markets,capital-markets,4911295488,3.24,1.289,1.207,11.200000000000001,92.45,22.57,16.45,0.22,0,4.02,-5.5,15.36,9.120000000000001,41.0,12
MAT,"Mattel, Inc.",Consumer Cyclical,Leisure,leisure,4522140160,0.85,2.147,1.605,7.3,48.870000000000005,11.73,9.48,0.4,0,0.0,-18.5,7.4399999999999995,7.8,17.8,12
MMSI,"Merit Medical Systems, Inc.",Healthcare,Medical Instruments & Supplies,medical-instruments-supplies,4192328448,2.77,4.338,2.794,10.9,48.699999999999996,33.12,16.04,1.26,0,0.0,38.800000000000004,8.48,8.01,8.11,12
TDC,Teradata Corporation,Technology,Software - Infrastructure,software-infrastructure,2431322112,1.46,0.916,0.827,2.9000000000000004,59.830000000000005,19.05,9.15,0.57,0,0.0,56.00000000000001,7.82,18.26,56.52,12
GTM,ZoomInfo Technologies Inc.,Technology,Software - Application,software-application,1767656064,1.41,0.717,0.651,3.2,87.15,15.24,4.98,0.18,0,0.0,180.4,9.94,13.059999999999999,8.23,12
GSHD,"Goosehead Insurance, Inc.",Financial Services,Insurance Brokers,insurance-brokers,1481845632,4.06,1.599,1.409,12.2,46.150000000000006,38.94,15.27,1.92,0,0.0,-15.7,7.630000000000001,15.24,-29.14,12
BFH,"Bread Financial Holdings, Inc.",Financial Services,Credit Services,credit-services,3563033088,1.37,0.0,0.0,18.5,0.0,7.54,6.97,1.12,0,1.11,734.9,19.900000000000002,0.02,15.57,12
G,Genpact Limited,Technology,Information Technology Services,information-technology-services,6030164480,1.19,1.658,1.527,5.6000000000000005,36.04,11.34,8.0,0.72,0,2.11,3.8,10.879999999999999,5.48,21.67,12
GPI,"Group 1 Automotive, Inc.",Consumer Cyclical,Auto & Truck Dealerships,auto-truck-dealerships,4030478848,0.18,1.076,0.193,0.6,16.05,13.44,7.12,0.15,0,0.65,-50.2,1.44,12.509999999999998,11.66,12
GNW,"Genworth Financial, Inc.",Financial Services,Insurance - Life,insurance-life,3333455104,0.46,10.486,1.063,0.1,7.359999999999999,15.93,21.5,0.42,0,0.0,0.0,3.05,2.5700000000000003,2.55,12
BRC,Brady Corporation,Industrials,Security & Protection Services,security-protection-services,3970461184,2.53,2.131,1.349,7.7,51.080000000000005,19.69,15.37,1.14,0,1.15,20.599999999999998,13.01,1.1199999999999999,15.87,12
OLLI,"Ollie's Bargain Outlet Holdings, Inc.",Consumer Defensive,Discount Stores,discount-stores,5780593152,2.18,2.407,0.749,16.8,40.5,23.56,18.42,1.08,0,0.0,25.6,9.08,7.99,12.74,12
OLED,Universal Display Corporation,Technology,Electronic Components,electronic-components,4617778176,7.1,10.064,6.895,6.6000000000000005,74.88,19.12,18.11,1.67,0,2.06,45.2,37.21,6.9,13.75,12
BRBR,"BellRing Brands, Inc.",Consumer Defensive,Packaged Foods,packaged-foods,1832041088,0.79,2.234,0.881,0.8,31.52,10.67,7.15,0.54,0,0.0,-39.0,7.88,8.6,-47.63,12
EPR,EPR Properties,Real Estate,REIT - Specialty,reit-specialty,4291242752,6.01,1.617,1.528,3.9,91.71000000000001,17.1,18.07,0.48,0,6.48,0.0,38.51,11.360000000000001,11.8,12
BOX,"Box, Inc.",Technology,Software - Infrastructure,software-infrastructure,3196845056,4.73,0.76,0.662,13.600000000000001,69.54,38.48,11.98,1.24,0,0.0,0.0,-19.759999999999998,14.510000000000002,-38.55,12
BOOT,"Boot Barn Holdings, Inc.",Consumer Cyclical,Apparel Retail,apparel-retail,4852689920,2.24,2.396,0.485,16.0,38.32,22.26,18.73,1.16,0,0.0,14.799999999999999,10.100000000000001,12.120000000000001,16.0,12
MGNI,"Magnite, Inc.",Communication Services,Advertising Agencies,advertising-agencies,1798780032,2.52,1.022,1.007,5.8999999999999995,62.660000000000004,13.12,10.29,0.89,0,0.0,229.99999999999997,20.26,7.720000000000001,15.68,12
SBRA,"Sabra Health Care REIT, Inc.",Real Estate,REIT - Healthcare Facilities,reit-healthcare-facilities,5128643584,6.61,1.805,1.473,15.8,65.19,31.78,25.91,1.94,0,5.93,-44.7,20.06,14.469999999999999,5.51,12
SARO,"StandardAero, Inc.",Industrials,Aerospace & Defense,aerospace-defense,9171293184,1.51,2.2,1.539,13.5,14.799999999999999,33.22,16.21,1.11,0,0.0,0.0,4.58,12.479999999999999,10.4,12
RRR,"Red Rock Resorts, Inc.",Consumer Cyclical,Resorts & Casinos,resorts-casinos,5922828800,2.94,0.79,0.596,3.2,67.47,18.11,17.61,0.93,0,1.84,-1.7999999999999998,9.35,8.43,90.27,12
KRYS,"Krystal Biotech, Inc.",Healthcare,Biotechnology,biotechnology,7947651584,20.42,9.953,9.279,17.5,94.08,39.42,25.52,1.0,0,0.0,11.600000000000001,52.64,16.439999999999998,16.8,12
ESNT,Essent Group Ltd.,Financial Services,Insurance - Specialty,insurance-specialty,5757659648,4.57,4.352,2.588,-0.8,80.13,8.83,7.88,4.6,0,2.29,0.8999999999999999,54.72,2.69,11.99,12
ASO,"Academy Sports and Outdoors, Inc.",Consumer Cyclical,Specialty Retail,specialty-retail,3902856448,0.64,1.893,0.354,2.5,34.78,10.3,8.44,0.41,0,1.05,4.5,6.22,17.0,17.35,12
WDFC,WD-40 Company,Basic Materials,Specialty Chemicals,specialty-chemicals,2755262720,4.33,2.826,1.743,10.7,55.669999999999995,34.71,32.15,1.71,0,1.89,-31.5,12.57,7.35,33.93,12
VC,Visteon Corporation,Consumer Cyclical,Auto Parts,auto-parts,2557782528,0.68,1.799,1.486,1.0,14.12,12.88,9.81,0.58,0,1.61,-90.3,5.33,13.91,12.82,12
AMG,"Affiliated Managers Group, Inc.",Financial Services,Asset Management,asset-management,8528966144,4.11,3.444,3.444,6.2,50.839999999999996,13.33,8.05,1.9,0,0.01,122.10000000000001,34.54,3.9699999999999998,22.13,12
WRD,WeRide Inc.,Technology,Software - Application,software-application,2648526336,3.87,8.2,7.588,123.0,30.209999999999997,0.0,-18.36,-0.62,0,0.0,0.0,-241.74,3.9699999999999998,,12
VAL,Valaris Limited,Energy,Oil & Gas Equipment & Services,oil-gas-equipment-services,6369937920,2.69,1.772,1.553,-8.0,31.209999999999997,6.64,13.16,2.9,0,0.0,446.6,41.49,14.860000000000001,31.01,12
NXT,Nextpower Inc.,Technology,Solar,solar,17282205696,4.8,2.36,1.981,33.900000000000006,32.43,29.32,23.89,2.14,0,0.0,7.9,16.43,5.37,31.27,12
BBWI,"Bath & Body Works, Inc.",Consumer Cyclical,Specialty Retail,specialty-retail,3746405120,0.51,1.269,0.712,-2.3,43.75,5.88,6.38,0.53,0,4.37,-4.7,8.9,8.07,-50.66,12
AAPG,unknown,Healthcare,Biotechnology,biotechnology,2458579968,4.28,1.792,1.657,117.0,91.47999999999999,0.0,-21.5,-0.06,0,0.0,0.0,-216.46,0.0,-153.46,12
AGCO,AGCO Corporation,Industrials,Farm & Heavy Construction Machinery,farm-heavy-construction-machinery,8875259904,0.88,1.393,0.521,1.0999999999999999,25.46,12.57,15.07,0.65,0,0.96,0.0,7.21,3.56,17.0,12
AES,The AES Corporation,Utilities,Utilities - Diversified,utilities-diversified,10268230656,0.84,0.766,0.39,4.7,18.4,10.99,6.07,0.65,0,4.89,-31.7,7.4399999999999995,3.95,22.4,12
WTS,"Watts Water Technologies, Inc.",Industrials,Specialty Industrial Machinery,specialty-industrial-machinery,10306601984,4.23,2.51,1.367,15.7,49.46,30.39,24.26,1.8,0,0.67,23.799999999999997,13.98,3.4000000000000004,16.81,12
ADT,ADT Inc.,Industrials,Security & Protection Services,security-protection-services,5724450816,1.12,0.933,0.598,1.2,80.83,10.26,7.27,0.21,0,3.2,-17.0,11.62,8.540000000000001,15.77,12
BBIO,"BridgeBio Pharma, Inc.",Healthcare,Biotechnology,biotechnology,15107733504,30.09,2.77,2.524,2521.2,95.82000000000001,0.0,295.94,-30.42,0,0.0,0.0,-144.39,20.16,34.74,12
ALVO,Alvotech,Healthcare,Drug Manufacturers - Specialty & Generic,drug-manufacturers-specialty-generic,1101530496,1.87,1.888,1.014,10.100000000000001,60.0,35.3,19.29,0.67,0,0.0,0.0,4.74,2.07,-9.81,12
ALV,"Autoliv, Inc.",Consumer Cyclical,Auto Parts,auto-parts,8270776320,0.76,1.045,0.73,7.7,19.18,11.57,9.32,0.57,0,2.98,-4.2,6.800000000000001,4.61,28.58,12
ALRM,"Alarm.com Holdings, Inc.",Technology,Software - Application,software-application,2187722752,2.16,1.919,1.662,8.0,66.14999999999999,17.61,14.75,0.67,0,0.0,17.9,13.11,7.8,15.63,12
WAL,Western Alliance Bancorporation,Financial Services,Banks - Regional,banks-regional,8541264896,2.57,0.0,0.0,16.6,0.0,8.89,6.6,2.15,0,2.18,32.800000000000004,29.2,0.06,13.17,12
LNC,Lincoln National Corporation,Financial Services,Insurance - Life,insurance-life,6719695360,0.37,2.228,1.152,-3.1,24.22,6.06,4.19,0.38,0,5.09,-60.699999999999996,6.4399999999999995,0.03,11.86,12
LMND,"Lemonade, Inc.",Financial Services,Insurance - Property & Casualty,insurance-property-casualty,4771673600,6.47,0.998,0.711,53.5,52.980000000000004,0.0,-173.53,1.41,0,0.0,0.0,-22.43,18.81,-31.02,12
WLYB,"John Wiley & Sons, Inc.",Communication Services,Publishing,publishing,2012374656,1.2,0.594,0.427,1.3,74.13,13.71,0.0,0.31,0,3.74,0.0,9.24,0.47000000000000003,11.19,12
SGHC,Super Group (SGHC) Limited,Consumer Cyclical,Gambling,gambling,5531675136,2.36,1.75,1.729,17.8,51.06,25.44,12.61,0.95,0,1.57,869.3,9.8,8.709999999999999,20.29,12
SFD,"Smithfield Foods, Inc.",Consumer Defensive,Packaged Foods,packaged-foods,11332144128,0.73,2.967,1.504,7.000000000000001,13.44,11.47,11.01,0.59,0,4.35,54.50000000000001,6.36,13.209999999999999,14.51,12
SF,Stifel Financial Corp.,Financial Services,Capital Markets,capital-markets,12485193728,2.27,0.888,0.873,14.6,95.22,20.32,11.33,0.09,0,1.58,10.5,12.45,0.01,12.92,12
SEE,Sealed Air Corporation,Consumer Cyclical,Packaging & Containers,packaging-containers,6211799552,1.16,0.913,0.485,2.1,29.79,14.1,11.33,0.8,0,1.9,0.0,9.43,10.280000000000001,40.85,12
MDGL,"Madrigal Pharmaceuticals, Inc.",Healthcare,Biotechnology,biotechnology,12043253760,12.57,4.015,3.603,210.8,94.14,0.0,41.03,-0.82,0,0.0,0.0,-30.080000000000002,19.759999999999998,-47.83,12
WCC,"WESCO International, Inc.",Industrials,Industrial Distribution,industrial-distribution,15090545664,0.64,2.201,1.148,10.299999999999999,21.15,23.75,16.96,0.45,0,0.66,10.2,2.7199999999999998,3.42,12.72,12
KD,"Kyndryl Holdings, Inc.",Technology,Information Technology Services,information-technology-services,3018904064,0.2,0.858,0.545,3.1,21.709999999999997,12.53,5.85,0.15,0,0.0,-71.89999999999999,1.6500000000000001,13.28,20.67,12
LEA,Lear Corporation,Consumer Cyclical,Auto Parts,auto-parts,6209040896,0.27,1.352,0.906,4.8,7.5,15.04,7.26,0.24,0,2.5,-2.0,1.8800000000000001,4.7,8.68,12
STRL,"Sterling Infrastructure, Inc.",Industrials,Engineering & Construction,engineering-construction,14252428288,5.72,1.012,0.977,51.5,22.98,49.52,30.2,2.14,0,0.0,-22.6,11.65,7.340000000000001,26.17,12
STRA,"Strategic Education, Inc.",Consumer Defensive,Education & Training Services,education-training-services,1804111232,1.42,1.275,1.05,3.8,48.980000000000004,14.67,9.86,0.7,0,3.04,58.099999999999994,9.98,5.93,7.69,12
WLY,"John Wiley & Sons, Inc.",Communication Services,Publishing,publishing,2041628672,1.22,0.594,0.427,1.3,74.13,13.91,8.37,0.31,0,3.68,0.0,9.24,11.93,11.19,12
AIZ,"Assurant, Inc.",Financial Services,Insurance - Property & Casualty,insurance-property-casualty,11131529216,0.87,0.405,0.15,7.9,11.89,13.14,10.05,0.7,0,1.51,15.1,6.81,2.22,14.86,12
PLNT,"Planet Fitness, Inc.",Consumer Cyclical,Leisure,leisure,5745006592,4.64,2.107,1.792,10.7,59.489999999999995,26.79,17.69,1.68,0,0.0,32.5,17.71,10.07,-45.38,12
YETI,"YETI Holdings, Inc.",Consumer Cyclical,Leisure,leisure,2966433536,1.59,1.975,0.986,6.800000000000001,57.410000000000004,19.31,12.02,0.63,0,0.0,19.0,8.85,14.66,25.43,12
APA,APA Corporation,Energy,Oil & Gas E&P,oil-gas-e-p,13086416896,1.51,0.825,0.614,-28.000000000000004,68.01,9.28,9.54,1.93,0,2.53,-18.2,16.509999999999998,9.610000000000001,23.54,12
PSMT,"PriceSmart, Inc.",Consumer Defensive,Discount Stores,discount-stores,4842002432,0.88,1.294,0.459,9.700000000000001,17.57,30.85,22.23,0.65,0,0.89,11.600000000000001,2.82,9.21,11.86,10
QGEN,Qiagen N.V.,Healthcare,Diagnostics & Research,diagnostics-research,8605681664,4.12,3.896,3.127,3.6999999999999997,66.36,20.47,15.15,1.33,0,0.63,21.9,20.330000000000002,3.25,11.25,10
ALKT,"Alkami Technology, Inc.",Technology,Software - Application,software-application,1737955712,3.92,2.091,1.682,34.699999999999996,57.84,0.0,14.72,1.08,0,0.0,0.0,-10.74,9.879999999999999,-13.16,10
ALSN,"Allison Transmission Holdings, Inc.",Consumer Cyclical,Auto Parts,auto-parts,10662178816,3.54,4.854,3.974,-7.3999999999999995,48.6,17.47,11.22,3.8,0,0.9,-41.099999999999994,20.7,4.15,33.37,10
ACA,"Arcosa, Inc.",Industrials,Engineering & Construction,engineering-construction,5609021440,1.95,2.197,1.256,7.6,22.45,26.94,19.88,1.39,0,0.17,0.0,7.23,2.81,7.89,10
ADC,Agree Realty Corporation,Real Estate,REIT - Retail,reit-retail,9371111424,13.04,0.341,0.331,18.5,87.72999999999999,43.95,38.92,1.3,0,4.13,14.000000000000002,28.439999999999998,0.01,3.35,10
WYNN,"Wynn Resorts, Limited",Consumer Cyclical,Resorts & Casinos,resorts-casinos,11011272704,1.54,1.633,1.502,1.5,68.17999999999999,33.63,18.15,0.48,0,0.97,-59.3,4.590000000000001,7.7,-118.82,10
YELP,Yelp Inc.,Communication Services,Internet Content & Information,internet-content-information,1610475264,1.1,2.993,2.776,-0.5,90.27,11.69,6.47,1.1,0,0.0,-1.2,9.94,21.7,20.48,10
AIT,"Applied Industrial Technologies, Inc.",Industrials,Industrial Distribution,industrial-distribution,11014007808,2.32,3.677,2.372,8.4,30.39,27.81,25.12,1.48,0,0.7,5.0,8.49,2.19,21.31,10
PRKS,United Parks & Resorts Inc.,Consumer Cyclical,Leisure,leisure,2056558080,1.24,0.735,0.46,-2.8000000000000003,47.75,12.32,8.54,1.27,0,0.0,-44.1,10.13,37.05,-38.63,10
SXT,Sensient Technologies Corporation,Basic Materials,Specialty Chemicals,specialty-chemicals,3971739648,2.46,4.103,1.297,4.5,33.92,29.54,21.06,1.55,0,1.74,-15.4,8.34,4.569999999999999,11.27,10
SYBT,"Stock Yards Bancorp, Inc.",Financial Services,Banks - Regional,banks-regional,2107703424,5.4,0.0,0.0,13.100000000000001,0.0,15.13,13.06,4.69,0,1.78,15.9,35.88,6.5,13.03,10
TBBB,BBB Foods Inc.,Consumer Defensive,Discount Stores,discount-stores,4211035392,0.05,0.623,0.348,34.4,16.18,0.0,243.43,0.03,0,0.0,0.0,-3.63,8.450000000000001,-68.83,10
TBBK,"The Bancorp, Inc.",Financial Services,Banks - Regional,banks-regional,2511798784,4.77,0.0,0.0,2.3,0.0,12.1,7.35,4.66,0,0.0,11.899999999999999,43.37,11.26,33.08,10
NYT,The New York Times Company,Communication Services,Publishing,publishing,13069937664,4.67,1.542,1.399,10.5,50.33,38.62,25.83,2.08,0,1.16,5.7,12.29,6.15,16.85,10
OGN,Organon & Co.,Healthcare,Drug Manufacturers - General,drug-manufacturers-general,2264745984,0.36,1.821,0.84,-5.3,54.339999999999996,12.08,2.33,0.38,0,0.94,0.0,3.01,11.33,24.87,10
FIVN,"Five9, Inc.",Technology,Software - Infrastructure,software-infrastructure,1104818304,0.96,4.506,3.906,7.8,55.24,32.07,3.96,0.4,0,0.0,73.7,3.4299999999999997,11.89,5.02,10
FIZZ,National Beverage Corp.,Consumer Defensive,Beverages - Non-Alcoholic,beverages-non-alcoholic,3205963520,2.68,4.408,3.37,-0.8999999999999999,37.38,17.29,17.02,2.7,0,0.0,4.8,15.709999999999999,12.24,42.09,10
FLO,"Flowers Foods, Inc.",Consumer Defensive,Packaged Foods,packaged-foods,1747438720,0.33,0.747,0.399,6.800000000000001,48.870000000000005,20.65,9.83,0.16,0,12.04,0.0,1.6,14.62,6.43,10
FLS,Flowserve Corporation,Industrials,Specialty Industrial Machinery,specialty-industrial-machinery,10433217536,2.21,2.026,1.406,3.5000000000000004,34.599999999999994,30.92,17.51,1.39,0,1.04,0.0,7.32,4.1000000000000005,15.8,10
FNB,F.N.B. Corporation,Financial Services,Banks - Regional,banks-regional,6336507392,3.77,0.0,0.0,26.400000000000002,0.0,11.37,9.11,2.78,0,2.7,55.800000000000004,33.650000000000006,7.739999999999999,8.36,10
FND,"Floor & Decor Holdings, Inc.",Consumer Cyclical,Home Improvement Retail,home-improvement-retail,5757094400,1.23,1.327,0.305,2.0,44.84,27.74,21.9,0.66,0,0.0,-18.2,4.45,11.24,8.66,10
FA,First Advantage Corporation,Industrials,Specialty Business Services,specialty-business-services,2098802176,1.33,2.437,2.37,36.8,45.67,0.0,8.51,0.46,0,0.0,0.0,-2.21,16.33,-2.65,10
FBIN,"Fortune Brands Innovations, Inc.",Industrials,Building Products & Equipment,building-products-equipment,4867928576,1.09,1.842,0.725,-2.4,45.31,16.43,10.25,1.12,0,2.57,-24.2,6.7,9.28,12.51,10
FBP,First BanCorp.,Financial Services,Banks - Regional,banks-regional,3563420672,3.9,0.0,0.0,6.9,0.0,10.59,9.72,3.63,0,3.51,20.8,37.7,8.76,17.53,10
FULTP,Fulton Financial Corporation,Financial Services,Banks - Regional,banks-regional,0,0.0,0.0,0.0,2.1999999999999997,0.0,11.88,0.0,0.0,0,6.9,46.5,30.659999999999997,0.0,11.88,10
FCPT,"Four Corners Property Trust, Inc.",Real Estate,REIT - Retail,reit-retail,2732651520,9.29,0.484,0.47,6.9,85.38,22.84,20.7,1.26,0,5.87,0.6,38.2,5.72,6.9,10
FELE,"Franklin Electric Co., Inc.",Industrials,Specialty Industrial Machinery,specialty-industrial-machinery,4557241344,2.14,2.786,1.009,4.3,35.47,32.02,20.12,1.32,0,1.09,21.0,6.9,1.7500000000000002,11.12,10
FFBC,First Financial Bancorp.,Financial Services,Banks - Regional,banks-regional,3068556032,3.59,0.0,0.0,21.6,0.0,11.03,8.66,2.81,0,3.37,-5.800000000000001,29.880000000000003,4.42,9.23,10
FFIN,"First Financial Bankshares, Inc.",Financial Services,Banks - Regional,banks-regional,4497378304,7.46,0.0,0.0,14.499999999999998,0.0,17.74,14.94,6.38,0,2.42,18.5,42.05,7.51,13.23,10
FHB,"First Hawaiian, Inc.",Financial Services,Banks - Regional,banks-regional,3251267328,3.81,0.0,0.0,15.5,0.0,12.03,11.11,3.22,0,3.91,36.5,32.36,12.620000000000001,9.98,10
FIBK,"First Interstate BancSystem, Inc.",Financial Services,Banks - Regional,banks-regional,3463301888,3.36,0.0,0.0,34.4,0.0,11.65,11.82,2.2,0,5.46,115.5,29.270000000000003,9.569999999999999,8.76,10
ESAB,ESAB Corporation,Industrials,Metal Fabrication,metal-fabrication,6341419520,2.23,1.898,0.958,7.5,36.88,25.4,16.22,1.3,0,0.39,-31.6,7.9799999999999995,3.55,10.47,10
ETOR,eToro Group Ltd.,Financial Services,Capital Markets,capital-markets,2906202624,0.21,4.298,3.3,-33.900000000000006,2.81,14.65,11.33,0.28,0,0.0,-4.7,1.5699999999999998,7.23,15.47,10
ETSY,"Etsy, Inc.",Consumer Cyclical,Internet Retail,internet-retail,5526549504,1.92,1.438,1.194,3.5000000000000004,71.64,39.71,9.46,0.52,0,0.0,-7.1,5.65,23.59,-14.84,10
RNST,Renasant Corporation,Financial Services,Banks - Regional,banks-regional,3746863616,4.27,0.0,0.0,62.7,0.0,19.23,10.34,1.59,0,2.31,20.1,20.64,4.66,4.67,10
GGB,Gerdau S.A.,Basic Materials,Steel,steel,8401118208,0.12,2.893,1.331,0.8999999999999999,11.4,30.5,7.9,0.11,0,2.7,0.0,1.9800000000000002,0.53,2.59,10
FRME,First Merchants Corporation,Financial Services,Banks - Regional,banks-regional,2590227712,4.04,0.0,0.0,-4.6,0.0,10.53,9.01,4.22,0,3.52,-10.9,35.22,1.9300000000000002,9.26,10
FRPT,"Freshpet, Inc.",Consumer Defensive,Packaged Foods,packaged-foods,3390341376,3.08,5.544,4.348,8.6,40.8,26.18,34.32,1.66,0,0.0,79.2,12.629999999999999,13.62,11.51,10
FTAIM,FTAI Aviation Ltd.,Industrials,Rental & Leasing Services,rental-leasing-services,0,0.0,5.283,1.413,32.7,40.089999999999996,0.0,0.0,0.0,0,8.8,29.799999999999997,19.98,0.0,149.97,10
FTAIN,FTAI Aviation Ltd.,Industrials,Rental & Leasing Services,rental-leasing-services,0,0.0,5.283,1.413,32.7,40.089999999999996,0.0,0.0,0.0,0,8.2,29.799999999999997,19.98,0.0,149.97,10
EXP,Eagle Materials Inc.,Basic Materials,Building Materials,building-materials,6463115776,2.81,4.274,2.632,-0.4,28.299999999999997,15.22,15.76,2.82,0,0.5,-9.6,18.7,7.199999999999999,31.81,10
EMN,Eastman Chemical Company,Basic Materials,Specialty Chemicals,specialty-chemicals,8437880320,0.96,1.374,0.59,-12.1,21.09,18.0,10.81,1.08,0,4.51,-67.5,5.42,6.260000000000001,7.95,10
ENS,EnerSys,Industrials,Electrical Equipment & Parts,electrical-equipment-parts,7342703616,1.96,2.746,1.192,1.4000000000000001,29.75,24.68,16.89,1.36,0,0.54,-16.7,8.37,3.9800000000000004,18.98,10
EPAC,Enerpac Tool Group Corp.,Industrials,Specialty Industrial Machinery,specialty-industrial-machinery,1920529664,3.07,2.559,1.638,6.4,49.38,22.89,16.69,1.46,0,0.11,-18.4,13.69,2.82,21.39,10
OMAB,"Grupo Aeroportuario del Centro Norte, S.A.B. de C.V.",Industrials,Airports & Air Services,airports-air-services,5426645504,0.34,1.324,1.165,-0.0,75.58,17.9,11.82,0.34,0,4.33,2.6,33.46,0.79,,10
ONB,Old National Bancorp,Financial Services,Banks - Regional,banks-regional,9133935616,3.97,0.0,0.0,41.4,0.0,13.09,8.18,2.33,0,2.46,17.2,29.09,5.9799999999999995,8.1,10
OPCH,"Option Care Health, Inc.",Healthcare,Medical Care Facilities,medical-care-facilities,4379975168,0.78,1.525,0.901,8.799999999999999,19.259999999999998,21.97,13.12,0.57,0,0.0,1.3,3.6700000000000004,9.09,15.65,10
FULT,Fulton Financial Corporation,Financial Services,Banks - Regional,banks-regional,4179930368,3.27,0.0,0.0,2.1999999999999997,0.0,10.44,9.34,3.2,0,3.52,46.5,30.659999999999997,8.219999999999999,11.88,10
GOLF,Acushnet Holdings Corp.,Consumer Cyclical,Leisure,leisure,5742944256,2.24,2.384,0.619,7.199999999999999,47.73,31.48,23.59,1.09,0,1.05,0.0,7.37,16.79,24.06,10
GATX,GATX Corporation,Industrials,Rental & Leasing Services,rental-leasing-services,6965473792,4.0,11.031,2.12,8.6,73.76,21.5,17.47,0.96,0,1.36,25.8,19.15,4.66,12.12,10
GBDC,"Golub Capital BDC, Inc.",Financial Services,Asset Management,asset-management,3450921216,4.03,2.403,1.64,-6.2,100.0,10.49,10.12,4.28,0,11.77,-41.199999999999996,38.57,5.609999999999999,9.46,10
GCMG,GCM Grosvenor Inc.,Financial Services,Asset Management,asset-management,639123200,1.15,2.988,2.866,6.800000000000001,42.4,25.02,9.95,0.62,0,4.78,104.4,8.18,3.26,168.09,10
GENI,Genius Sports Limited,Communication Services,Internet Content & Information,internet-content-information,1098458240,1.64,1.558,1.366,37.0,22.99,0.0,4.31,0.8,0,0.0,0.0,-16.669999999999998,6.260000000000001,-15.4,10
GTES,Gates Industrial Corporation plc,Industrials,Specialty Industrial Machinery,specialty-industrial-machinery,6816018944,1.98,3.374,2.176,3.2,40.489999999999995,27.49,14.19,1.14,0,0.0,36.4,7.3,3.1300000000000003,7.54,10
TCBI,"Texas Capital Bancshares, Inc.",Financial Services,Banks - Regional,banks-regional,4560587776,3.8,0.0,0.0,19.1,0.0,15.19,12.19,3.07,0,0.0,49.0,27.500000000000004,7.71,9.91,10
TGNA,Tegna Inc,Communication Services,Broadcasting,broadcasting,3243011584,1.2,2.279,2.133,-18.9,36.18,14.95,11.65,1.42,0,0.02,-69.1,8.110000000000001,8.649999999999999,6.97,10
DV,"DoubleVerify Holdings, Inc.",Communication Services,Advertising Agencies,advertising-agencies,1639318272,2.19,4.272,3.95,7.9,82.16,33.73,7.75,0.36,0,0.0,31.1,6.77,7.199999999999999,4.48,10
TNET,"TriNet Group, Inc.",Industrials,Staffing & Employment Services,staffing-employment-services,1811224832,0.37,1.088,0.217,-2.1999999999999997,16.57,11.78,8.07,0.37,0,3.11,0.0,3.1399999999999997,5.83,287.04,10
TNL,Travel + Leisure Co.,Consumer Cyclical,Travel Services,travel-services,4915078144,1.22,3.08,2.08,5.6000000000000005,49.99,22.89,9.27,0.58,0,3.11,0.0,5.72,5.71,-23.45,10
TOWN,TowneBank,Financial Services,Banks - Regional,banks-regional,3286893824,4.05,0.0,0.0,26.1,0.0,16.19,9.21,2.99,0,3.02,-4.1000000000000005,20.880000000000003,0.0,7.0,10
TPH,"Tri Pointe Homes, Inc.",Consumer Cyclical,Residential Construction,residential-construction,3984344064,1.15,12.289,2.978,-22.400000000000002,22.05,17.21,18.02,1.41,0,0.0,-48.9,6.950000000000001,9.3,7.27,10
DINO,HF Sinclair Corporation,Energy,Oil & Gas Refining & Marketing,oil-gas-refining-marketing,10306233344,0.38,1.936,0.87,-0.6,8.559999999999999,18.56,10.6,0.39,0,3.42,0.0,2.16,3.93,6.3,10
DIOD,Diodes Incorporated,Technology,Semiconductors,semiconductors,4026494208,2.72,3.322,1.808,15.4,31.2,61.2,21.9,1.58,0,0.0,24.099999999999998,4.46,7.33,3.52,10
RH,RH,Consumer Cyclical,Specialty Retail,specialty-retail,2462055680,0.72,1.19,0.173,3.6999999999999997,44.07,20.72,13.59,0.39,0,0.0,112.5,3.63,34.150000000000006,205.92,10
RHI,Robert Half Inc.,Industrials,Staffing & Employment Services,staffing-employment-services,2598790656,0.48,1.531,0.876,-5.800000000000001,37.230000000000004,19.08,11.02,0.51,0,9.15,-39.7,2.4699999999999998,38.74,10.42,10
OGS,"ONE Gas, Inc.",Utilities,Utilities - Regulated Gas,utilities-regulated-gas,5581424128,2.3,0.598,0.346,9.3,35.839999999999996,20.35,17.88,1.34,0,3.06,6.0,10.879999999999999,5.28,7.68,10
TKR,The Timken Company,Industrials,Tools & Accessories,tools-accessories,7452993024,1.63,2.821,1.315,3.5000000000000004,30.409999999999997,26.05,16.3,1.09,0,1.31,-11.799999999999999,6.29,3.1199999999999997,9.06,10
HAE,Haemonetics Corporation,Healthcare,Medical Devices,medical-devices,2831048960,2.15,1.748,1.036,-2.7,60.209999999999994,16.66,11.43,2.21,0,0.0,28.4,13.309999999999999,6.0,20.43,10
GKOS,Glaukos Corporation,Healthcare,Medical Devices,medical-devices,6999657984,13.79,4.69,3.825,35.699999999999996,77.96,0.0,278.67,1.95,0,0.0,0.0,-36.99,7.340000000000001,-28.6,10
NNI,"Nelnet, Inc.",Financial Services,Credit Services,credit-services,4869353984,2.91,5.334,5.019,-8.6,86.47,11.47,13.53,3.16,0,0.93,-7.6,25.61,2.33,11.63,10
NNN,"NNN REIT, Inc.",Real Estate,REIT - Retail,reit-retail,8386458112,9.05,0.116,0.078,9.1,95.96000000000001,21.29,20.78,0.33,0,5.44,-2.1999999999999997,42.08,4.81,8.84,10
NSA,National Storage Affiliates Trust,Real Estate,REIT - Industrial,reit-industrial,6238030848,8.37,0.158,0.101,18.0,75.92,59.77,112.56,1.65,0,5.51,236.60000000000002,9.9,0.12,12.2,10
TRMK,Trustmark Corporation,Financial Services,Banks - Regional,banks-regional,2639815168,3.35,0.0,0.0,7.199999999999999,0.0,12.12,11.0,3.11,0,2.23,4.3,28.48,5.21,10.56,10
DAR,Darling Ingredients Inc.,Consumer Defensive,Packaged Foods,packaged-foods,9460260864,1.54,1.501,0.715,20.599999999999998,24.01,152.82,14.49,0.93,0,0.0,-44.6,1.02,4.15,1.33,10
DBX,"Dropbox, Inc.",Technology,Software - Infrastructure,software-infrastructure,5417095168,2.15,0.629,0.59,-1.2,80.15,12.2,6.74,2.17,0,0.0,27.200000000000003,20.169999999999998,28.59,-28.29,10
DCI,"Donaldson Company, Inc.",Industrials,Specialty Industrial Machinery,specialty-industrial-machinery,10335262720,2.75,2.293,1.313,3.0,34.599999999999994,27.89,20.41,1.75,0,1.35,-1.3,10.09,2.35,25.25,10
DDS,"Dillard's, Inc.",Consumer Cyclical,Department Stores,department-stores,9434117120,1.44,2.646,1.236,-3.0,40.32,16.58,18.53,1.48,0,0.2,-3.1,8.690000000000001,29.4,32.05,10
CRUS,"Cirrus Logic, Inc.",Technology,Semiconductors,semiconductors,8203134976,4.16,7.652,5.979,4.5,52.87,21.18,17.68,1.87,0,0.0,26.1,20.47,6.49,17.01,10
OVV,Ovintiv Inc.,Energy,Oil & Gas E&P,oil-gas-e-p,15526782976,1.79,0.545,0.494,-6.0,51.92,11.46,7.42,1.9,0,2.19,0.0,14.34,3.94,11.09,10
NSIT,"Insight Enterprises, Inc.",Technology,Electronics & Computer Distribution,electronics-computer-distribution,2286921984,0.28,1.246,1.164,-1.2,21.36,15.18,6.39,0.28,0,0.0,66.5,1.91,11.66,9.54,10
MUSA,Murphy USA Inc.,Consumer Cyclical,Specialty Retail,specialty-retail,9239129088,0.54,0.805,0.328,0.2,7.739999999999999,20.7,18.47,0.5,0,0.51,8.1,2.76,6.9,75.48,10
MWA,"Mueller Water Products, Inc.",Industrials,Specialty Industrial Machinery,specialty-industrial-machinery,4721272832,3.27,4.019,2.331,4.6,37.01,23.77,19.45,1.97,0,0.9,22.7,13.83,2.93,19.53,10
HAS,"Hasbro, Inc.",Consumer Cyclical,Leisure,leisure,13048604672,2.78,1.381,1.198,31.3,63.82,0.0,14.82,0.69,0,3.03,0.0,-6.859999999999999,4.97,-59.87,10
HAYW,"Hayward Holdings, Inc.",Industrials,Electrical Equipment & Parts,electrical-equipment-parts,3230105600,2.88,2.943,2.103,6.800000000000001,48.3,21.82,15.85,1.39,0,0.0,24.099999999999998,13.51,3.5999999999999996,9.51,10
HIW,"Highwoods Properties, Inc.",Real Estate,REIT - Office,reit-office,2565004032,3.17,2.378,1.881,-1.6,67.67,15.75,30.05,3.22,0,8.76,0.0,19.74,9.54,6.79,10
UBSI,"United Bankshares, Inc.",Financial Services,Banks - Regional,banks-regional,6092428800,5.07,0.0,0.0,29.4,0.0,13.42,11.63,3.58,0,3.41,32.0,38.65,3.53,8.45,10
UCB,"United Community Banks, Inc.",Financial Services,Banks - Regional,banks-regional,4046517248,3.99,0.0,0.0,10.5,0.0,13.05,10.49,3.57,0,2.93,15.8,32.34,3.93,9.02,10
CTRE,"CareTrust REIT, Inc.",Real Estate,REIT - Healthcare Facilities,reit-healthcare-facilities,8784385024,18.44,2.447,1.54,3.2,97.99,25.06,23.12,0.36,0,4.02,5.0,67.28,8.7,7.94,10
CVBF,CVB Financial Corp.,Financial Services,Banks - Regional,banks-regional,2782548224,5.36,0.0,0.0,7.5,0.0,13.48,10.8,4.96,0,3.9,10.8,40.33,9.56,9.12,10
CVLT,"Commvault Systems, Inc.",Technology,Software - Application,software-application,3951295744,3.44,2.343,2.251,19.5,81.44,46.67,18.62,0.51,0,0.0,66.7,7.580000000000001,5.47,23.41,10
CORT,Corcept Therapeutics Incorporated,Healthcare,Biotechnology,biotechnology,4646416896,6.1,2.923,2.601,11.1,98.3,53.27,27.16,0.09,0,0.0,-21.6,13.089999999999998,16.49,15.38,10
CRC,California Resources Corporation,Energy,Oil & Gas E&P,oil-gas-e-p,5652540416,1.66,0.893,0.559,-13.8,54.42,15.35,13.84,1.89,0,2.48,-61.5,10.67,5.92,9.88,10
SSB,SouthState Bank Corporation,Financial Services,Banks - Regional,banks-regional,9869603840,3.86,0.0,0.0,52.0,0.0,12.43,9.23,1.85,0,2.45,31.1,31.25,2.4299999999999997,8.82,10
SSD,"Simpson Manufacturing Co., Inc.",Basic Materials,Lumber & Wood Production,lumber-wood-production,7365008384,3.16,3.542,1.799,4.2,45.85,21.83,18.08,1.64,0,0.65,3.0,14.790000000000001,3.4099999999999997,16.95,10
HAFN,Hafnia Limited,Industrials,Marine Shipping,marine-shipping,4102140160,1.8,1.53,1.134,-30.9,28.060000000000002,12.1,12.67,2.35,0,6.61,47.3,14.89,1.1400000000000001,34.21,10
MYRG,MYR Group Inc.,Industrials,Engineering & Construction,engineering-construction,5004991488,1.37,1.334,1.265,17.299999999999997,11.59,42.55,30.08,1.0,0,0.0,137.1,3.2399999999999998,5.58,17.93,10
NCLH,Norwegian Cruise Line Holdings Ltd.,Consumer Cyclical,Travel Services,travel-services,9607457792,0.98,0.209,0.092,6.4,42.620000000000005,22.92,8.3,0.53,0,0.0,0.0,4.31,15.310000000000002,19.15,10
NEU,NewMarket Corporation,Basic Materials,Specialty Chemicals,specialty-chemicals,6148601856,2.26,2.527,1.192,-2.9000000000000004,31.46,14.73,25.34,2.32,0,1.74,-25.2,15.370000000000001,7.13,23.55,10
PBH,Prestige Consumer Healthcare Inc.,Healthcare,Drug Manufacturers - Specialty & Generic,drug-manufacturers-specialty-generic,2724440064,2.47,3.106,1.812,-2.4,56.989999999999995,14.95,11.78,2.53,0,0.0,-20.5,16.900000000000002,8.04,11.7,10
OTEX,Open Text Corporation,Technology,Software - Application,software-application,5660845056,1.09,0.939,0.82,-0.6,76.23,13.01,5.05,1.1,0,4.93,-23.9,8.42,6.4,11.09,10
OUT,OUTFRONT Media Inc.,Real Estate,REIT - Specialty,reit-specialty,5126581248,2.8,0.924,0.854,4.1000000000000005,49.86,35.51,23.39,1.35,0,4.1,24.7,8.02,4.52,20.69,10
TRN,"Trinity Industries, Inc.",Industrials,Railroads,railroads,2766446336,1.28,2.087,1.069,-2.9000000000000004,26.55,11.04,15.75,1.32,0,3.55,574.0999999999999,11.73,6.75,23.5,10
TRNO,Terreno Realty Corporation,Real Estate,REIT - Industrial,reit-industrial,6975735808,14.64,0.74,0.718,32.6,75.84,16.79,42.99,2.38,0,3.17,99.6,84.59,9.85,9.72,10
TSLX,"Sixth Street Specialty Lending, Inc.",Financial Services,Asset Management,asset-management,1775916416,3.95,2.827,1.41,-12.5,100.0,10.33,9.59,4.45,0,9.84,-42.699999999999996,37.97,8.99,10.61,10
TTC,The Toro Company,Industrials,Tools & Accessories,tools-accessories,9516060672,2.09,1.688,0.656,4.2,33.22,29.23,19.21,1.34,0,1.6,32.7,7.28,5.16,21.75,10
TX,Ternium S.A.,Basic Materials,Steel,steel,8482454528,0.54,2.49,1.418,-2.6,15.0,19.64,8.33,0.56,0,6.27,-56.49999999999999,2.7199999999999998,1.27,3.56,10
COKE,"Coca-Cola Consolidated, Inc.",Consumer Defensive,Beverages - Non-Alcoholic,beverages-non-alcoholic,12787001344,1.77,1.264,0.87,8.3,39.739999999999995,28.17,4.93,0.98,0,0.52,265.8,7.89,3.8600000000000003,-77.13,10
COLB,"Columbia Banking System, Inc.",Financial Services,Banks - Regional,banks-regional,8585747456,3.99,0.0,0.0,51.2,0.0,12.63,8.52,1.95,0,5.01,6.0,25.569999999999997,4.52,7.02,10
COLM,Columbia Sportswear Company,Consumer Cyclical,Apparel Manufacturing,apparel-manufacturing,3112622336,0.92,2.593,1.569,-2.4,50.529999999999994,17.83,15.11,0.94,0,2.1,-4.3,5.220000000000001,11.15,10.36,10
PATK,"Patrick Industries, Inc.",Consumer Cyclical,Recreational Vehicles,recreational-vehicles,3702014976,0.94,2.505,0.639,9.2,23.11,28.71,17.4,0.65,0,1.68,92.30000000000001,3.42,10.76,11.4,10
PAX,Patria Investments Limited,Financial Services,Asset Management,asset-management,1977409920,5.18,1.027,0.537,-15.4,55.720000000000006,18.24,7.26,5.98,0,4.82,-37.6,22.43,9.81,14.94,10
PAYO,Payoneer Global Inc.,Technology,Software - Infrastructure,software-infrastructure,1771508352,1.68,1.003,0.991,4.9,84.3,26.16,14.5,0.25,0,0.0,5.0,6.950000000000001,3.7699999999999996,10.39,10
PB,"Prosperity Bancshares, Inc.",Financial Services,Banks - Regional,banks-regional,6975602688,5.58,0.0,0.0,3.3000000000000003,0.0,12.01,9.49,5.4,0,3.41,9.0,43.44,6.7299999999999995,7.13,10
MRP,"Millrose Properties, Inc.",Real Estate,REIT - Residential,reit-residential,5114567680,8.52,53.563,0.203,0.0,85.39,12.63,9.75,0.0,0,9.9,0.0,67.42,3.9699999999999998,6.49,10
MRX,Marex Group plc,Financial Services,Capital Markets,capital-markets,3824842496,1.33,1.083,0.736,-51.4,70.54,13.57,10.02,2.02,0,1.14,72.89999999999999,10.7,3.9899999999999998,24.31,10
MSA,MSA Safety Incorporated,Industrials,Security & Protection Services,security-protection-services,6652579840,3.55,3.006,1.63,2.1999999999999997,46.46,24.2,18.11,1.86,0,1.23,-0.4,14.879999999999999,2.34,20.46,10
MSM,"MSC Industrial Direct Co., Inc.",Industrials,Industrial Distribution,industrial-distribution,5347810304,1.4,1.734,0.592,2.9000000000000004,40.78,25.75,19.53,0.8,0,3.63,8.6,5.42,6.329999999999999,14.36,10
ICL,ICL Group Ltd,Basic Materials,Agricultural Inputs,agricultural-inputs,6866379264,0.96,1.33,0.68,6.2,30.56,29.56,12.47,0.63,0,3.3,0.0,3.16,0.49,3.78,10
HLNE,Hamilton Lane Incorporated,Financial Services,Asset Management,asset-management,5667427328,7.42,3.644,3.514,18.0,60.23,17.63,16.57,2.42,0,2.18,4.1000000000000005,30.59,9.99,30.31,10
CMCM,Cheetah Mobile Inc.,Communication Services,Internet Content & Information,internet-content-information,174630000,0.15,1.268,0.816,30.3,72.5,0.0,31.61,0.03,0,0.0,0.0,-22.400000000000002,0.5599999999999999,-32.49,10
UFPI,"UFP Industries, Inc.",Basic Materials,Lumber & Wood Production,lumber-wood-production,5459606016,0.86,4.59,2.97,-9.0,16.77,19.22,15.61,0.94,0,1.49,-39.7,4.66,2.5700000000000003,9.63,10
UMBF,UMB Financial Corporation,Financial Services,Banks - Regional,banks-regional,9184357376,3.68,0.0,0.0,67.60000000000001,0.0,12.97,9.15,1.19,0,1.43,12.6,28.12,3.6999999999999997,9.49,10
UNF,UniFirst Corporation,Industrials,Specialty Business Services,specialty-business-services,4716758528,1.91,3.11,1.546,3.4000000000000004,36.66,35.2,33.06,1.17,0,0.55,-13.700000000000001,5.489999999999999,3.91,6.84,10
USAC,"USA Compression Partners, LP",Energy,Oil & Gas Equipment & Services,oil-gas-equipment-services,3914253568,3.92,1.266,0.487,2.7,67.49000000000001,31.76,15.04,1.24,0,7.63,22.3,11.15,3.66,-98.95,10
CDP,COPT Defense Properties,Real Estate,REIT - Office,reit-office,3733884160,4.87,1.06,0.951,7.6,57.76,24.13,22.77,1.9,0,3.82,6.9,19.869999999999997,7.449999999999999,10.06,10
HOMB,"Home BancShares, Inc.",Financial Services,Banks - Regional,banks-regional,5648875520,5.29,0.0,0.0,10.8,0.0,11.6,10.57,4.72,0,2.91,20.3,44.49,7.53,11.06,10
HQY,"HealthEquity, Inc.",Healthcare,Health Information Services,health-information-services,6951096320,5.29,3.266,2.822,7.3,69.52000000000001,33.07,15.23,1.5,0,0.0,92.4,16.39,4.38,10.21,10
HSIC,"Henry Schein, Inc.",Healthcare,Medical Distribution,medical-distribution,8858549248,0.67,1.383,0.56,7.7,31.14,23.61,13.14,0.43,0,0.0,13.600000000000001,3.02,5.45,12.27,10
INDB,Independent Bank Corp.,Financial Services,Banks - Regional,banks-regional,3920783104,4.95,0.0,0.0,47.099999999999994,0.0,18.03,9.63,2.62,0,3.2,29.2,25.900000000000002,5.489999999999999,5.75,10
INGR,Ingredion Incorporated,Consumer Defensive,Packaged Foods,packaged-foods,7127012352,0.99,2.663,1.685,-2.4,25.319999999999997,10.11,9.44,1.01,0,2.89,80.10000000000001,10.100000000000001,4.9799999999999995,16.8,10
INTR,"Inter & Co, Inc.",Financial Services,Banks - Regional,banks-regional,3707507968,0.62,0.0,0.0,26.400000000000002,0.0,14.24,7.79,0.46,0,1.35,35.5,21.93,14.530000000000001,12.91,10
IOSP,Innospec Inc.,Basic Materials,Specialty Chemicals,specialty-chemicals,1872260992,1.05,2.79,1.763,-2.4,27.689999999999998,16.11,11.99,1.08,0,2.27,0.0,6.5600000000000005,1.78,8.79,10
HWC,Hancock Whitney Corporation,Financial Services,Banks - Regional,banks-regional,5468967424,3.75,0.0,0.0,6.800000000000001,0.0,11.81,9.91,3.49,0,2.74,7.3,33.300000000000004,11.64,10.9,10
IBOC,International Bancshares Corporation,Financial Services,Banks - Regional,banks-regional,4481769984,5.42,0.0,0.0,2.6,0.0,10.89,0.0,5.28,0,1.98,-7.6,49.85,4.54,12.68,10
BUSE,First Busey Corporation,Financial Services,Banks - Regional,banks-regional,2310895616,3.47,0.0,0.0,70.5,0.0,18.23,9.87,1.02,0,3.9,26.900000000000002,20.28,3.11,5.48,10
CENT,Central Garden & Pet Company,Consumer Defensive,Packaged Foods,packaged-foods,2297668608,0.74,3.425,1.88,-6.0,32.269999999999996,15.06,12.34,0.79,0,0.0,-47.599999999999994,5.04,5.94,10.29,10
CENTA,Central Garden & Pet Company,Consumer Defensive,Packaged Foods,packaged-foods,2127666688,0.69,3.425,1.88,-6.0,32.269999999999996,13.7,11.22,0.73,0,0.0,-47.599999999999994,5.04,2.9499999999999997,10.29,10
CFR,"Cullen/Frost Bankers, Inc.",Financial Services,Banks - Regional,banks-regional,8997406720,4.11,0.0,0.0,9.5,0.0,14.35,13.38,3.72,0,2.81,8.5,29.599999999999998,0.03,14.65,10
CHA,Chagee Holdings Limited,Consumer Cyclical,Restaurants,restaurants,1889102848,0.15,3.105,2.847,-10.8,45.839999999999996,11.18,5.49,0.16,0,0.0,-95.89999999999999,9.07,2.5700000000000003,,10
CAE,CAE Inc.,Industrials,Aerospace & Defense,aerospace-defense,9000892416,1.85,0.914,0.646,2.3,28.389999999999997,32.91,30.57,1.3,0,0.0,-35.9,7.7299999999999995,0.0,8.29,10
CAKE,The Cheesecake Factory Incorporated,Consumer Cyclical,Restaurants,restaurants,3054368000,0.81,0.585,0.445,4.3999999999999995,40.39,20.02,13.84,0.46,0,1.96,-27.900000000000002,3.9600000000000004,25.590000000000003,34.01,10
IFS,Intercorp Financial Services Inc.,Financial Services,Banks - Regional,banks-regional,5718537728,1.04,0.0,0.0,1.0999999999999999,0.0,10.44,8.57,1.03,0,3.51,-2.8000000000000003,35.15,1.05,,10
KEX,Kirby Corporation,Industrials,Marine Shipping,marine-shipping,7651529216,2.27,1.526,0.88,6.2,34.11,22.53,17.23,1.41,0,0.0,128.1,10.54,3.9899999999999998,10.49,10
KMPR,Kemper Corporation,Financial Services,Insurance - Property & Casualty,insurance-property-casualty,1891446144,0.39,0.46,0.428,-4.7,29.53,13.99,6.26,0.41,0,3.99,0.0,2.9899999999999998,6.710000000000001,5.34,10
VFC,V.F. Corporation,Consumer Cyclical,Apparel Manufacturing,apparel-manufacturing,7355750400,0.58,1.443,0.632,1.5,50.8,32.98,18.01,0.28,0,1.95,78.10000000000001,5.55,7.9399999999999995,-12.76,10
VIAV,Viavi Solutions Inc.,Technology,Communication Equipment,communication-equipment,9436057600,7.59,2.612,2.222,36.4,59.53000000000001,0.0,40.48,1.95,0,0.0,0.0,-3.38,7.46,4.46,10
VLY,Valley National Bancorp,Financial Services,Banks - Regional,banks-regional,7276083712,3.95,0.0,0.0,38.3,0.0,12.97,8.73,2.43,0,3.36,66.7,32.42,6.92,8.02,10
CATY,Cathay General Bancorp,Financial Services,Banks - Regional,banks-regional,3664452096,4.92,0.0,0.0,19.6,0.0,11.86,9.43,3.95,0,2.61,19.0,42.28,4.96,10.77,10
CBSH,"Commerce Bancshares, Inc.",Financial Services,Banks - Regional,banks-regional,7468059648,4.36,0.0,0.0,6.5,0.0,12.54,11.76,4.08,0,2.16,5.0,33.08,3.2800000000000002,14.94,10
CBT,Cabot Corporation,Basic Materials,Specialty Chemicals,specialty-chemicals,3894164992,1.08,1.667,0.968,-11.1,25.56,13.04,10.87,1.2,0,2.42,-18.2,8.62,7.06,21.35,10
CBU,"Community Financial System, Inc.",Financial Services,Banks - Regional,banks-regional,3268356608,4.1,0.0,0.0,10.7,0.0,15.61,11.55,3.66,0,3.02,9.700000000000001,26.419999999999998,5.16,10.49,10
BSM,"Black Stone Minerals, L.P.",Energy,Oil & Gas E&P,oil-gas-e-p,2866506240,7.15,3.884,2.723,-11.600000000000001,87.74,10.89,11.25,7.98,0,9.17,65.5,74.8,2.21,26.58,10
BTSG,"BrightSpring Health Services, Inc.",Healthcare,Health Information Services,health-information-services,8893442048,0.69,1.565,0.628,29.299999999999997,11.76,95.92,23.55,0.43,0,0.0,338.3,1.48,10.34,10.17,10
BUR,Burford Capital Limited,Financial Services,Asset Management,asset-management,1031006976,2.69,2.207,2.176,-75.3,96.17,16.24,4.7,4.72,0,2.78,0.0,16.34,5.65,2.56,10
PLXS,Plexus Corp.,Technology,Electronic Components,electronic-components,6105974784,1.48,1.591,0.7,9.6,9.98,35.45,26.43,1.2,0,0.0,12.7,4.279999999999999,6.1899999999999995,11.89,10
VCEL,Vericel Corporation,Healthcare,Biotechnology,biotechnology,1789736448,6.48,5.034,4.52,23.3,74.42,109.81,43.65,1.27,0,0.0,18.9,5.9799999999999995,12.76,4.66,10
VCYT,"Veracyte, Inc.",Healthcare,Diagnostics & Research,diagnostics-research,2725423872,5.27,8.148,7.634,18.5,72.16,41.83,19.34,1.2,0,0.0,712.0,12.83,7.539999999999999,5.07,10
KRC,Kilroy Realty Corporation,Real Estate,REIT - Office,reit-office,3492192768,3.14,0.79,0.629,-5.0,66.42,12.58,53.08,3.3,0,7.4,-79.0,24.82,17.65,5.09,10
KRG,Kite Realty Group Trust,Real Estate,REIT - Retail,reit-retail,5428615680,6.43,1.181,0.254,-3.8,73.87,18.72,47.06,6.67,0,4.57,747.5,35.370000000000005,9.790000000000001,9.72,10
ITGR,Integer Holdings Corporation,Healthcare,Medical Devices,medical-devices,3105455360,1.68,3.319,2.05,5.0,27.389999999999997,30.67,12.27,1.16,0,0.0,52.900000000000006,5.55,12.989999999999998,5.89,10
ITRI,"Itron, Inc.",Technology,Scientific & Technical Instruments,scientific-technical-instruments,4270656256,1.8,1.8,1.371,-6.7,37.69,14.82,14.01,1.92,0,0.0,73.6,12.72,15.939999999999998,17.54,10
MTH,Meritage Homes Corporation,Consumer Cyclical,Residential Construction,residential-construction,4451596288,0.76,13.688,2.01,-11.5,20.1,10.49,8.91,0.85,0,2.89,-48.8,7.7299999999999995,7.01,8.72,10
SAH,"Sonic Automotive, Inc.",Consumer Cyclical,Auto & Truck Dealerships,auto-truck-dealerships,2290881536,0.15,1.09,0.298,-0.6,15.72,19.89,9.51,0.15,0,2.23,-18.5,0.7799999999999999,22.42,11.11,10
SAIC,Science Applications International Corporation,Technology,Information Technology Services,information-technology-services,4263638528,0.59,1.201,1.054,-4.8,12.1,12.27,8.81,0.62,0,1.57,-6.2,4.93,7.46,23.87,10
SBSW,Sibanye Stillwater Limited,Basic Materials,Other Precious Metals & Mining,other-precious-metals-mining,9700396032,0.07,1.779,0.856,31.6,31.8,0.0,2.43,0.03,0,2.38,0.0,-3.9899999999999998,2.11,,10
SLVM,Sylvamo Corporation,Basic Materials,Paper & Paper Products,paper-paper-products,1701866240,0.51,1.503,0.772,-8.200000000000001,21.93,13.22,7.28,0.55,0,4.19,-57.199999999999996,3.94,5.72,13.66,10
BPOP,"Popular, Inc.",Financial Services,Banks - Regional,banks-regional,9414733824,3.2,0.0,0.0,9.1,0.0,11.76,8.98,2.91,0,2.05,40.8,28.349999999999998,2.36,13.38,10
BRX,Brixmor Property Group Inc.,Real Estate,REIT - Retail,reit-retail,9220429824,6.72,0.652,0.621,7.7,75.17,24.04,27.37,1.54,0,4.02,62.8,28.16,7.22,12.83,10
BFAM,Bright Horizons Family Solutions Inc.,Consumer Cyclical,Personal Services,personal-services,4744310272,1.62,0.522,0.451,8.799999999999999,25.380000000000003,24.97,14.65,1.1,0,0.0,-23.599999999999998,6.58,3.08,14.42,10
BHF,"Brighthouse Financial, Inc.",Financial Services,Insurance - Life,insurance-life,3503669760,0.5,0.68,0.333,-31.6,33.76,10.75,3.16,0.66,0,0.0,-82.1,6.23,15.0,6.4,10
PFS,"Provident Financial Services, Inc.",Financial Services,Banks - Regional,banks-regional,2918448128,3.37,0.0,0.0,15.2,0.0,10.01,8.84,2.86,0,4.3,72.1,33.589999999999996,5.42,10.28,10
BKU,"BankUnited, Inc.",Financial Services,Banks - Regional,banks-regional,3487693312,3.4,0.0,0.0,3.5999999999999996,0.0,13.4,10.4,3.28,0,2.81,-1.7000000000000002,26.169999999999998,5.1,8.79,10
BLKB,"Blackbaud, Inc.",Technology,Software - Application,software-application,1716290432,1.52,0.787,0.101,-2.3,58.809999999999995,15.14,6.12,1.56,0,0.0,0.0,10.190000000000001,7.91,135.17,10
VMI,"Valmont Industries, Inc.",Industrials,Conglomerates,conglomerates,8395137024,2.05,2.35,1.48,0.1,30.25,25.55,17.47,1.43,0,0.65,135.3,8.540000000000001,2.4899999999999998,20.5,10
VVV,Valvoline Inc.,Consumer Cyclical,Auto & Truck Dealerships,auto-truck-dealerships,4219246336,2.4,0.701,0.463,11.5,38.58,48.03,16.52,1.3,0,0.0,0.0,4.91,11.709999999999999,62.25,10
WAFD,"WaFd, Inc.",Financial Services,Banks - Regional,banks-regional,2500182528,3.4,0.0,0.0,9.8,0.0,11.36,10.16,3.07,0,3.3,46.6,33.08,5.06,8.25,10
BNL,"Broadstone Net Lease, Inc.",Real Estate,REIT - Diversified,reit-diversified,4015676928,8.84,2.297,1.976,5.5,94.94,39.39,26.33,0.42,0,5.91,24.7,21.25,5.24,3.33,10
BNT,Brookfield Wealth Solutions Ltd.,Financial Services,Insurance - Diversified,insurance-diversified,12544379904,1.08,2.808,1.368,-46.9,31.419999999999998,13.1,0.0,1.58,0,0.64,-98.4,6.58,0.0,4.36,10
BOH,Bank of Hawaii Corporation,Financial Services,Banks - Regional,banks-regional,3143083264,4.46,0.0,0.0,17.4,0.0,17.09,11.43,3.68,0,3.54,63.4,29.2,0.3,13.67,10
BOKF,BOK Financial Corporation,Financial Services,Banks - Regional,banks-regional,8226439680,3.78,0.0,0.0,12.7,0.0,14.76,13.19,3.3,0,1.86,37.3,26.58,11.4,9.77,10
LAZ,"Lazard, Inc.",Financial Services,Capital Markets,capital-markets,4745788416,1.53,2.195,1.908,10.0,89.82,23.05,10.97,0.14,0,4.0,-43.3,7.64,4.26,27.11,10
KBH,KB Home,Consumer Cyclical,Residential Construction,residential-construction,3250818048,0.55,7.795,0.725,-22.6,18.63,10.03,11.29,0.67,0,1.93,-65.0,5.96,17.05,10.99,10
KBR,"KBR, Inc.",Industrials,Engineering & Construction,engineering-construction,4610063872,0.59,1.215,1.137,-10.6,14.77,10.42,8.62,0.65,0,1.79,52.400000000000006,5.33,4.6,27.61,10
LNTH,"Lantheus Holdings, Inc.",Healthcare,Drug Manufacturers - Specialty & Generic,drug-manufacturers-specialty-generic,5386589184,3.49,2.699,2.199,4.0,61.1,24.26,13.15,1.3,0,0.0,0.0,15.15,11.28,21.43,10
ATMU,Atmus Filtration Technologies Inc.,Consumer Cyclical,Auto Parts,auto-parts,5225402368,2.96,2.424,1.511,9.8,28.88,25.39,19.88,1.9,0,0.35,21.0,11.76,3.32,54.8,10
AUB,Atlantic Union Bankshares Corporation,Financial Services,Banks - Regional,banks-regional,5440420352,4.41,0.0,0.0,91.5,0.0,18.73,9.39,0.38,0,3.7,29.799999999999997,22.21,7.76,5.47,10
BB,BlackBerry Limited,Technology,Software - Infrastructure,software-infrastructure,2342006016,4.27,2.119,1.962,10.100000000000001,76.16000000000001,44.11,19.85,0.91,0,0.0,0.0,9.69,4.68,7.13,10
BBAR,Banco BBVA Argentina S.A.,Financial Services,Banks - Regional,banks-regional,3280041216,0.0,0.0,0.0,-8.0,0.0,14.21,13.58,0.0,0,1.83,-37.2,7.960000000000001,4.62,9.18,10
BCO,The Brink's Company,Industrials,Security & Protection Services,security-protection-services,4390447104,0.83,1.515,1.158,9.1,25.81,22.69,10.11,0.56,0,0.96,86.0,3.8,6.419999999999999,71.91,10
BDC,Belden Inc.,Technology,Communication Equipment,communication-equipment,5071076352,1.87,1.935,1.223,8.1,37.99,22.04,14.63,1.06,0,0.15,20.599999999999998,8.75,6.3,18.78,10
LOPE,"Grand Canyon Education, Inc.",Consumer Defensive,Education & Training Services,education-training-services,4718281728,4.27,3.646,3.524,5.3,53.190000000000005,21.85,15.02,1.89,0,0.0,10.5,19.54,5.5,28.94,10
SKY,"Champion Homes, Inc.",Consumer Cyclical,Residential Construction,residential-construction,4398281216,1.67,2.715,1.766,1.7999999999999998,26.640000000000004,21.0,21.16,1.2,0,0.0,-8.5,8.1,7.41,12.85,10
MGY,Magnolia Oil & Gas Corporation,Energy,Oil & Gas E&P,oil-gas-e-p,5467730944,4.17,1.536,1.533,-2.8000000000000003,80.66,17.13,11.4,4.28,0,2.07,-17.0,24.79,15.299999999999999,16.77,10
MLI,"Mueller Industries, Inc.",Industrials,Metal Fabrication,metal-fabrication,13732941824,3.29,5.92,4.515,4.2,29.020000000000003,17.96,14.82,2.23,0,1.14,13.900000000000002,18.310000000000002,1.73,23.84,10
MMS,"Maximus, Inc.",Industrials,Specialty Business Services,specialty-business-services,3720212736,0.69,2.341,2.123,-4.1000000000000005,25.130000000000003,10.46,7.48,0.72,0,1.96,146.5,6.92,9.25,19.06,10
ASGN,ASGN Incorporated,Technology,Information Technology Services,information-technology-services,1624308096,0.41,2.159,1.969,-0.5,28.87,14.63,6.59,0.41,0,0.0,-38.1,2.85,13.26,6.29,10
AX,"Axos Financial, Inc.",Financial Services,Banks - Regional,banks-regional,5325488128,4.2,0.0,0.0,21.8,0.0,11.92,9.65,3.29,0,0.0,23.3,36.04,6.77,16.15,10
AXTA,Axalta Coating Systems Ltd.,Basic Materials,Specialty Chemicals,specialty-chemicals,6136634368,1.2,2.056,1.383,-3.6999999999999997,34.43,16.53,10.22,1.24,0,0.0,-55.900000000000006,7.39,4.130000000000001,16.11,10
AYI,Acuity Inc.,Industrials,Electrical Equipment & Parts,electrical-equipment-parts,8734554112,1.9,2.067,1.169,4.9,48.51,20.9,13.35,0.93,0,0.26,26.1,9.370000000000001,2.98,14.55,10
BANC,"Banc of California, Inc.",Financial Services,Banks - Regional,banks-regional,2860901120,2.73,0.0,0.0,11.5,0.0,15.83,8.94,2.41,0,2.58,55.300000000000004,21.83,6.890000000000001,7.53,10
BANF,BancFirst Corporation,Financial Services,Banks - Regional,banks-regional,3838741504,5.6,0.0,0.0,11.200000000000001,0.0,16.08,16.07,4.98,0,1.71,4.2,35.13,4.31,12.98,10
BANR,Banner Corporation,Financial Services,Banks - Regional,banks-regional,2184649728,3.37,0.0,0.0,4.9,0.0,11.36,10.18,3.21,0,3.06,11.3,30.17,3.6799999999999997,10.04,10
ATHM,Autohome Inc.,Communication Services,Internet Content & Information,internet-content-information,2153955584,0.33,5.996,5.888,-18.0,72.35000000000001,10.54,10.48,0.39,0,10.03,-23.599999999999998,24.41,1.7999999999999998,7.48,10
PRK,Park National Corporation,Financial Services,Banks - Regional,banks-regional,3094772992,5.67,0.0,0.0,7.6,0.0,15.4,13.69,5.24,0,2.52,11.0,33.0,2.9499999999999997,13.31,10
QRVO,"Qorvo, Inc.",Technology,Semiconductors,semiconductors,7473005056,2.0,3.675,2.721,8.4,44.68,22.21,11.95,1.01,0,0.0,307.0,9.11,9.11,1.64,10
QTWO,"Q2 Holdings, Inc.",Technology,Software - Application,software-application,3007266560,3.78,1.022,0.906,13.8,54.059999999999995,60.24,14.45,1.5,0,0.0,10802.3,6.54,4.390000000000001,7.86,10
R,"Ryder System, Inc.",Industrials,Rental & Leasing Services,rental-leasing-services,8667282432,0.68,0.89,0.754,-0.4,20.18,18.32,13.14,0.69,0,1.61,4.5,3.94,3.58,16.35,10
RAMP,"LiveRamp Holdings, Inc.",Technology,Software - Infrastructure,software-infrastructure,1667599744,2.1,2.717,2.53,8.6,70.39999999999999,25.19,9.6,0.57,0,0.0,275.09999999999997,8.64,7.01,-0.09,10
AVA,Avista Corporation,Utilities,Utilities - Diversified,utilities-diversified,3441879296,1.75,0.83,0.317,0.0,64.82,17.52,14.74,1.75,0,4.75,2.8000000000000003,9.83,5.48,7.12,10
AVAL,Grupo Aval Acciones y Valores S.A.,Financial Services,Banks - Regional,banks-regional,5658131456,0.0,0.0,0.0,18.8,0.0,12.15,8.8,0.0,0,3.78,22.400000000000002,12.86,0.19,5.82,10
ARLP,"Alliance Resource Partners, L.P.",Energy,Thermal Coal,thermal-coal,3300098048,1.5,2.104,0.992,-9.2,34.98,11.01,9.41,1.64,0,9.47,389.7,14.180000000000001,1.54,16.89,10
MATX,"Matson, Inc.",Industrials,Marine Shipping,marine-shipping,5340516352,1.6,0.895,0.756,-4.3,22.770000000000003,12.39,11.51,1.67,0,0.84,21.2,13.3,4.49,16.12,10
SIG,Signet Jewelers Limited,Consumer Cyclical,Luxury Goods,luxury-goods,3799113216,0.56,1.601,0.473,-0.3,39.550000000000004,13.19,7.7,0.56,0,1.5,165.9,4.32,21.91,14.97,10
MCW,"Mister Car Wash, Inc.",Consumer Cyclical,Auto & Truck Dealerships,auto-truck-dealerships,2299353600,2.19,0.323,0.241,4.0,32.49,22.58,12.89,1.42,0,0.0,198.5,9.8,6.859999999999999,9.1,10
WFRD,Weatherford International plc,Energy,Oil & Gas Equipment & Services,oil-gas-equipment-services,7145745920,1.45,2.194,1.491,-3.9,31.19,16.8,14.15,1.51,0,1.06,27.1,8.76,7.79,25.37,10
WIX,Wix.com Ltd.,Technology,Software - Infrastructure,software-infrastructure,3722775552,1.87,1.19,1.098,13.900000000000002,68.07,73.38,8.12,0.51,0,0.0,0.0,2.54,9.11,-13.84,10
AM,Antero Midstream Corporation,Energy,Oil & Gas Midstream,oil-gas-midstream,10120844288,8.04,3.407,2.602,3.1,81.58,24.71,14.32,1.43,0,4.16,-52.6,32.81,3.19,20.95,10
PNFP,"Pinnacle Financial Partners, Inc.",Financial Services,Banks - Regional,banks-regional,14082184192,7.23,0.0,0.0,14.000000000000002,0.0,11.95,7.91,6.22,0,1.3,12.7,32.96,3.37,7.64,10
PRIM,Primoris Services Corporation,Industrials,Engineering & Construction,engineering-construction,9014906880,1.19,1.262,1.158,6.7,10.73,32.66,24.79,0.99,0,0.2,-2.9000000000000004,3.63,7.9,16.35,10
AGYS,"Agilysys, Inc.",Technology,Software - Application,software-application,1831814528,5.9,1.307,1.167,15.6,61.660000000000004,60.91,29.97,1.91,0,0.0,152.8,9.790000000000001,5.4,8.73,10
AMKR,"Amkor Technology, Inc.",Technology,Semiconductor Equipment & Materials,semiconductor-equipment-materials,15195784192,2.27,2.269,1.974,15.9,13.99,40.88,26.74,1.64,0,0.54,61.0,5.57,5.7299999999999995,8.36,10
AMRX,"Amneal Pharmaceuticals, Inc.",Healthcare,Drug Manufacturers - Specialty & Generic,drug-manufacturers-specialty-generic,4185266944,1.39,2.168,1.391,11.5,37.38,59.64,11.15,0.77,0,0.0,0.0,2.39,5.2299999999999995,-101.78,10
AN,"AutoNation, Inc.",Consumer Cyclical,Auto & Truck Dealerships,auto-truck-dealerships,6942107136,0.25,0.839,0.186,-3.9,17.91,11.74,8.43,0.26,0,0.0,1.3,2.35,9.32,27.73,10
AOS,A. O. Smith Corporation,Industrials,Specialty Industrial Machinery,specialty-industrial-machinery,9255744512,2.42,1.497,0.899,0.0,38.83,17.38,15.4,2.42,0,2.08,19.1,14.26,6.77,29.4,10
APLE,"Apple Hospitality REIT, Inc.",Real Estate,REIT - Hotel & Motel,reit-hotel-motel,2988338432,2.12,0.216,0.131,-2.0,42.65,17.11,17.83,2.16,0,7.67,0.8,12.42,16.7,5.57,10
WBS,Webster Financial Corporation,Financial Services,Banks - Regional,banks-regional,11705740288,4.37,0.0,0.0,15.9,0.0,12.2,9.81,3.68,0,2.22,52.7,37.480000000000004,0.0,10.89,10
MGEE,"MGE Energy, Inc.",Utilities,Utilities - Regulated Electric,utilities-regulated-electric,2936144384,4.04,0.77,0.401,11.700000000000001,42.559999999999995,21.48,18.84,2.05,0,2.35,5.1,18.7,2.37,10.42,10
SEB,Seaboard Corporation,Industrials,Conglomerates,conglomerates,5507167744,0.57,2.404,1.315,-2.9000000000000004,7.109999999999999,11.27,0.0,0.58,0,0.16,66.60000000000001,5.09,7.249999999999999,9.52,10
SFBS,"ServisFirst Bancshares, Inc.",Financial Services,Banks - Regional,banks-regional,4279640320,8.14,0.0,0.0,22.5,0.0,15.47,11.19,6.31,0,1.93,33.0,52.61,7.08,14.95,10
SHAK,Shake Shack Inc.,Consumer Cyclical,Restaurants,restaurants,4387082752,3.04,1.757,1.678,21.9,40.22,92.58,59.1,1.42,0,0.0,28.7,3.16,25.729999999999997,8.7,10
AA,Alcoa Corporation,Basic Materials,Aluminum,aluminum,18955888640,1.48,1.439,0.754,-1.0999999999999999,17.86,16.44,11.42,1.49,0,0.55,6.4,9.02,2.64,18.91,10
ABCB,Ameris Bancorp,Financial Services,Banks - Regional,banks-regional,5655405056,4.97,0.0,0.0,3.0,0.0,13.81,11.87,4.82,0,0.96,16.900000000000002,36.199999999999996,5.050000000000001,10.11,10
WOR,"Worthington Enterprises, Inc.",Industrials,Metal Fabrication,metal-fabrication,2740916992,2.06,2.363,1.23,24.4,27.839999999999996,167.64,13.81,1.13,0,1.37,16.5,8.42,2.91,10.25,10
ZION,"Zions Bancorporation, National Association",Financial Services,Banks - Regional,banks-regional,9123261440,2.75,0.0,0.0,13.600000000000001,0.0,10.26,9.37,2.38,0,2.92,31.4,27.139999999999997,4.03,12.64,10
WSBC,"WesBanco, Inc.",Financial Services,Banks - Regional,banks-regional,3471553024,3.84,0.0,0.0,61.0,0.0,16.2,8.77,1.5,0,4.2,15.6,24.68,2.5700000000000003,5.86,10
WSFS,WSFS Financial Corporation,Financial Services,Banks - Regional,banks-regional,3651175424,3.59,0.0,0.0,2.3,0.0,13.63,10.82,3.51,0,0.98,23.799999999999997,28.26,4.0,10.49,10
WTFC,Wintrust Financial Corporation,Financial Services,Banks - Regional,banks-regional,9812800512,3.73,0.0,0.0,10.5,0.0,12.92,10.79,3.34,0,1.39,19.400000000000002,31.35,3.25,12.06,10
ZGN,Ermenegildo Zegna N.V.,Consumer Cyclical,Apparel Manufacturing,apparel-manufacturing,3095494656,1.61,1.586,0.741,0.3,67.5,25.64,18.76,0.52,0,1.21,4.5,5.140000000000001,4.81,9.56,10
AB,AllianceBernstein Holding L.P.,Financial Services,Asset Management,asset-management,3580633344,10.76,0.0,0.0,0.0,100.0,13.06,10.25,0.0,0,8.74,-3.5000000000000004,90.11,0.32,24.21,10
AAON,"AAON, Inc.",Industrials,Building Products & Equipment,building-products-equipment,7677758464,5.32,2.627,1.78,42.5,26.75,72.72,31.67,2.24,0,0.43,26.1,7.46,13.69,12.02,10
AAL,American Airlines Group Inc.,Industrials,Airlines,airlines,8009494528,0.15,0.498,0.349,2.5,22.74,71.35,5.02,0.11,0,0.0,-83.1,0.2,8.6,-2.98,8
WMS,"Advanced Drainage Systems, Inc.",Industrials,Building Products & Equipment,building-products-equipment,12122109952,4.06,4.125,3.014,0.4,38.67,25.89,22.94,2.48,0,0.46,14.399999999999999,15.75,3.92,27.82,8
MDU,"MDU Resources Group, Inc.",Utilities,Utilities - Regulated Gas,utilities-regulated-gas,4503532544,2.4,0.835,0.396,-0.3,32.62,23.66,20.74,2.41,0,2.5,39.4,10.15,7.21,6.87,8
MEOH,Methanex Corporation,Basic Materials,Chemicals,chemicals,4402165248,1.23,2.06,1.231,2.1,27.750000000000004,63.96,14.71,0.87,0,1.24,0.0,2.22,0.0,3.27,8
LPL,"LG Display Co., Ltd.",Technology,Consumer Electronics,consumer-electronics,4560000000,0.0,0.728,0.44,-8.1,13.08,30.4,38.04,0.0,0,0.0,0.0,0.88,0.36,3.43,8
SITE,"SiteOne Landscape Supply, Inc.",Industrials,Industrial Distribution,industrial-distribution,6114489856,1.3,2.474,1.106,3.2,34.760000000000005,40.69,25.63,0.82,0,0.0,0.0,3.2300000000000004,5.72,9.15,8
LPX,Louisiana-Pacific Corporation,Industrials,Building Products & Equipment,building-products-equipment,5254698496,1.94,2.78,1.44,-16.6,21.75,36.17,17.19,2.26,0,1.59,0.0,5.390000000000001,7.779999999999999,8.43,8
LXP,LXP Industrial Trust,Real Estate,REIT - Industrial,reit-industrial,2948534784,8.42,2.304,2.302,-14.000000000000002,81.56,27.42,-2495.5,9.6,0,5.6,-13.700000000000001,32.31,0.01,5.82,8
SHC,Sotera Health Company,Healthcare,Diagnostics & Research,diagnostics-research,4542542336,3.9,2.458,2.088,4.6,55.48,59.0,15.22,1.66,0,0.0,175.4,6.7,6.81,12.86,8
MIDD,The Middleby Corporation,Industrials,Specialty Industrial Machinery,specialty-industrial-machinery,6742639104,2.11,2.567,0.799,-14.499999999999998,39.11,20.24,13.68,2.41,0,0.0,-64.2,-8.68,4.07,-10.0,8
MKTX,MarketAxess Holdings Inc.,Financial Services,Capital Markets,capital-markets,6357443072,7.51,3.35,2.805,3.5000000000000004,62.019999999999996,25.76,18.67,2.75,0,1.79,45.300000000000004,29.14,7.249999999999999,21.53,8
MASI,Masimo Corporation,Healthcare,Medical Devices,medical-devices,9341001728,6.12,2.492,1.291,12.0,61.8,46.46,27.03,2.06,0,0.0,0.0,-9.92,7.6,-21.01,8
RYTM,"Rhythm Pharmaceuticals, Inc.",Healthcare,Biotechnology,biotechnology,5959918080,31.41,4.407,3.918,36.9,89.73,0.0,-235.0,2.04,0,0.0,0.0,-103.57000000000001,12.18,-141.32,8
S,"SentinelOne, Inc.",Technology,Software - Infrastructure,software-infrastructure,4338525184,4.33,1.389,1.213,20.200000000000003,74.11,0.0,26.74,0.9,0,0.0,0.0,-45.019999999999996,7.049999999999999,-31.36,8
SAIL,"SailPoint, Inc.",Technology,Software - Infrastructure,software-infrastructure,6269494272,5.85,1.322,1.191,22.7,64.48,0.0,28.83,1.61,0,0.0,0.0,-25.2,25.36,-3.94,8
SAM,"The Boston Beer Company, Inc.",Consumer Defensive,Beverages - Brewers,beverages-brewers,2469316096,1.26,1.654,1.207,-4.1000000000000005,48.480000000000004,23.93,20.78,1.31,0,0.0,0.0,5.52,16.74,12.82,8
SBCF,Seacoast Banking Corporation of Florida,Financial Services,Banks - Regional,banks-regional,3170924288,5.3,0.0,0.0,32.4,0.0,20.62,11.76,3.58,0,2.35,-23.400000000000002,24.21,4.91,5.34,8
MGM,MGM Resorts International,Consumer Cyclical,Resorts & Casinos,resorts-casinos,10045891584,0.57,1.234,1.03,6.0,44.42,48.33,15.65,0.3,0,0.0,115.7,1.17,15.83,8.47,8
KVYO,"Klaviyo, Inc.",Technology,Software - Application,software-application,5162873856,4.18,4.273,3.988,29.599999999999998,74.67,0.0,16.91,0.75,0,0.0,0.0,-2.5700000000000003,6.92,-2.65,8
KC,Kingsoft Cloud Holdings Limited,Technology,Software - Application,software-application,5067371520,0.53,1.17,0.884,23.7,15.73,0.0,-132.74,0.34,0,0.0,0.0,-9.8,3.6700000000000004,,8
SSL,Sasol Limited,Basic Materials,Specialty Chemicals,specialty-chemicals,8160482304,0.03,1.657,0.995,0.2,40.67,58.18,5.67,0.02,0,0.0,-94.8,0.97,0.74,4.44,8
IDCC,"InterDigital, Inc.",Technology,Software - Application,software-application,9070320640,10.88,1.844,1.797,-37.4,88.88000000000001,29.88,30.84,14.94,0,0.79,-70.5,48.76,15.27,36.93,8
IDA,"IDACORP, Inc.",Utilities,Utilities - Regulated Electric,utilities-regulated-electric,8047492608,4.44,0.928,0.49,1.7999999999999998,35.42,24.62,20.94,2.81,0,2.4,11.700000000000001,17.84,10.22,9.06,8
MQ,"Marqeta, Inc.",Technology,Software - Infrastructure,software-infrastructure,1786802944,2.86,1.649,1.199,26.700000000000003,69.98,0.0,58.0,0.63,0,0.0,0.0,-2.23,4.77,-1.83,8
IBP,"Installed Building Products, Inc.",Consumer Cyclical,Residential Construction,residential-construction,7795285504,2.62,3.029,2.305,-0.4,33.97,29.76,23.82,2.63,0,1.14,18.2,8.93,7.920000000000001,37.39,8
HWKN,"Hawkins, Inc.",Basic Materials,Specialty Chemicals,specialty-chemicals,3096435968,2.91,2.349,1.358,-1.6,22.86,37.41,35.48,2.96,0,0.5,8.200000000000001,7.75,7.42,18.32,8
IRDM,Iridium Communications Inc.,Communication Services,Telecom Services,telecom-services,3818533120,4.38,2.476,1.704,-0.0,71.55,34.08,27.57,4.38,0,1.7,-24.2,13.120000000000001,10.68,24.72,8
HRI,Herc Holdings Inc.,Industrials,Rental & Leasing Services,rental-leasing-services,3458493696,0.79,1.31,1.125,27.1,33.32,3454.67,9.43,0.38,0,2.69,0.0,0.02,8.24,0.05,8
KGS,"Kodiak Gas Services, Inc.",Energy,Oil & Gas Equipment & Services,oil-gas-equipment-services,5488465920,4.2,0.837,0.534,7.5,63.31,69.84,18.8,1.42,0,3.0,32.6,6.16,8.780000000000001,6.7,8
IVT,InvenTrust Properties Corp.,Real Estate,REIT - Retail,reit-retail,2484821760,8.31,1.094,1.022,8.6,71.81,22.52,246.0,2.14,0,3.02,-74.7,37.24,3.6799999999999997,6.21,8
KMX,"CarMax, Inc.",Consumer Cyclical,Auto & Truck Dealerships,auto-truck-dealerships,5907349504,0.21,1.993,0.169,-6.7,12.389999999999999,24.8,11.09,0.23,0,0.0,-47.199999999999996,1.6400000000000001,12.25,8.02,8
IRTC,"iRhythm Holdings, Inc.",Healthcare,Medical Devices,medical-devices,3982394368,5.33,4.627,4.342,27.1,70.57,0.0,147.34,1.14,0,0.0,0.0,-5.96,10.01,-29.17,8
JJSF,J&J Snack Foods Corp.,Consumer Defensive,Packaged Foods,packaged-foods,1553272448,0.99,2.516,1.402,-5.2,29.330000000000002,25.94,17.19,1.04,0,3.9,-82.39999999999999,3.92,9.68,6.79,8
JOE,The St. Joe Company,Real Estate,Real Estate - Diversified,real-estate-diversified,3909566208,7.62,4.089,3.631,23.5,43.05,33.97,617.64,3.32,0,0.95,59.4,22.53,3.1399999999999997,15.09,8
SMG,The Scotts Miracle-Gro Company,Basic Materials,Agricultural Inputs,agricultural-inputs,3595562752,1.06,1.348,0.217,-3.3000000000000003,31.3,22.2,13.06,1.09,0,4.26,0.0,2.64,11.61,-40.62,8
SNDR,"Schneider National, Inc.",Industrials,Trucking,trucking,4939229696,0.87,2.125,1.79,4.5,16.56,47.75,20.16,0.69,0,1.42,-29.9,1.83,10.6,3.43,8
NE,Noble Corporation plc,Energy,Oil & Gas Drilling,oil-gas-drilling,7602098688,2.45,1.675,1.539,-20.0,37.21,35.31,20.47,2.94,0,4.04,-9.5,6.97,10.5,4.76,8
GEF,"Greif, Inc.",Consumer Cyclical,Packaging & Containers,packaging-containers,3906992640,0.92,1.232,0.723,-2.1999999999999997,22.35,28.3,14.65,0.94,0,3.2,691.6999999999999,25.040000000000003,0.0,12.91,8
GDS,GDS Holdings Limited,Technology,Information Technology Services,information-technology-services,8660321280,0.76,2.602,2.393,8.6,22.61,67.53,180.35,0.54,0,0.0,0.0,8.309999999999999,8.92,15.25,8
GBCI,"Glacier Bancorp, Inc.",Financial Services,Banks - Regional,banks-regional,6228246016,6.54,0.0,0.0,24.5,0.0,24.42,13.13,4.94,0,2.71,-11.200000000000001,25.09,5.609999999999999,5.67,8
FUL,H.B. Fuller Company,Basic Materials,Specialty Chemicals,specialty-chemicals,3431065088,0.99,1.915,0.961,-2.3,31.879999999999995,21.79,12.25,1.02,0,1.46,58.3,4.62,5.46,7.59,8
FSV,FirstService Corporation,Real Estate,Real Estate Services,real-estate-services,6858652672,1.25,1.705,1.245,1.3,33.58,47.05,21.99,0.82,0,0.82,19.5,2.64,0.0,10.54,8
GTLB,GitLab Inc.,Technology,Software - Infrastructure,software-infrastructure,3416250624,3.58,2.539,2.425,23.200000000000003,87.38,0.0,20.25,0.35,0,0.0,0.0,-5.86,10.57,-5.65,8
GLBE,Global-E Online Ltd.,Consumer Cyclical,Internet Retail,internet-retail,5280894976,5.49,1.935,1.87,28.000000000000004,45.34,78.6,17.16,2.16,0,0.0,3916.5999999999995,7.1,4.53,7.32,8
MTN,"Vail Resorts, Inc.",Consumer Cyclical,Resorts & Casinos,resorts-casinos,4619342336,1.58,0.622,0.412,-4.7,44.190000000000005,20.59,17.8,1.66,0,6.82,-10.100000000000001,7.95,27.68,65.96,8
NHI,"National Health Investors, Inc.",Real Estate,REIT - Healthcare Facilities,reit-healthcare-facilities,4116138752,10.85,0.543,0.497,-2.6,81.04,28.22,23.34,11.13,0,4.29,-43.0,37.480000000000004,3.5900000000000003,9.34,8
GLOB,Globant S.A.,Technology,Information Technology Services,information-technology-services,2039246208,0.83,1.644,1.552,-4.7,35.0,20.21,6.94,0.87,0,0.0,9.5,4.19,14.77,4.92,8
RUSHB,"Rush Enterprises, Inc.",Consumer Cyclical,Auto & Truck Dealerships,auto-truck-dealerships,5779917312,0.78,1.401,0.329,-11.799999999999999,19.75,22.25,0.0,0.87,0,1.04,-11.0,3.55,1.47,11.97,8
HHH,Howard Hughes Holdings Inc.,Real Estate,Real Estate - Development,real-estate-development,3875765760,2.63,1.901,1.434,-36.5,47.69,29.41,63.72,3.59,0,0.0,-96.89999999999999,8.4,9.46,3.28,8
HGV,Hilton Grand Vacations Inc.,Consumer Cyclical,Resorts & Casinos,resorts-casinos,3874153728,0.86,4.457,2.481,3.6999999999999997,23.24,53.46,9.92,0.63,0,0.0,187.20000000000002,1.7999999999999998,12.389999999999999,6.28,8
HASI,"HA Sustainable Infrastructure Capital, Inc.",Financial Services,Asset Management,asset-management,5067312128,52.81,3.543,3.395,-9.8,100.0,27.53,12.21,57.99,0,4.33,0.0,192.33,15.45,7.17,8
HUBG,"Hub Group, Inc.",Industrials,Integrated Freight & Logistics,integrated-freight-logistics,2439600128,0.65,1.474,1.356,-5.3,11.379999999999999,22.9,19.9,0.69,0,1.27,20.5,2.82,6.16,6.32,8
PSN,Parsons Corporation,Technology,Information Technology Services,information-technology-services,5992643584,0.94,1.752,1.637,-7.5,22.49,25.45,15.14,1.01,0,0.0,5.1,3.7900000000000005,13.26,9.13,8
ALG,Alamo Group Inc.,Industrials,Farm & Heavy Construction Machinery,farm-heavy-construction-machinery,2141196288,1.34,4.571,2.762,-3.0,24.81,20.46,14.8,1.38,0,0.73,-45.0,6.47,5.96,9.04,8
PRVA,"Privia Health Group, Inc.",Healthcare,Health Information Services,health-information-services,2904449792,1.37,1.602,1.549,17.4,9.87,128.44,19.29,1.02,0,0.0,132.8,1.08,3.4099999999999997,3.11,8
ZETA,Zeta Global Holdings Corp.,Technology,Software - Infrastructure,software-infrastructure,3983845120,3.05,1.597,1.495,25.4,60.629999999999995,0.0,13.54,0.9,0,0.0,-51.1,-2.41,11.85,-3.92,8
ALKS,Alkermes plc,Healthcare,Drug Manufacturers - Specialty & Generic,drug-manufacturers-specialty-generic,5644433408,3.82,3.55,1.697,-10.6,86.69,23.69,16.99,4.23,0,0.0,-67.0,16.37,17.849999999999998,13.28,8
WD,"Walker & Dunlop, Inc.",Financial Services,Mortgage Finance,mortgage-finance,1654136576,1.43,1.476,0.511,-0.0,100.0,29.4,8.35,1.43,0,5.68,0.0,4.92,3.71,3.24,8
ALK,"Alaska Air Group, Inc.",Industrials,Airlines,airlines,4886018560,0.34,0.496,0.408,2.8000000000000003,21.51,51.35,5.99,0.26,0,0.0,-68.30000000000001,0.7000000000000001,14.95,2.43,8
WH,"Wyndham Hotels & Resorts, Inc.",Consumer Cyclical,Lodging,lodging,6566505984,4.6,0.858,0.7,-2.1,60.46,34.95,16.21,4.69,0,1.93,0.0,13.51,11.129999999999999,41.24,8
APPN,Appian Corporation,Technology,Software - Infrastructure,software-infrastructure,1530966784,2.11,1.149,1.002,21.7,72.54,1035.0,17.78,0.45,0,0.0,0.0,0.16999999999999998,16.97,-2.62,8
AVNT,Avient Corporation,Basic Materials,Specialty Chemicals,specialty-chemicals,3477636096,1.07,1.655,1.117,1.9,32.46,42.61,11.21,0.71,0,2.88,-65.3,2.5100000000000002,4.62,3.45,8
WHD,"Cactus, Inc.",Energy,Oil & Gas Equipment & Services,oil-gas-equipment-services,3660969984,3.39,5.814,1.754,-4.0,37.019999999999996,22.07,15.53,3.53,0,1.05,-15.4,15.379999999999999,5.86,13.54,8
AQN,Algonquin Power & Utilities Corp.,Utilities,Utilities - Diversified,utilities-diversified,4866156544,2.0,1.004,0.44,0.0,37.940000000000005,23.33,15.54,0.0,0,4.13,0.0,7.430000000000001,0.0,4.06,8
BCC,Boise Cascade Company,Basic Materials,Lumber & Wood Production,lumber-wood-production,2930177280,0.46,3.355,1.659,-6.800000000000001,16.46,23.08,14.75,0.49,0,1.07,-86.7,2.07,5.050000000000001,6.4,8
BCPC,Balchem Corporation,Basic Materials,Specialty Chemicals,specialty-chemicals,5686055936,5.48,2.073,1.237,9.8,35.74,36.96,28.91,3.18,0,0.54,17.299999999999997,14.93,1.72,12.31,8
AWI,"Armstrong World Industries, Inc.",Industrials,Building Products & Equipment,building-products-equipment,7728113664,4.77,1.464,0.909,5.6000000000000005,40.65,25.31,19.29,2.67,0,0.73,6.800000000000001,19.05,2.67,34.27,8
GENVR,Gen Digital Inc.,,,,0,0.0,0.466,0.363,25.8,78.84,0.0,0.0,0.0,0,0.0,20.1,12.76,0.0,0.0,8
OGE,OGE Energy Corp.,Utilities,Utilities - Regulated Electric,utilities-regulated-electric,10079277056,3.09,0.784,0.422,-4.6,45.050000000000004,21.05,18.77,3.23,0,3.5,-33.5,14.44,5.43,9.46,8
RUSHA,"Rush Enterprises, Inc.",Consumer Cyclical,Auto & Truck Dealerships,auto-truck-dealerships,5579915776,0.75,1.401,0.329,-11.799999999999999,19.75,21.8,16.26,0.84,0,1.06,-11.0,3.55,6.4399999999999995,11.97,8
RSI,"Rush Street Interactive, Inc.",Consumer Cyclical,Gambling,gambling,5198078976,4.58,1.935,1.799,27.800000000000004,34.62,72.03,29.98,2.16,0,0.0,172.0,2.94,5.8999999999999995,22.62,8
RRX,Regal Rexnord Corporation,Industrials,Specialty Industrial Machinery,specialty-industrial-machinery,13935483904,2.35,2.145,0.893,4.3,37.56,49.96,15.59,1.4,0,0.67,54.7,4.71,4.2,4.08,8
RNG,"RingCentral, Inc.",Technology,Software - Application,software-application,3182693632,1.27,0.628,0.424,4.8,71.24000000000001,77.44,6.88,0.35,0,0.81,0.0,1.73,15.86,-7.38,8
FROG,JFrog Ltd.,Technology,Software - Application,software-application,5374538240,10.11,2.142,2.023,25.2,76.79,0.0,40.5,1.75,0,0.0,0.0,-13.5,7.32,-8.09,8
FRT,Federal Realty Investment Trust,Real Estate,REIT - Retail,reit-retail,9579168768,7.48,0.371,0.36,7.5,67.92,23.55,34.64,2.22,0,4.07,98.7,32.09,0.02,13.31,8
ELF,"e.l.f. Beauty, Inc.",Consumer Defensive,Household & Personal Products,household-personal-products,4108973312,15.31,3.071,1.813,37.8,60.95,38.93,18.69,3.72,0,0.0,116.7,-0.22999999999999998,16.14,14.73,8
NVST,Envista Holdings Corporation,Healthcare,Medical Instruments & Supplies,medical-instruments-supplies,4486907904,1.65,2.377,1.925,15.0,55.02,97.79,17.56,0.63,0,0.0,3146.1,1.73,6.660000000000001,1.51,8
ENPH,"Enphase Energy, Inc.",Technology,Solar,solar,4217086208,2.86,2.065,1.441,-10.299999999999999,30.44,24.24,11.83,3.16,0,0.0,-36.4,11.690000000000001,21.86,15.84,8
ONBPO,Old National Bancorp,Financial Services,Banks - Regional,banks-regional,0,0.0,0.0,0.0,41.4,0.0,28.19,0.0,0.0,0,6.97,17.2,29.09,0.0,8.1,8
ESI,Element Solutions Inc,Basic Materials,Specialty Chemicals,specialty-chemicals,9302907904,3.65,3.681,2.662,8.3,41.959999999999994,48.34,19.09,1.94,0,0.84,-88.8,7.48,7.28,7.13,8
FR,"First Industrial Realty Trust, Inc.",Real Estate,REIT - Industrial,reit-industrial,8349494784,11.48,0.515,0.504,7.7,73.6,32.67,33.11,2.8,0,3.31,15.2,34.01,4.52,9.26,8
FBK,FB Financial Corporation,Financial Services,Banks - Regional,banks-regional,2831138560,5.08,0.0,0.0,31.900000000000002,0.0,22.33,10.65,3.46,0,1.5,31.0,25.25,4.72,6.29,8
STVN,Stevanato Group S.p.A.,Healthcare,Medical Instruments & Supplies,medical-instruments-supplies,4032264448,3.4,1.76,1.254,4.8,29.18,24.62,17.31,2.29,0,0.45,0.3,11.790000000000001,2.37,9.41,8
SWX,"Southwest Gas Holdings, Inc.",Utilities,Utilities - Regulated Gas,utilities-regulated-gas,6612679680,3.41,1.282,0.923,-13.100000000000001,46.32,28.12,18.6,3.85,0,2.71,-26.3,22.67,2.58,11.1,8
REXR,"Rexford Industrial Realty, Inc.",Real Estate,REIT - Industrial,reit-industrial,8381028352,8.35,1.739,1.305,2.1,77.3,41.03,35.74,1.86,0,5.02,0.0,21.14,5.52,2.55,8
TR,"Tootsie Roll Industries, Inc.",Consumer Defensive,Confectioners,confectioners,3241598976,4.43,3.265,2.344,1.5,35.28,32.42,-22.11,2.82,0,0.81,28.4,13.66,8.43,10.63,8
CRVL,CorVel Corporation,Financial Services,Insurance Brokers,insurance-brokers,2824731904,3.0,1.852,1.326,3.4000000000000004,24.22,27.02,0.0,2.2,0,0.0,2.1999999999999997,11.23,3.46,29.56,8
DLB,"Dolby Laboratories, Inc.",Industrials,Specialty Business Services,specialty-business-services,5917735936,4.42,3.175,2.742,-2.9000000000000004,87.86,25.08,13.37,4.55,0,2.24,-21.4,17.97,8.57,9.72,8
TDS,"Telephone and Data Systems, Inc.",Communication Services,Telecom Services,telecom-services,5178760704,4.22,2.097,1.992,12.0,59.03,116.64,5595.33,1.52,0,0.35,0.0,-0.51,0.11,-0.17,8
DOCN,"DigitalOcean Holdings, Inc.",Technology,Software - Infrastructure,software-infrastructure,7634697216,8.47,0.689,0.603,18.3,59.86,31.66,43.47,2.78,0,0.0,90.10000000000001,28.76,18.77,-903.67,8
TFII,TFI International Inc.,Industrials,Trucking,trucking,10337717248,1.31,1.033,0.955,-7.8,20.07,33.71,19.47,1.41,0,1.48,-16.6,3.94,0.0,11.6,8
EXPO,"Exponent, Inc.",Industrials,Engineering & Construction,engineering-construction,3369882112,6.28,2.402,2.266,4.5,36.28,32.63,24.84,3.82,0,1.82,8.7,19.75,7.71,27.16,8
CSAN,Cosan S.A.,Energy,Oil & Gas Refining & Marketing,oil-gas-refining-marketing,4271658240,0.11,2.578,2.301,26.5,32.6,0.0,17.52,0.05,0,0.0,0.0,-24.05,0.37,-183.29,8
ONBPP,Old National Bancorp,Financial Services,Banks - Regional,banks-regional,0,0.0,0.0,0.0,41.4,0.0,28.19,0.0,0.0,0,7.02,17.2,29.09,0.0,8.1,8
BWA,BorgWarner Inc.,Consumer Cyclical,Auto Parts,auto-parts,11116447744,0.78,2.07,1.612,3.9,18.6,41.95,9.21,0.61,0,1.27,0.0,1.94,3.7800000000000002,5.09,8
BRZE,"Braze, Inc.",Technology,Software - Application,software-application,2326832896,3.15,1.351,1.294,27.900000000000002,67.15,0.0,20.86,0.75,0,0.0,0.0,-17.78,9.13,-21.05,8
PAGP,"Plains GP Holdings, L.P.",Energy,Oil & Gas Midstream,oil-gas-midstream,5442890240,0.12,0.96,0.801,-12.2,6.04,30.34,11.07,0.14,0,6.77,0.0,0.59,7.79,19.33,8
BMA,Banco Macro S.A.,Financial Services,Banks - Regional,banks-regional,5218252800,0.0,0.0,0.0,-3.1,0.0,31.15,8.1,0.0,0,4.54,-26.6,7.12,0.0,8.04,8
BMI,"Badger Meter, Inc.",Technology,Scientific & Technical Instruments,scientific-technical-instruments,4708450816,5.14,3.364,2.245,7.6,41.68,33.61,29.08,2.77,0,0.96,9.6,15.45,14.37,19.86,8
PECO,"Phillips Edison & Company, Inc.",Real Estate,REIT - Retail,reit-retail,5338194944,7.35,1.216,0.912,8.6,71.13000000000001,42.77,53.87,1.94,0,3.4,153.29999999999998,15.32,4.14,4.87,8
COMP,"Compass, Inc.",Real Estate,Real Estate Services,real-estate-services,5290170880,0.76,0.864,0.765,23.1,12.23,0.0,8.23,0.51,0,0.0,0.0,-0.84,6.32,-7.48,8
CNS,"Cohen & Steers, Inc.",Financial Services,Asset Management,asset-management,3406388224,6.13,3.621,3.614,2.9000000000000004,46.53,22.32,17.64,3.18,0,4.04,-24.5,27.55,3.8,27.27,8
USLM,"United States Lime & Minerals, Inc.",Basic Materials,Building Materials,building-materials,3936111872,10.56,19.267,17.733,9.8,55.61000000000001,29.4,22.22,4.23,0,0.17,12.9,36.03,4.96,21.29,8
UE,Urban Edge Properties,Real Estate,REIT - Retail,reit-retail,2971614976,6.3,1.173,0.894,2.7,64.82,28.7,39.13,2.16,0,4.01,-61.199999999999996,19.82,6.329999999999999,7.26,8
CFLT,"Confluent, Inc.",Technology,Software - Infrastructure,software-infrastructure,11133729792,9.54,3.83,3.592,20.5,74.29,0.0,47.63,1.95,0,0.0,0.0,-25.31,9.09,-25.26,8
CHE,Chemed Corporation,Healthcare,Medical Care Facilities,medical-care-facilities,5181335040,2.05,1.054,0.895,-0.1,32.54,20.54,14.14,2.05,0,0.59,-9.1,10.48,4.26,27.08,8
TTEK,"Tetra Tech, Inc.",Industrials,Engineering & Construction,engineering-construction,8186749440,1.84,1.314,1.222,-13.4,21.54,23.43,18.46,2.08,0,0.84,14461.3,7.9,4.77,13.92,8
CIGI,Colliers International Group Inc.,Real Estate,Real Estate Services,real-estate-services,5810893312,1.05,1.101,0.856,7.000000000000001,40.050000000000004,56.27,13.32,0.58,0,0.26,-18.5,1.8599999999999999,0.0,6.72,8
CRGY,Crescent Energy Company,Energy,Oil & Gas E&P,oil-gas-e-p,3993825536,1.12,1.478,0.598,-1.2,55.65,22.56,5.95,1.13,0,3.76,0.0,3.71,13.25,2.58,8
CNK,"Cinemark Holdings, Inc.",Communication Services,Entertainment,entertainment,3557803520,1.14,0.706,0.617,-4.7,48.699999999999996,29.29,12.85,1.2,0,1.19,-15.7,4.44,16.63,34.11,8
CUZ,Cousins Properties Incorporated,Real Estate,REIT - Office,reit-office,3902802432,3.96,0.304,0.246,13.3,68.08999999999999,96.79,77.43,1.1,0,5.54,0.0,4.109999999999999,11.5,0.87,8
CUBE,CubeSmart,Real Estate,REIT - Industrial,reit-industrial,9076928512,8.06,0.092,0.053,5.6000000000000005,71.47,26.76,26.85,2.17,0,5.43,-21.7,29.65,4.09,12.27,8
CR,Crane Company,Industrials,Specialty Industrial Machinery,specialty-industrial-machinery,11178635264,4.85,5.528,2.014,6.800000000000001,42.199999999999996,34.26,25.66,2.61,0,0.49,0.2,15.9,1.41,17.79,8
TREX,"Trex Company, Inc.",Industrials,Building Products & Equipment,building-products-equipment,4289578240,3.65,1.238,0.216,-3.9,39.17,22.69,22.63,3.8,0,0.0,-89.4,16.220000000000002,9.53,18.41,8
CWT,California Water Service Group,Utilities,Utilities - Regulated Water,utilities-regulated-water,2700771328,2.7,0.848,0.518,-1.0,53.6,20.99,16.29,2.73,0,2.74,-42.199999999999996,12.82,2.9899999999999998,7.59,8
CXM,"Sprinklr, Inc.",Technology,Software - Application,software-application,1326446976,1.55,1.603,1.428,8.9,67.4,59.22,9.85,0.46,0,0.0,-90.2,2.67,29.470000000000002,3.86,8
WING,Wingstop Inc.,Consumer Cyclical,Restaurants,restaurants,5444144128,7.81,3.263,2.652,8.6,48.68,31.9,33.99,3.66,0,0.64,4.7,25.009999999999998,16.84,-23.65,8
BL,"BlackLine, Inc.",Technology,Software - Application,software-application,1848196224,2.64,1.474,1.433,8.1,75.25,79.56,11.25,0.6,0,0.0,-90.10000000000001,3.5000000000000004,15.110000000000001,7.38,8
HXL,Hexcel Corporation,Industrials,Aerospace & Defense,aerospace-defense,6447468032,3.4,2.264,1.104,3.6999999999999997,22.96,62.03,28.06,2.53,0,0.82,816.6,5.779999999999999,6.569999999999999,8.75,6
INTA,"Intapp, Inc.",Technology,Software - Application,software-application,1746672512,3.21,1.002,0.92,15.7,74.78,0.0,14.37,0.68,0,0.0,0.0,-4.37,6.660000000000001,-3.5,6
SAIA,"Saia, Inc.",Industrials,Trucking,trucking,10787021824,3.34,1.637,1.449,0.1,23.66,42.53,29.57,2.54,0,0.0,-37.6,7.88,5.71,9.89,6
RYN,Rayonier Inc.,Real Estate,REIT - Specialty,reit-specialty,6471760384,13.36,3.257,3.107,-83.8,32.47,45.3,32.47,24.55,0,5.02,-92.5,97.92,3.1300000000000003,21.47,6
JAZZ,Jazz Pharmaceuticals plc,Healthcare,Biotechnology,biotechnology,12377324544,2.9,1.858,1.459,10.100000000000001,91.67,0.0,8.02,0.22,0,0.0,3.2,-8.35,11.55,-8.25,6
IRT,"Independence Realty Trust, Inc.",Real Estate,REIT - Residential,reit-residential,3818584064,5.71,0.28,0.07,3.5999999999999996,61.1,65.42,92.35,2.14,0,4.38,0.0,8.459999999999999,5.64,1.63,6
ACVA,ACV Auctions Inc.,Consumer Cyclical,Auto & Truck Dealerships,auto-truck-dealerships,811173568,1.07,1.6,1.543,15.1,27.37,0.0,13.96,0.66,0,0.0,0.0,-8.709999999999999,5.96,-15.39,6
WRBY,Warby Parker Inc.,Healthcare,Medical Instruments & Supplies,medical-instruments-supplies,2833441536,3.25,2.348,1.929,11.200000000000001,53.97,2314.0,34.26,1.33,0,0.0,0.0,0.19,10.81,0.45,6
MFICL,MidCap Financial Investment Corporation,,,,0,0.0,3.677,3.668,15.8,100.0,0.0,0.0,0.0,0,0.0,85.9,33.2,0.0,0.0,6
LFST,"LifeStance Health Group, Inc.",Healthcare,Medical Care Facilities,medical-care-facilities,2491918592,1.75,1.652,1.382,17.4,32.37,325.5,17.03,0.98,0,0.0,0.0,0.6799999999999999,9.74,0.64,6
LSTR,"Landstar System, Inc.",Industrials,Integrated Freight & Logistics,integrated-freight-logistics,5774998016,1.21,1.748,1.689,-2.9000000000000004,19.12,51.23,25.26,1.25,0,0.95,-46.5,2.42,5.6899999999999995,14.45,6
MKSI,MKS Inc.,Technology,Scientific & Technical Instruments,scientific-technical-instruments,18456242176,4.7,2.708,1.43,10.6,46.73,62.88,22.56,2.24,0,0.37,18.4,7.5,6.47,10.85,6
SKM,"SK Telecom Co., Ltd.",Communication Services,Telecom Services,telecom-services,14099895296,0.0,1.03,0.609,-4.1000000000000005,70.52000000000001,53.84,16.64,0.0,0,3.88,-65.3,2.39,1.53,10.69,6
LIVN,LivaNova PLC,Healthcare,Medical Devices,medical-devices,3554295040,2.56,1.363,1.054,12.1,68.01,0.0,14.2,0.72,0,0.0,-45.6,-17.47,5.91,-20.21,6
ST,Sensata Technologies Holding plc,Technology,Scientific & Technical Instruments,scientific-technical-instruments,5735754240,1.55,2.573,1.587,1.0999999999999999,29.270000000000003,187.33,9.84,1.08,0,1.22,1021.1,0.8500000000000001,4.99,1.12,6
NOG,"Northern Oil and Gas, Inc.",Energy,Oil & Gas E&P,oil-gas-e-p,2716362752,1.38,1.087,0.709,-17.1,75.88000000000001,69.41,6.26,1.62,0,6.6,0.0,1.97,26.779999999999998,1.82,6
NOV,NOV Inc.,Energy,Oil & Gas Equipment & Services,oil-gas-equipment-services,6888050688,0.79,2.419,1.6,-1.3,21.310000000000002,48.97,15.26,0.8,0,1.6,0.0,1.66,12.950000000000001,2.31,6
MUR,Murphy Oil Corporation,Energy,Oil & Gas E&P,oil-gas-e-p,5395645952,2.01,0.768,0.681,-8.4,75.71,52.28,10.86,2.17,0,3.46,-76.2,3.88,11.1,2.04,6
SPXC,"SPX Technologies, Inc.",Industrials,Building Products & Equipment,building-products-equipment,11280741376,4.98,2.48,1.705,19.400000000000002,40.58,44.34,25.55,2.39,0,0.0,27.1,10.77,3.04,10.91,6
SQM,Sociedad Química y Minera de Chile S.A.,Basic Materials,Specialty Chemicals,specialty-chemicals,25401772032,5.55,3.268,2.129,23.3,29.56,42.55,16.09,3.0,0,1.17,52.300000000000004,12.85,0.0,10.33,6
SRAD,Sportradar Group AG,Technology,Software - Application,software-application,4906878464,3.8,1.167,1.05,20.1,26.3,46.06,19.93,2.24,0,0.0,0.0,7.779999999999999,9.17,10.25,6
NVMI,Nova Ltd.,Technology,Semiconductor Equipment & Materials,semiconductor-equipment-materials,16369184768,18.59,6.283,5.351,14.299999999999999,57.37,64.62,41.23,6.79,0,0.0,22.400000000000002,29.439999999999998,5.17,19.66,6
ESE,ESCO Technologies Inc.,Technology,Scientific & Technical Instruments,scientific-technical-instruments,8241067008,7.04,1.33,0.845,35.0,41.92,66.02,34.63,2.66,0,0.1,21.9,26.009999999999998,1.95,19.42,6
ORA,"Ormat Technologies, Inc.",Utilities,Utilities - Renewable,utilities-renewable,7050246656,7.12,0.81,0.512,19.6,27.560000000000002,56.8,44.14,4.15,0,0.43,-24.4,12.520000000000001,8.82,4.87,6
FN,Fabrinet,Technology,Electronic Components,electronic-components,24422690816,6.27,2.676,1.7,35.9,12.01,65.42,41.84,3.54,0,0.0,30.7,9.69,9.41,16.78,6
ESTC,Elastic N.V.,Technology,Software - Application,software-application,4782871552,2.85,1.818,1.633,17.7,76.07000000000001,0.0,16.04,0.56,0,0.0,0.0,-5.04,5.16,-11.66,6
NXST,"Nexstar Media Group, Inc.",Communication Services,Broadcasting,broadcasting,5886967296,1.19,2.072,1.906,-13.3,55.379999999999995,64.7,10.83,1.35,0,4.04,0.0,2.1999999999999997,8.290000000000001,5.28,6
GNRC,Generac Holdings Inc.,Industrials,Specialty Industrial Machinery,specialty-industrial-machinery,12433393664,2.95,2.026,0.777,-11.600000000000001,38.29,78.76,20.26,3.3,0,0.0,0.0,3.7900000000000005,6.32,6.06,6
GFF,Griffon Corporation,Industrials,Building Products & Equipment,building-products-equipment,3853029120,1.52,2.555,1.08,2.6,41.81,81.9,14.32,0.86,0,1.06,-5.4,1.76,4.8,69.09,6
SYNA,Synaptics Incorporated,Technology,Semiconductors,semiconductors,2992878080,2.62,2.927,2.164,13.200000000000001,43.13,0.0,14.51,1.29,0,0.0,0.0,-5.41,21.12,-3.43,6
RMBS,Rambus Inc.,Technology,Semiconductors,semiconductors,13166240768,18.61,8.201,7.668,18.099999999999998,80.56,57.69,34.65,2.96,0,0.0,1.6,32.57,8.67,16.89,6
ELAN,Elanco Animal Health Incorporated,Healthcare,Drug Manufacturers - Specialty & Generic,drug-manufacturers-specialty-generic,12040038400,2.55,2.165,1.001,12.2,55.00000000000001,0.0,20.63,1.01,0,0.0,0.0,-4.92,8.129999999999999,-3.54,6
EGP,"EastGroup Properties, Inc.",Real Estate,REIT - Industrial,reit-industrial,10487631872,14.57,0.479,0.409,14.299999999999999,73.28,40.14,35.93,3.34,0,3.21,8.7,35.77,4.73,7.36,6
EBC,"Eastern Bankshares, Inc.",Financial Services,Banks - Regional,banks-regional,4649712640,6.68,0.0,0.0,32.800000000000004,0.0,48.07,9.4,4.49,0,2.51,54.1,12.67,3.63,2.03,6
TFSL,TFS Financial Corporation,Financial Services,Banks - Regional,banks-regional,4133735680,12.63,0.0,0.0,11.0,0.0,46.03,41.49,11.24,0,7.66,-0.8,27.74,13.58,4.8,6
EXTR,"Extreme Networks, Inc.",Technology,Communication Equipment,communication-equipment,2353745152,1.93,0.948,0.659,13.8,61.29,292.17,13.71,0.64,0,0.0,5.5,0.75,9.68,-11.39,6
TENB,"Tenable Holdings, Inc.",Technology,Software - Infrastructure,software-infrastructure,2132682112,2.13,0.952,0.838,10.5,78.09,0.0,8.6,0.42,0,0.0,0.0,-3.61,10.89,-11.07,6
RDNT,"RadNet, Inc.",Healthcare,Diagnostics & Research,diagnostics-research,4482876416,2.2,1.759,1.67,14.799999999999999,18.17,0.0,57.19,1.53,0,0.0,0.0,-0.91,12.620000000000001,-1.71,6
DEI,"Douglas Emmett, Inc.",Real Estate,REIT - Office,reit-office,2001207296,1.99,0.38,0.355,1.5,63.349999999999994,109.56,-72.39,0.72,0,7.86,0.0,1.6199999999999999,25.380000000000003,0.85,6
TTMI,"TTM Technologies, Inc.",Technology,Electronic Components,electronic-components,12538025984,4.31,1.928,1.596,19.0,20.7,71.87,26.89,2.77,0,0.0,828.3,6.11,4.78,10.07,6
COCO,"The Vita Coco Company, Inc.",Consumer Defensive,Beverages - Non-Alcoholic,beverages-non-alcoholic,2832988160,4.65,3.62,2.579,0.4,36.5,41.71,25.94,2.94,0,0.0,75.6,11.700000000000001,18.34,21.51,6
BWXT,"BWX Technologies, Inc.",Industrials,Aerospace & Defense,aerospace-defense,21828372480,6.82,2.322,2.15,18.7,22.91,66.37,46.06,4.28,0,0.44,31.1,10.280000000000001,4.109999999999999,26.69,6
U,Unity Software Inc.,Technology,Software - Application,software-application,10188306432,5.51,1.843,1.769,10.100000000000001,74.27,0.0,18.47,1.27,0,0.0,0.0,-21.78,8.57,-12.44,6
OSCR,"Oscar Health, Inc.",Healthcare,Healthcare Plans,healthcare-plans,4552566784,0.39,0.949,0.923,17.299999999999997,14.38,0.0,11.36,0.28,0,0.0,0.0,-3.7900000000000005,11.06,-45.33,6
PAR,PAR Technology Corporation,Technology,Software - Application,software-application,545243904,1.2,1.655,1.174,14.399999999999999,44.25,0.0,11.88,0.57,0,0.0,0.0,-18.54,30.55,-10.24,6
CLSK,"CleanSpark, Inc.",Financial Services,Capital Markets,capital-markets,2882335488,3.67,10.542,3.284,11.600000000000001,53.080000000000005,0.0,-18.33,1.52,0,0.0,0.0,-33.25,46.36,16.76,6
BILI,Bilibili Inc.,Communication Services,Internet Content & Information,internet-content-information,10415591424,0.34,1.355,1.251,7.6,36.620000000000005,96.15,18.14,0.2,0,0.0,429.5,3.93,4.9399999999999995,-9.55,6
POWL,"Powell Industries, Inc.",Industrials,Electrical Equipment & Parts,electrical-equipment-parts,8539181568,7.66,2.291,2.022,4.0,30.18,45.7,37.6,5.14,0,0.15,18.9,16.82,40.760000000000005,28.21,6
WK,Workiva Inc.,Technology,Software - Application,software-application,3132725248,3.54,1.567,1.444,19.5,78.47,0.0,16.42,0.61,0,0.0,0.0,-2.96,10.05,481.4,6
ATS,ATS Corporation,Industrials,Specialty Industrial Machinery,specialty-industrial-machinery,3062671104,1.09,1.652,1.301,16.7,26.05,225.64,20.44,0.67,0,0.0,358.0,0.67,0.0,-1.64,6
BC,Brunswick Corporation,Consumer Cyclical,Recreational Vehicles,recreational-vehicles,5129596416,0.96,1.444,0.546,15.5,25.8,0.0,15.06,0.6,0,2.26,0.0,-2.56,0.01,-8.45,6
BILL,"BILL Holdings, Inc.",Technology,Software - Application,software-application,3705797120,2.39,1.654,0.687,14.399999999999999,83.56,0.0,13.75,0.34,0,0.0,0.0,-1.5599999999999998,16.98,0.61,6
PRCT,PROCEPT BioRobotics Corporation,Healthcare,Medical Devices,medical-devices,1386634880,4.5,6.845,5.624,11.899999999999999,63.7,0.0,-27.85,1.44,0,0.0,0.0,-31.019999999999996,13.639999999999999,-26.12,6
AKR,Acadia Realty Trust,Real Estate,REIT - Retail,reit-retail,2971851264,7.37,0.786,0.305,15.0,69.38,209.7,77.67,1.92,0,3.86,-44.1,4.19,31.85,0.76,6
AGX,"Argan, Inc.",Industrials,Engineering & Construction,engineering-construction,8422105600,8.92,1.592,1.558,12.7,20.31,61.94,40.47,6.2,0,0.33,55.800000000000004,14.580000000000002,5.96,29.8,6
AMBA,"Ambarella, Inc.",Technology,Semiconductor Equipment & Materials,semiconductor-equipment-materials,2460935168,6.3,2.306,1.977,20.1,59.19,0.0,51.74,2.05,0,0.0,0.0,-19.42,6.13,-12.75,6
AMBP,Ardagh Metal Packaging S.A.,Consumer Cyclical,Packaging & Containers,packaging-containers,2444591360,0.44,1.064,0.743,12.6,12.68,0.0,14.08,0.34,0,9.64,0.0,0.2,3.5999999999999996,-1.61,6
AMTM,"Amentum Holdings, Inc.",Industrials,Specialty Business Services,specialty-business-services,6703338496,0.47,1.418,1.328,-5.2,10.639999999999999,68.7,9.97,0.5,0,0.0,264.5,0.69,7.42,1.47,6
PVH,PVH Corp.,Consumer Cyclical,Apparel Manufacturing,apparel-manufacturing,4231172608,0.47,1.517,0.724,5.6000000000000005,57.52,169.1,6.4,0.19,0,0.17,0.0,0.27999999999999997,9.85,0.53,6
AAP,"Advance Auto Parts, Inc.",Consumer Cyclical,Auto Parts,auto-parts,3379038720,0.39,1.746,0.839,-1.2,43.87,49.57,14.27,0.4,0,1.79,0.0,0.51,28.38,2.0,6
YOU,"Clear Secure, Inc.",Technology,Software - Application,software-application,6516758528,7.23,1.006,0.924,16.7,64.42,43.21,17.24,2.14,0,1.24,-71.39999999999999,12.120000000000001,19.220000000000002,61.42,6
ZWS,Zurn Elkay Water Solutions Corporation,Industrials,Pollution & Treatment Controls,pollution-treatment-controls,8268212224,4.88,3.129,1.922,9.8,45.1,44.06,27.09,2.41,0,0.89,14.7,11.68,4.08,12.35,6
ASAN,"Asana, Inc.",Technology,Software - Application,software-application,1307103360,1.65,1.184,1.086,9.2,89.03,0.0,11.98,0.16,0,0.0,0.0,-23.9,30.17,-122.65,4
PII,Polaris Inc.,Consumer Cyclical,Recreational Vehicles,recreational-vehicles,3259146496,0.45,0.984,0.168,9.0,20.080000000000002,0.0,18.6,0.33,0,4.73,0.0,-6.43,19.939999999999998,-56.19,4
PENN,"PENN Entertainment, Inc.",Consumer Cyclical,Resorts & Casinos,resorts-casinos,2084657280,0.3,0.79,0.633,8.200000000000001,33.79,0.0,10.51,0.18,0,0.0,0.0,-12.11,16.59,-45.97,4
REGCP,Regency Centers Corporation,Real Estate,REIT - Retail,reit-retail,0,0.0,0.618,0.549,8.9,71.61999999999999,0.0,0.0,0.0,0,6.68,141.9,32.74,0.0,7.89,4
REGCO,Regency Centers Corporation,Real Estate,REIT - Retail,reit-retail,0,0.0,0.618,0.549,8.9,71.61999999999999,0.0,0.0,0.0,0,6.48,141.9,32.74,0.0,7.89,4
POWI,"Power Integrations, Inc.",Technology,Semiconductors,semiconductors,2998881024,6.76,6.514,3.838,-1.9,54.49,138.54,29.34,6.89,0,1.61,44.7,4.9799999999999995,12.19,3.28,4
W,Wayfair Inc.,Consumer Cyclical,Internet Retail,internet-retail,9770052608,0.78,0.94,0.837,6.9,30.220000000000002,0.0,20.48,0.51,0,0.0,0.0,-2.5100000000000002,23.25,11.25,4
VTRS,Viatris Inc.,Healthcare,Drug Manufacturers - Specialty & Generic,drug-manufacturers-specialty-generic,16197094400,1.13,1.38,0.685,5.0,39.550000000000004,0.0,5.21,0.65,0,3.47,0.0,-24.58,2.81,-23.89,4
VSEC,VSE Corporation,Industrials,Aerospace & Defense,aerospace-defense,6237555200,5.61,3.761,1.27,32.4,14.219999999999999,88.58,38.19,3.25,0,0.19,-7.000000000000001,1.05,8.18,0.81,4
VRNS,"Varonis Systems, Inc.",Technology,Software - Infrastructure,software-infrastructure,2565445632,4.11,1.971,1.837,9.4,78.83,0.0,52.46,0.79,0,0.0,0.0,-20.74,5.81,-21.6,4
BLCO,Bausch + Lomb Corporation,Healthcare,Medical Instruments & Supplies,medical-instruments-supplies,5955153408,1.17,1.551,0.836,9.8,59.809999999999995,0.0,15.86,0.42,0,0.0,0.0,-7.06,8.39,-5.58,4
BIPC,Brookfield Infrastructure Corporation,Utilities,Utilities - Regulated Gas,utilities-regulated-gas,5218195968,1.42,0.384,0.378,1.3,63.629999999999995,0.0,3.72,0.51,0,4.31,0.0,-6.569999999999999,0.0,18.55,4
VERX,"Vertex, Inc.",Technology,Software - Application,software-application,1831506432,2.45,0.976,0.866,9.1,64.35,286.25,13.01,0.79,0,0.0,0.0,0.96,12.809999999999999,2.79,4
BWIN,"The Baldwin Insurance Group, Inc.",Financial Services,Insurance Brokers,insurance-brokers,2152043776,1.43,1.162,0.932,5.3,30.2,0.0,8.85,0.95,0,0.0,0.0,-2.25,10.76,-5.63,4
CAVA,"CAVA Group, Inc.",Consumer Cyclical,Restaurants,restaurants,10262192128,8.7,2.65,2.533,20.9,37.419999999999995,157.46,122.83,4.31,0,0.0,-94.0,5.4,14.57,8.18,4
CAMT,Camtek Ltd.,Technology,Semiconductor Equipment & Materials,semiconductor-equipment-materials,8413195776,16.96,8.35,7.265,9.2,51.21,175.48,41.46,7.51,0,0.0,5.4,10.22,11.540000000000001,8.22,4
CGNX,Cognex Corporation,Technology,Scientific & Technical Instruments,scientific-technical-instruments,9282630656,9.34,3.799,2.749,9.9,66.92,81.74,36.08,2.78,0,0.61,18.0,11.51,2.68,7.67,4
RIG,Transocean Ltd.,Energy,Oil & Gas Drilling,oil-gas-drilling,6828651008,1.72,1.558,0.868,9.6,39.32,0.0,47.93,0.94,0,0.0,0.0,-73.52,19.93,-35.95,4
RGEN,Repligen Corporation,Healthcare,Medical Instruments & Supplies,medical-instruments-supplies,7389996544,10.01,8.374,6.819,18.099999999999998,52.65,152.36,52.77,3.88,0,0.0,0.0,6.619999999999999,10.38,2.32,4
REZI,"Resideo Technologies, Inc.",Industrials,Industrial Distribution,industrial-distribution,5940985856,0.8,1.913,0.989,2.0,29.39,0.0,12.55,0.55,0,0.0,928.2,-7.049999999999999,4.29,-21.64,4
PK,Park Hotels & Resorts Inc.,Real Estate,REIT - Hotel & Motel,reit-hotel-motel,2314067968,0.91,0.27,0.207,0.6,30.14,0.0,20.97,0.63,0,8.94,0.0,-11.12,25.75,-9.04,4
CHRD,Chord Energy Corporation,Energy,Oil & Gas E&P,oil-gas-e-p,7341212672,1.6,1.06,0.9,-19.400000000000002,50.96000000000001,174.53,8.95,1.91,0,3.86,-56.89999999999999,0.97,9.99,0.55,4
CNXC,Concentrix Corporation,Technology,Information Technology Services,information-technology-services,1735457920,0.17,1.181,0.878,5.4,34.449999999999996,0.0,2.2,0.11,0,5.17,-68.4,-13.34,20.75,-46.6,4
TSEM,Tower Semiconductor Ltd.,Technology,Semiconductors,semiconductors,25476739072,16.27,6.482,5.425,13.700000000000001,23.23,107.59,44.67,10.78,0,0.0,42.6,14.08,1.91,,4
COTY,Coty Inc.,Consumer Defensive,Household & Personal Products,household-personal-products,2006414464,0.35,0.791,0.397,0.5,63.68000000000001,0.0,6.13,0.12,0,0.0,0.0,-9.13,10.489999999999998,-10.38,4
CVI,"CVR Energy, Inc.",Energy,Oil & Gas Refining & Marketing,oil-gas-refining-marketing,3028986880,0.42,1.795,1.057,-7.000000000000001,10.33,111.59,23.16,0.45,0,4.73,0.0,0.38,21.08,3.7,4
DAN,Dana Incorporated,Consumer Cyclical,Auto Parts,auto-parts,4009767936,0.53,1.169,0.494,5.2,8.03,0.0,9.9,0.47,0,1.31,0.0,1.13,5.2,10.12,4
CZR,"Caesars Entertainment, Inc.",Consumer Cyclical,Resorts & Casinos,resorts-casinos,5421106688,0.47,0.8,0.605,4.2,50.0,0.0,22.65,0.23,0,0.0,0.0,-4.37,15.09,-14.33,4
CWST,"Casella Waste Systems, Inc.",Industrials,Waste Management,waste-management,5299672576,2.89,1.256,1.034,9.700000000000001,33.77,695.33,48.89,1.73,0,0.0,0.0,0.43,6.61,0.5,4
DRVN,Driven Brands Holdings Inc.,Consumer Cyclical,Auto & Truck Dealerships,auto-truck-dealerships,2192174848,0.9,0.903,0.565,6.6000000000000005,41.85,0.0,9.94,0.49,0,0.0,0.0,-8.12,19.98,-48.16,4
TFX,Teleflex Incorporated,Healthcare,Medical Instruments & Supplies,medical-instruments-supplies,5542468608,2.78,2.544,0.985,0.0,56.379999999999995,95.58,12.08,0.0,0,1.09,0.0,-45.45,9.53,-28.98,4
TECH,Bio-Techne Corporation,Healthcare,Biotechnology,biotechnology,9177549824,7.55,4.539,2.593,-0.4,66.60000000000001,110.68,27.11,7.58,0,0.55,9.1,6.67,9.01,3.83,4
ENLT,Enlight Renewable Energy Ltd,Utilities,Utilities - Renewable,utilities-renewable,11273316352,23.07,0.673,0.4,33.0,73.78,80.99,83.75,4.05,0,0.0,162.4,27.04,0.22999999999999998,7.83,4
FORM,"FormFactor, Inc.",Technology,Semiconductor Equipment & Materials,semiconductor-equipment-materials,9999995904,12.74,4.497,3.253,13.600000000000001,39.18,185.91,57.5,6.69,0,0.0,131.8,6.93,4.66,5.25,4
ONTO,Onto Innovation Inc.,Technology,Semiconductor Equipment & Materials,semiconductor-equipment-materials,13001639936,12.93,5.792,4.15,1.0999999999999999,54.59,94.1,31.97,5.81,0,0.0,-78.2,13.600000000000001,3.42,6.51,4
GXO,"GXO Logistics, Inc.",Industrials,Integrated Freight & Logistics,integrated-freight-logistics,6513436672,0.49,0.849,0.753,7.9,15.09,202.79,16.38,0.39,0,0.0,-55.50000000000001,0.24,5.08,1.07,4
IEP,Icahn Enterprises L.P.,Energy,Oil & Gas Refining & Marketing,oil-gas-refining-marketing,4906512896,0.52,1.888,1.024,5.8999999999999995,8.84,0.0,9.51,0.45,0,26.09,0.0,-3.11,15.879999999999999,-15.4,4
IPGP,IPG Photonics Corporation,Technology,Semiconductor Equipment & Materials,semiconductor-equipment-materials,5290567168,5.27,6.082,4.378,17.1,38.0,175.56,48.31,2.71,0,0.0,69.3,3.1,15.290000000000001,1.46,4
IVZ,Invesco Ltd.,Financial Services,Asset Management,asset-management,10983430144,1.72,0.787,0.787,6.2,28.57,0.0,8.51,1.15,0,3.4,0.0,-4.42,5.79,-2.9,4
KNX,Knight-Swift Transportation Holdings Inc.,Industrials,Trucking,trucking,10070762496,1.35,0.861,0.564,-0.4,24.16,151.2,20.62,1.35,0,1.29,0.0,0.88,4.83,0.93,4
LBTYK,Liberty Global Ltd.,Communication Services,Telecom Services,telecom-services,4030395136,0.83,1.075,0.939,9.6,65.75999999999999,0.0,-3.6,0.26,0,0.0,0.0,-146.32,5.81,-73.32,4
LBTYB,Liberty Global Ltd.,Communication Services,Telecom Services,telecom-services,4941673472,1.01,1.075,0.939,9.6,65.75999999999999,0.0,0.0,0.31,0,0.0,0.0,-146.32,0.4,-73.32,4
LBTYA,Liberty Global Ltd.,Communication Services,Telecom Services,telecom-services,4181158144,0.86,1.075,0.939,9.6,65.75999999999999,0.0,-8.3,0.27,0,0.0,0.0,-146.32,6.05,-73.32,4
SLNO,"Soleno Therapeutics, Inc.",Healthcare,Biotechnology,biotechnology,2721408768,14.29,5.799,5.438,0.0,98.58,134.92,-23.18,0.0,0,0.0,0.0,10.97,20.72,4.64,4
LOAR,Loar Holdings Inc.,Industrials,Aerospace & Defense,aerospace-defense,6286883328,12.67,4.7,2.808,19.3,53.42,88.36,63.53,4.76,0,0.0,219.4,14.540000000000001,48.14,6.14,4
MAN,ManpowerGroup Inc.,Industrials,Staffing & Employment Services,staffing-employment-services,1358892416,0.08,1.106,1.078,7.1,16.689999999999998,0.0,6.08,0.06,0,4.93,33.800000000000004,-0.06999999999999999,17.18,-0.65,4
SGRY,"Surgery Partners, Inc.",Healthcare,Medical Care Facilities,medical-care-facilities,1695399936,0.51,1.87,1.368,2.4,23.119999999999997,0.0,34.03,0.38,0,0.0,0.0,-2.35,21.759999999999998,-4.55,4
MIR,"Mirion Technologies, Inc.",Industrials,Specialty Industrial Machinery,specialty-industrial-machinery,4960702464,5.36,2.827,2.244,9.1,47.43,179.64,29.51,2.56,0,0.0,2.4,3.11,13.900000000000002,1.54,4
MOD,Modine Manufacturing Company,Consumer Cyclical,Auto Parts,auto-parts,13375795200,4.65,2.187,1.157,30.5,23.849999999999998,138.61,34.39,2.46,0,0.0,0.0,3.4000000000000004,7.93,20.22,4
NCNO,"nCino, Inc.",Technology,Software - Application,software-application,2023283072,3.4,0.997,0.866,5.8999999999999995,60.760000000000005,349.4,12.54,1.26,0,0.0,0.0,0.8699999999999999,12.82,0.49,4
MTSI,"MACOM Technology Solutions Holdings, Inc.",Technology,Semiconductors,semiconductors,19797159936,19.39,3.96,3.049,24.5,55.22,118.88,47.34,6.56,0,0.0,0.0,15.879999999999999,4.54,-4.08,4
NSP,"Insperity, Inc.",Industrials,Staffing & Employment Services,staffing-employment-services,1053087808,0.15,1.063,0.935,3.4000000000000004,13.209999999999999,0.0,8.92,0.13,0,8.7,0.0,-0.1,15.9,-15.22,4
NPO,Enpro Inc.,Industrials,Specialty Industrial Machinery,specialty-industrial-machinery,5910131712,5.17,2.32,1.318,14.299999999999999,42.83,144.87,27.59,2.53,0,0.45,0.0,3.54,2.48,2.62,4
NOVT,Novanta Inc.,Technology,Scientific & Technical Instruments,scientific-technical-instruments,4597853696,4.69,3.685,2.664,8.5,44.39,87.65,31.84,2.39,0,0.0,0.6,5.489999999999999,14.91,4.1,4
AHR,"American Healthcare REIT, Inc.",Real Estate,REIT - Healthcare Facilities,reit-healthcare-facilities,9367101440,4.15,0.938,0.721,11.899999999999999,18.3,116.24,49.99,2.99,0,2.05,0.0,3.09,8.44,2.1,4
AEIS,"Advanced Energy Industries, Inc.",Industrials,Electrical Equipment & Parts,electrical-equipment-parts,14668391424,8.15,1.588,1.127,17.8,38.48,99.67,35.88,4.12,0,0.11,1.0,8.25,8.39,10.89,4
QDEL,QuidelOrtho Corporation,Healthcare,Medical Devices,medical-devices,1179176192,0.43,1.498,0.768,2.1999999999999997,46.81,0.0,5.81,0.22,0,0.0,0.0,-41.46,26.790000000000003,-58.93,4
XRAY,DENTSPLY SIRONA Inc.,Healthcare,Medical Instruments & Supplies,medical-instruments-supplies,2440936960,0.66,1.506,0.812,6.2,50.0,0.0,7.86,0.31,0,5.04,0.0,-16.25,9.54,-44.66,4
ACHC,"Acadia Healthcare Company, Inc.",Healthcare,Medical Care Facilities,medical-care-facilities,2449144832,0.74,1.55,1.292,6.1,41.48,0.0,15.85,0.41,0,0.0,0.0,-33.29,42.08,-56.58,4
ACHR,Archer Aviation Inc.,Industrials,Aerospace & Defense,aerospace-defense,4251730432,14172.43,19.886,18.883,0.0,0.0,0.0,-5.44,0.0,0,0.0,0.0,0.0,15.2,-28.06,2
ACLX,"Arcellx, Inc.",Healthcare,Biotechnology,biotechnology,6718745600,301.48,4.435,4.322,-89.2,0.0,0.0,-66.32,570.4,0,0.0,0.0,0.0,10.91,-56.9,2
X,unknown,unknown,unknown,unknown,0,0.0,0.0,0.0,0.0,0.0,0.0,0.0,0.0,0,0.0,0.0,0.0,0.0,0.0,2
XENE,Xenon Pharmaceuticals Inc.,Healthcare,Biotechnology,biotechnology,5663601664,755.15,13.415,13.167,0.0,0.0,0.0,-12.54,0.0,0,0.0,0.0,0.0,6.23,-59.46,2
ZK,unknown,unknown,unknown,unknown,0,0.0,0.0,0.0,0.0,0.0,0.0,0.0,0.0,0,0.0,0.0,0.0,0.0,0.0,2
ZLAB,Zai Lab Limited,Healthcare,Biotechnology,biotechnology,2480116480,5.39,2.449,1.941,17.0,10.47,0.0,-15.73,4.01,0,0.0,0.0,-38.15,4.9399999999999995,-24.53,2
PRS,unknown,unknown,unknown,unknown,0,0.0,0.0,0.0,0.0,0.0,0.0,0.0,0.0,0,0.0,0.0,0.0,0.0,0.0,2
PSNY,Polestar Automotive Holding UK PLC,Consumer Cyclical,Auto Manufacturers,auto-manufacturers,1906105856,0.75,0.426,0.215,26.1,-32.68,0.0,-1.79,0.73,0,0.0,0.0,-105.95000000000002,0.0,61.59,2
PTEN,"Patterson-UTI Energy, Inc.",Energy,Oil & Gas Drilling,oil-gas-drilling,3750602240,0.78,1.642,1.383,-1.0,24.240000000000002,0.0,-46.35,0.78,0,3.79,0.0,-1.94,11.459999999999999,-2.91,2
PTGX,"Protagonist Therapeutics, Inc.",Healthcare,Biotechnology,biotechnology,6682049024,145.21,12.71,12.585,-95.6,100.0,0.0,-241.16,284.03,0,0.0,0.0,-282.83,15.07,-21.17,2
PTON,"Peloton Interactive, Inc.",Consumer Cyclical,Leisure,leisure,2029582976,0.83,1.983,1.624,-2.6,51.72,0.0,20.52,0.85,0,0.0,0.0,-2.09,15.98,28.74,2
QBTS,D-Wave Quantum Inc.,Technology,Computer Hardware,computer-hardware,6277435392,255.32,42.379,42.045,19.2,82.59,0.0,-45.96,35.92,0,0.0,0.0,0.0,16.41,-41.66,2
PONY,Pony AI Inc.,Technology,Information Technology Services,information-technology-services,4491490304,49.9,13.672,13.125,-18.0,15.73,0.0,-17.0,58.89,0,0.0,0.0,-148.85,10.36,,2
AMED,unknown,unknown,unknown,unknown,0,0.0,0.0,0.0,0.0,0.0,0.0,0.0,0.0,0,0.0,0.0,0.0,0.0,0.0,2
APGE,"Apogee Therapeutics, Inc.",Healthcare,Biotechnology,biotechnology,6599654912,0.0,26.566,26.38,0.0,0.0,0.0,-16.23,0.0,0,0.0,0.0,0.0,23.200000000000003,-28.3,2
APLS,"Apellis Pharmaceuticals, Inc.",Healthcare,Biotechnology,biotechnology,5222330368,5.2,3.136,2.586,-5.8999999999999995,60.34,226.94,-167.25,5.51,0,0.0,0.0,2.23,23.54,6.05,2
AKRO,unknown,unknown,unknown,unknown,0,0.0,0.0,0.0,0.0,0.0,0.0,0.0,0.0,0,0.0,0.0,0.0,0.0,0.0,2
ALB,Albemarle Corporation,Basic Materials,Specialty Chemicals,specialty-chemicals,22382004224,4.35,2.229,1.325,15.9,13.100000000000001,0.0,21.54,3.18,0,0.87,0.0,-9.93,0.04,-7.0,2
ALE,unknown,unknown,unknown,unknown,0,0.0,0.0,0.0,0.0,0.0,0.0,0.0,0.0,0,0.0,0.0,0.0,0.0,0.0,2
ALGM,"Allegro MicroSystems, Inc.",Technology,Semiconductors,semiconductors,7091081216,8.44,3.652,1.806,28.9,45.129999999999995,0.0,39.62,3.29,0,0.0,0.0,-1.5699999999999998,11.559999999999999,-7.85,2
ALIT,"Alight, Inc.",Technology,Software - Application,software-application,337017056,0.15,1.307,0.864,-4.0,38.73,0.0,1.79,0.15,0,16.84,0.0,-136.91,10.51,-296.65,2
AI,"C3.ai, Inc.",Technology,Software - Infrastructure,software-infrastructure,1220446208,3.97,6.581,6.268,-46.1,43.45,0.0,-10.0,5.8,0,0.0,0.0,-141.35,31.8,-34.44,2
MP,MP Materials Corp.,Basic Materials,Other Industrial Metals & Mining,other-industrial-metals-mining,10191005696,37.0,7.301,6.664,70.0,30.009999999999998,0.0,45.78,7.77,0,0.0,0.0,-31.180000000000003,15.85,-4.34,2
WLK,Westlake Corporation,Basic Materials,Specialty Chemicals,specialty-chemicals,15104885760,1.35,2.244,1.6,-10.9,7.28,0.0,29.84,1.5,0,1.76,0.0,-13.5,13.56,-17.15,2
WNS,unknown,unknown,unknown,unknown,0,0.0,0.0,0.0,0.0,0.0,0.0,0.0,0.0,0,0.0,0.0,0.0,0.0,0.0,2
WPP,WPP plc,Communication Services,Advertising Agencies,advertising-agencies,3748951296,0.28,0.888,0.874,-8.3,15.840000000000002,0.0,5.36,0.3,0,5.84,0.0,-1.59,1.76,-8.46,2
WSBCP,unknown,unknown,unknown,unknown,0,0.0,0.0,0.0,0.0,0.0,0.0,0.0,0.0,0,0.0,0.0,0.0,0.0,0.0,2
MTSR,"Metsera, Inc.",Healthcare,Biotechnology,biotechnology,7429021696,0.0,4.253,4.134,0.0,0.0,0.0,-20.58,0.0,0,0.0,0.0,0.0,9.6,0.0,2
NAMS,NewAmsterdam Pharma Company N.V.,Healthcare,Biotechnology,biotechnology,3959753472,175.97,7.876,7.686,-99.8,100.0,0.0,-25.23,351.58,0,0.0,0.0,0.0,7.8,-29.82,2
NAN,Nuveen New York Quality Municipal Income Fund,Financial Services,Asset Management,asset-management,356689856,12.39,0.247,0.247,0.0,100.0,0.0,0.0,0.0,0,7.52,0.0,-80.39,0.37,-6.85,2
MSGS,Madison Square Garden Sports Corp.,Communication Services,Entertainment,entertainment,8177314816,7.63,0.467,0.314,12.8,32.78,0.0,1622.45,4.48,0,0.0,644.9,-1.55,4.82,7.97,2
MPW,unknown,unknown,unknown,unknown,0,0.0,0.0,0.0,0.0,0.0,0.0,0.0,0.0,0,0.0,0.0,0.0,0.0,0.0,2
MRCY,"Mercury Systems, Inc.",Industrials,Aerospace & Defense,aerospace-defense,5046630400,5.35,2.956,1.866,4.3999999999999995,28.16,0.0,56.09,3.68,0,0.0,0.0,-3.2300000000000004,7.79,-2.57,2
MRUS,unknown,unknown,unknown,unknown,0,0.0,0.0,0.0,0.0,0.0,0.0,0.0,0.0,0,0.0,0.0,0.0,0.0,0.0,2
SAND          ,unknown,unknown,unknown,unknown,0,0.0,0.0,0.0,0.0,0.0,0.0,0.0,0.0,0,0.0,0.0,0.0,0.0,0.0,2
RXO,"RXO, Inc.",Industrials,Trucking,trucking,2674910208,0.47,1.269,1.223,-11.899999999999999,16.39,0.0,42.7,0.52,0,0.0,0.0,-1.7399999999999998,24.27,-6.49,2
SATS,EchoStar Corporation,Communication Services,Telecom Services,telecom-services,37689634816,2.51,0.415,0.344,-4.3,25.82,0.0,-88.81,2.62,0,0.0,0.0,-96.61999999999999,27.21,-251.43,2
MLTX,MoonLake Immunotherapeutics,Healthcare,Biotechnology,biotechnology,1347049472,0.0,9.272,8.77,0.0,0.0,0.0,-5.18,0.0,0,0.0,0.0,0.0,20.02,-74.66,2
SNDK,Sandisk Corporation,Technology,Computer Hardware,computer-hardware,139403214848,15.61,3.114,1.729,61.199999999999996,34.81,0.0,9.63,3.95,0,0.0,618.0,-11.66,8.58,-17.81,2
MANU,Manchester United plc,Communication Services,Entertainment,entertainment,3090023680,4.71,0.322,0.274,-4.2,87.5,0.0,220.99,4.91,0,0.0,0.0,-1.38,9.45,-17.05,2
MARA,"MARA Holdings, Inc.",Financial Services,Capital Markets,capital-markets,3988660992,4.4,1.273,1.084,-5.6000000000000005,48.04,0.0,-8.63,4.64,0,0.0,0.0,-144.57999999999998,38.58,-37.78,2
MFAN,unknown,unknown,unknown,unknown,0,0.0,0.0,0.0,0.0,0.0,0.0,0.0,0.0,0,0.0,0.0,0.0,0.0,0.0,2
MFAO,unknown,unknown,unknown,unknown,0,0.0,0.0,0.0,0.0,0.0,0.0,0.0,0.0,0,0.0,0.0,0.0,0.0,0.0,2
SFB,unknown,unknown,unknown,unknown,0,0.0,0.0,0.0,0.0,0.0,0.0,0.0,0.0,0,0.0,0.0,0.0,0.0,0.0,2
SFNC,Simmons First National Corporation,Financial Services,Banks - Regional,banks-regional,2983859712,79.76,0.0,0.0,19.8,0.0,0.0,9.65,63.97,0,4.17,42.8,0.0,5.01,-11.63,2
SID,Companhia Siderúrgica Nacional,Basic Materials,Steel,steel,1795174656,0.04,1.08,0.668,-5.2,26.14,0.0,-9.31,0.04,0,14.52,0.0,-4.47,1.02,-15.55,2
LSCC,Lattice Semiconductor Corporation,Technology,Semiconductors,semiconductors,15166500864,28.98,3.092,2.072,24.2,68.21000000000001,5540.5,54.94,6.98,0,0.0,0.0,0.59,8.48,0.43,2
LU,Lufax Holding Ltd,Financial Services,Credit Services,credit-services,1840013440,0.06,19.427,17.424,-31.1,56.98,0.0,3.33,0.09,0,0.0,0.0,-13.65,0.0,-4.73,2
LUMN,"Lumen Technologies, Inc.",Communication Services,Telecom Services,telecom-services,8000020992,0.65,1.802,0.638,-8.7,46.48,0.0,-27.06,0.7,0,0.0,0.0,-14.02,7.02,155.68,2
LUNR,"Intuitive Machines, Inc.",Industrials,Aerospace & Defense,aerospace-defense,3772348416,17.96,4.957,4.863,-18.099999999999998,4.279999999999999,0.0,110.09,21.21,0,0.0,0.0,-39.65,20.27,11.03,2
LZMH,LZ Technology Holdings Limited,Technology,Information Technology Services,information-technology-services,180963312,0.23,1.127,1.041,-7.8,3.6999999999999997,0.0,0.0,0.25,0,0.0,0.0,-4.9799999999999995,0.37,8.51,2
MAC,The Macerich Company,Real Estate,REIT - Retail,reit-retail,5781550592,5.55,0.451,0.371,-17.4,56.04,0.0,8584.0,6.52,0,3.17,0.0,-18.94,7.6899999999999995,-8.05,2
LFUS,"Littelfuse, Inc.",Technology,Electronic Components,electronic-components,9753841664,4.09,2.694,1.742,12.2,38.019999999999996,0.0,25.53,2.22,0,0.78,0.0,-3.01,3.1199999999999997,-2.96,2
LITE,Lumentum Holdings Inc.,Technology,Communication Equipment,communication-equipment,60889202688,28.92,0.606,0.408,65.5,37.12,250.09,53.84,6.27,0,0.0,0.0,11.95,17.98,2.28,2
LLYVA,"Liberty Live Holdings, Inc.",Communication Services,Entertainment,entertainment,9210438656,24.11,0.332,0.304,28.999999999999996,19.25,0.0,52.81,13.83,0,0.0,0.0,-22.770000000000003,4.590000000000001,177.19,2
LLYVK,"Liberty Live Holdings, Inc.",Communication Services,Entertainment,entertainment,9285098496,24.31,0.332,0.304,28.999999999999996,19.25,0.0,78.91,13.94,0,0.0,0.0,-22.770000000000003,2.92,177.19,2
LNW,unknown,unknown,unknown,unknown,0,0.0,0.0,0.0,0.0,0.0,0.0,0.0,0.0,0,0.0,0.0,0.0,0.0,0.0,2
SITM,SiTime Corporation,Technology,Semiconductors,semiconductors,11730814976,35.91,11.3,10.159,66.3,53.56999999999999,0.0,68.35,5.62,0,0.0,0.0,-13.13,7.33,-3.71,2
SKX,unknown,unknown,unknown,unknown,0,0.0,0.0,0.0,0.0,0.0,0.0,0.0,0.0,0,0.0,0.0,0.0,0.0,0.0,2
SLAB,Silicon Laboratories Inc.,Technology,Semiconductors,semiconductors,6958313984,8.87,4.688,3.699,25.2,58.230000000000004,0.0,50.93,2.77,0,0.0,0.0,-8.27,6.59,-5.93,2
SLG,SL Green Realty Corp.,Real Estate,REIT - Office,reit-office,3086462976,3.26,4.536,1.496,0.0,52.42,0.0,-22.48,0.0,0,6.85,0.0,-9.32,23.41,-2.56,2
KTOS,"Kratos Defense & Security Solutions, Inc.",Industrials,Aerospace & Defense,aerospace-defense,13798995968,10.25,4.061,3.273,21.9,22.86,566.62,68.51,6.17,0,0.0,18.6,1.63,4.9799999999999995,1.1,2
LANC,unknown,unknown,unknown,unknown,0,0.0,0.0,0.0,0.0,0.0,0.0,0.0,0.0,0,0.0,0.0,0.0,0.0,0.0,2
LCID,"Lucid Group, Inc.",Consumer Cyclical,Auto Manufacturers,auto-manufacturers,2905273344,2.15,1.252,0.69,122.9,-92.80000000000001,0.0,-2.03,-0.95,0,0.0,0.0,-199.3,41.83,-376.15,2
KRMN,Karman Holdings Inc.,Industrials,Aerospace & Defense,aerospace-defense,11951221760,25.35,3.286,3.034,47.4,40.300000000000004,693.69,92.18,7.96,0,0.0,482.9,3.6799999999999997,6.88,4.54,2
KAR,unknown,unknown,unknown,unknown,0,0.0,0.0,0.0,0.0,0.0,0.0,0.0,0.0,0,0.0,0.0,0.0,0.0,0.0,2
SMA,"SmartStop Self Storage REIT, Inc.",Real Estate,REIT - Industrial,reit-industrial,2577504000,9.62,0.423,0.386,24.0,65.64,0.0,59.34,2.51,0,5.04,0.0,-0.58,0.0,-0.13,2
SMPL,The Simply Good Foods Company,Consumer Defensive,Packaged Foods,packaged-foods,1054432192,0.74,5.057,2.658,-9.4,33.86,0.0,6.26,0.81,0,0.0,0.0,-7.46,9.09,5.73,2
SMR,NuScale Power Corporation,Industrials,Specialty Industrial Machinery,specialty-industrial-machinery,3265682176,103.74,4.298,4.265,-94.69999999999999,36.309999999999995,0.0,-24.14,201.98,0,0.0,0.0,0.0,25.97,-30.44,2
SMTC,Semtech Corporation,Technology,Semiconductors,semiconductors,8376759296,7.98,2.374,1.418,9.3,52.51,0.0,30.95,3.44,0,0.0,0.0,-3.84,5.64,-7.34,2
SPR,unknown,unknown,unknown,unknown,0,0.0,0.0,0.0,0.0,0.0,0.0,0.0,0.0,0,0.0,0.0,0.0,0.0,0.0,2
SNRE,unknown,unknown,unknown,unknown,0,0.0,0.0,0.0,0.0,0.0,0.0,0.0,0.0,0,0.0,0.0,0.0,0.0,0.0,2
SNV,unknown,unknown,unknown,unknown,0,0.0,0.0,0.0,0.0,0.0,0.0,0.0,0.0,0,0.0,0.0,0.0,0.0,0.0,2
SOC,Sable Offshore Corp.,Energy,Oil & Gas Drilling,oil-gas-drilling,1878834432,0.0,0.133,0.095,0.0,0.0,0.0,4.9,0.0,0,0.0,0.0,0.0,21.97,-76.77,2
SOUN,"SoundHound AI, Inc.",Technology,Software - Application,software-application,2970683904,17.59,4.588,4.447,59.4,42.36,0.0,-697.0,4.12,0,0.0,0.0,-8.290000000000001,35.36,-3.02,2
IGT,unknown,unknown,unknown,unknown,0,0.0,0.0,0.0,0.0,0.0,0.0,0.0,0.0,0,0.0,0.0,0.0,0.0,0.0,2
IMVT,"Immunovant, Inc.",Healthcare,Biotechnology,biotechnology,5403779072,0.0,15.741,15.035,0.0,0.0,0.0,-10.28,0.0,0,0.0,0.0,0.0,18.61,-58.5,2
INFA,unknown,unknown,unknown,unknown,0,0.0,0.0,0.0,0.0,0.0,0.0,0.0,0.0,0,0.0,0.0,0.0,0.0,0.0,2
IONS,"Ionis Pharmaceuticals, Inc.",Healthcare,Biotechnology,biotechnology,12680139776,13.44,3.826,3.514,-10.299999999999999,1.29,0.0,-123.39,14.82,0,0.0,0.0,-40.410000000000004,11.08,-77.98,2
IPG,unknown,unknown,unknown,unknown,0,0.0,0.0,0.0,0.0,0.0,0.0,0.0,0.0,0,0.0,0.0,0.0,0.0,0.0,2
HWCPZ,unknown,unknown,unknown,unknown,0,0.0,0.0,0.0,0.0,0.0,0.0,0.0,0.0,0,0.0,0.0,0.0,0.0,0.0,2
IAC,IAC Inc.,Communication Services,Internet Content & Information,internet-content-information,3218598400,1.34,2.754,2.512,-10.5,66.16,0.0,18.51,1.49,0,0.0,0.0,-4.35,17.169999999999998,-2.2,2
ICUI,"ICU Medical, Inc.",Healthcare,Medical Instruments & Supplies,medical-instruments-supplies,3195276800,1.43,2.387,0.987,-14.099999999999998,36.84,4261.67,13.89,1.63,0,0.0,0.0,0.03,5.74,0.03,2
HR,Healthcare Realty Trust Incorporated,Real Estate,REIT - Healthcare Facilities,reit-healthcare-facilities,6298953216,5.34,0.733,0.237,-7.8,61.78,0.0,-178.4,5.75,0,5.89,0.0,-20.849999999999998,8.72,-5.33,2
HTZ,"Hertz Global Holdings, Inc.",Industrials,Rental & Leasing Services,rental-leasing-services,2183400960,0.26,0.572,0.318,-0.6,13.88,0.0,22.06,0.26,0,0.0,0.0,-8.780000000000001,48.36,162.75,2
HUN,Huntsman Corporation,Basic Materials,Chemicals,chemicals,2361306624,0.42,1.299,0.696,-6.7,13.22,0.0,86.01,0.44,0,2.49,0.0,-5.0,15.64,-6.39,2
GTLS,"Chart Industries, Inc.",Industrials,Specialty Industrial Machinery,specialty-industrial-machinery,9975189504,2.34,1.362,1.003,-2.5,33.72,631.52,14.62,2.4,0,0.0,-35.199999999999996,0.96,11.37,1.26,2
SRPT,"Sarepta Therapeutics, Inc.",Healthcare,Biotechnology,biotechnology,2325523456,1.06,2.317,1.332,-32.7,-7.4399999999999995,0.0,7.28,1.4,0,0.0,0.0,-32.45,25.259999999999998,-62.55,2
SRRK,Scholar Rock Holding Corporation,Healthcare,Biotechnology,biotechnology,5692457472,0.0,6.95,6.683,0.0,0.0,0.0,-23.1,0.0,0,0.0,0.0,0.0,19.41,-153.95,2
STEP,StepStone Group Inc.,Financial Services,Asset Management,asset-management,6578574848,3.69,0.666,0.662,73.0,-46.379999999999995,0.0,20.96,1.46,0,2.99,0.0,-30.659999999999997,5.91,-100.12,2
HCXY,"Hercules Capital, Inc.",unknown,unknown,unknown,1324749440,0.0,0.0,0.0,0.0,0.0,0.0,0.0,0.0,0,0.0,0.0,0.0,0.0,0.0,2
HEES,unknown,unknown,unknown,unknown,0,0.0,0.0,0.0,0.0,0.0,0.0,0.0,0.0,0,0.0,0.0,0.0,0.0,0.0,2
GSAT,"Globalstar, Inc.",Communication Services,Telecom Services,telecom-services,10275717120,37.64,2.417,2.285,17.599999999999998,63.81,0.0,230.75,11.22,0,0.0,0.0,-3.17,6.16,-2.43,2
GT,The Goodyear Tire & Rubber Company,Consumer Cyclical,Auto Parts,auto-parts,1959778048,0.11,1.064,0.462,-0.6,18.44,0.0,6.49,0.11,0,0.0,34.599999999999994,-9.42,11.07,-53.23,2
FYBR,unknown,unknown,unknown,unknown,0,0.0,0.0,0.0,0.0,0.0,0.0,0.0,0.0,0,0.0,0.0,0.0,0.0,0.0,2
GJS,"STRATS Trust for Goldman Sachs Group Securities, Series 2006-2",unknown,unknown,unknown,0,0.0,0.0,0.0,0.0,0.0,0.0,0.0,0.0,0,0.0,0.0,0.0,0.0,0.0,2
GLXY,Galaxy Digital,Financial Services,Capital Markets,capital-markets,9256944640,0.15,1.603,0.375,-37.5,100.0,0.0,54.29,0.21,0,0.0,0.0,-0.38999999999999996,0.0,-12.34,2
GMS,unknown,unknown,unknown,unknown,0,0.0,0.0,0.0,0.0,0.0,0.0,0.0,0.0,0,0.0,0.0,0.0,0.0,0.0,2
FSK,FS KKR Capital Corp.,Financial Services,Asset Management,asset-management,3005112576,1.98,2.797,2.516,-14.499999999999998,100.0,268.25,6.55,2.27,0,24.88,0.0,0.72,4.53,0.19,2
GH,"Guardant Health, Inc.",Healthcare,Diagnostics & Research,diagnostics-research,11333126144,11.54,4.843,4.425,39.4,64.46,0.0,-138.53,2.49,0,0.0,0.0,-42.39,9.139999999999999,419.18,2
FUN,Six Flags Entertainment Corporation,Consumer Cyclical,Leisure,leisure,2049949696,0.66,0.69,0.518,-5.4,35.809999999999995,0.0,152.6,0.7,0,0.0,0.0,-51.580000000000005,23.919999999999998,-281.85,2
STR,unknown,unknown,unknown,unknown,0,0.0,0.0,0.0,0.0,0.0,0.0,0.0,0.0,0,0.0,0.0,0.0,0.0,0.0,2
CMSA,CMS Energy Corporation 5.6% JRSUB NT 78,unknown,unknown,unknown,6130432000,0.0,0.0,0.0,0.0,0.0,0.0,0.0,0.0,0,0.0,0.0,0.0,0.0,0.0,2
SWTX,unknown,unknown,unknown,unknown,0,0.0,0.0,0.0,0.0,0.0,0.0,0.0,0.0,0,0.0,0.0,0.0,0.0,0.0,2
OI,"O-I Glass, Inc.",Consumer Cyclical,Packaging & Containers,packaging-containers,1660070784,0.26,1.245,0.651,-1.9,17.26,0.0,5.1,0.26,0,0.0,0.0,-2.01,12.44,-9.97,2
OKLO,Oklo Inc.,Utilities,Utilities - Independent Power Producers,utilities-independent-power-producers,10167659520,0.0,49.079,48.264,0.0,0.0,0.0,-69.42,0.0,0,0.0,0.0,0.0,13.950000000000001,-7.16,2
OLN,Olin Corporation,Basic Materials,Chemicals,chemicals,3207352832,0.47,1.21,0.662,-0.4,7.380000000000001,0.0,30.99,0.47,0,2.72,0.0,-1.48,13.8,-5.47,2
NUVL,"Nuvalent, Inc.",Healthcare,Biotechnology,biotechnology,8256356864,0.0,15.273,15.048,0.0,0.0,0.0,-26.02,0.0,0,0.0,0.0,0.0,15.18,-34.08,2
NWL,Newell Brands Inc.,Consumer Defensive,Household & Personal Products,household-personal-products,1716708224,0.24,1.072,0.471,-2.7,33.82,0.0,6.08,0.24,0,7.25,0.0,-3.9600000000000004,15.07,-11.92,2
NXE,NexGen Energy Ltd.,Energy,Uranium,uranium,7879949312,0.0,1.821,1.787,0.0,0.0,0.0,-139.35,0.0,0,0.0,0.0,0.0,0.0,-16.9,2
NYMTI,unknown,unknown,unknown,unknown,0,0.0,0.0,0.0,0.0,0.0,0.0,0.0,0.0,0,0.0,0.0,0.0,0.0,0.0,2
NYMTM,unknown,unknown,unknown,unknown,0,0.0,0.0,0.0,0.0,0.0,0.0,0.0,0.0,0,0.0,0.0,0.0,0.0,0.0,2
ROIV,Roivant Sciences Ltd.,Healthcare,Biotechnology,biotechnology,20841218048,1565.83,30.664,29.81,-77.8,0.0,0.0,-25.13,2784.05,0,0.0,0.0,0.0,4.32,-3.67,2
RUM,Rumble Inc.,Communication Services,Internet Content & Information,internet-content-information,1771874048,17.61,5.845,5.518,-10.5,-6.72,0.0,-16.84,19.46,0,0.0,0.0,-81.32000000000001,0.0,-29.77,2
RVMD,"Revolution Medicines, Inc.",Healthcare,Biotechnology,biotechnology,29133469696,0.0,7.145,6.975,0.0,0.0,0.0,-24.06,0.0,0,0.0,0.0,0.0,7.7299999999999995,-69.35,2
RWTN,unknown,unknown,unknown,unknown,0,0.0,0.0,0.0,0.0,0.0,0.0,0.0,0.0,0,0.0,0.0,0.0,0.0,0.0,2
RWTO,unknown,unknown,unknown,unknown,0,0.0,0.0,0.0,0.0,0.0,0.0,0.0,0.0,0,0.0,0.0,0.0,0.0,0.0,2
NMAX,unknown,Communication Services,Broadcasting,broadcasting,800658432,4.23,2.405,2.027,9.6,39.32,0.0,88.57,2.32,0,0.0,0.0,-52.56999999999999,94.58,-93.82,2
NMFCZ,New Mountain Finance Corporation 8.250% Notes due 2028,unknown,unknown,unknown,0,0.0,0.0,0.0,0.0,0.0,0.0,0.0,0.0,0,0.0,0.0,0.0,0.0,0.0,2
TAC,TransAlta Corporation,Utilities,Utilities - Independent Power Producers,utilities-independent-power-producers,4004312320,1.66,0.73,0.443,-11.700000000000001,31.44,0.0,33.13,1.86,0,1.5,0.0,-5.74,1.81,-30.2,2
FL,unknown,unknown,unknown,unknown,0,0.0,0.0,0.0,0.0,0.0,0.0,0.0,0.0,0,0.0,0.0,0.0,0.0,0.0,2
FLG,"Flagstar Bank, National Association",Financial Services,Banks - Regional,banks-regional,5853022720,3.12,0.0,0.0,15.4,0.0,0.0,8.75,2.64,0,0.28,0.0,-9.42,0.15,-2.32,2
FLR,Fluor Corporation,Industrials,Engineering & Construction,engineering-construction,7221241344,0.47,1.907,1.774,-2.0,-0.77,0.0,15.15,0.48,0,0.0,0.0,-0.33,7.06,-1.57,2
FMC,FMC Corporation,Basic Materials,Agricultural Inputs,agricultural-inputs,2178284544,0.63,1.321,0.785,-11.5,33.81,0.0,7.74,0.7,0,1.77,0.0,-64.57000000000001,16.2,-108.08,2
FGN,unknown,unknown,unknown,unknown,0,0.0,0.0,0.0,0.0,0.0,0.0,0.0,0.0,0,0.0,0.0,0.0,0.0,0.0,2
EQX,Equinox Gold Corp.,Basic Materials,Gold,gold,12342168576,6.79,1.561,0.504,0.0,52.28,0.0,8.09,0.0,0,0.1,0.0,12.19,0.0,3.82,2
ERJ,unknown,unknown,unknown,unknown,0,0.0,0.0,0.0,0.0,0.0,0.0,0.0,0.0,0,0.0,0.0,0.0,0.0,0.0,2
ESGR,unknown,unknown,unknown,unknown,0,0.0,0.0,0.0,0.0,0.0,0.0,0.0,0.0,0,0.0,0.0,0.0,0.0,0.0,2
ELP,unknown,unknown,unknown,unknown,0,0.0,0.0,0.0,0.0,0.0,0.0,0.0,0.0,0,0.0,0.0,0.0,0.0,0.0,2
EMP,"Entergy Mississippi, Inc. 1M BD 66",unknown,unknown,unknown,180953584,0.0,0.0,0.0,0.0,0.0,0.0,0.0,0.0,0,0.0,0.0,0.0,0.0,0.0,2
ENJ,"Entergy Utility Group, Inc. 1ST MTG 5% 52",unknown,unknown,unknown,171923632,0.0,0.0,0.0,0.0,0.0,0.0,0.0,0.0,0,0.0,0.0,0.0,0.0,0.0,2
ENO,"Entergy Utility Group, Inc. 1ST MTG BD 66",unknown,unknown,unknown,186433392,0.0,0.0,0.0,0.0,0.0,0.0,0.0,0.0,0,0.0,0.0,0.0,0.0,0.0,2
DTG,unknown,unknown,unknown,unknown,0,0.0,0.0,0.0,0.0,0.0,0.0,0.0,0.0,0,0.0,0.0,0.0,0.0,0.0,2
DTW,DTE Energy Company JR SUB DB 2017 E,unknown,unknown,unknown,3865940480,0.0,0.0,0.0,0.0,0.0,0.0,0.0,0.0,0,0.0,0.0,0.0,0.0,0.0,2
EAI,"Entergy Arkansas, Inc. 1M BD 4.875%66",unknown,unknown,unknown,969671296,0.0,0.0,0.0,0.0,0.0,0.0,0.0,0.0,0,0.0,0.0,0.0,0.0,0.0,2
ELC,"Entergy Louisiana, LLC COLLATERAL TR MT",unknown,unknown,unknown,0,0.0,0.0,0.0,0.0,0.0,0.0,0.0,0.0,0,0.0,0.0,0.0,0.0,0.0,2
DHCNL,Diversified Healthcare Trust,unknown,unknown,unknown,0,0.0,0.0,0.0,0.0,0.0,0.0,0.0,0.0,0,0.0,0.0,0.0,0.0,0.0,2
DJT,Trump Media & Technology Group Corp.,Communication Services,Internet Content & Information,internet-content-information,2753476608,747.7,1.228,1.186,0.5,54.510000000000005,0.0,0.0,338.43,0,0.0,0.0,0.0,7.31,-43.24,2
DJTWW,Trump Media & Technology Group Corp.,,,,1590286720,431.84,1.228,1.186,0.5,54.510000000000005,0.0,0.0,195.46,0,0.0,0.0,0.0,0.0,-43.24,2
DNB,unknown,unknown,unknown,unknown,0,0.0,0.0,0.0,0.0,0.0,0.0,0.0,0.0,0,0.0,0.0,0.0,0.0,0.0,2
DOOO,unknown,unknown,unknown,unknown,0,0.0,0.0,0.0,0.0,0.0,0.0,0.0,0.0,0,0.0,0.0,0.0,0.0,0.0,2
DTB,unknown,unknown,unknown,unknown,0,0.0,0.0,0.0,0.0,0.0,0.0,0.0,0.0,0,0.0,0.0,0.0,0.0,0.0,2
TPGXL,"TPG Operating Group II, L.P. 6.950% Fixed-Rate Junior Subordinated Notes due 2064",unknown,unknown,unknown,0,0.0,0.0,0.0,0.0,0.0,0.0,0.0,0.0,0,0.0,0.0,0.0,0.0,0.0,2
CYTK,"Cytokinetics, Incorporated",Healthcare,Biotechnology,biotechnology,8171852288,92.82,4.529,4.445,4.9,0.0,0.0,-13.34,88.27,0,0.0,0.0,0.0,16.439999999999998,119.0,2
DAY,unknown,unknown,unknown,unknown,0,0.0,0.0,0.0,0.0,0.0,0.0,0.0,0.0,0,0.0,0.0,0.0,0.0,0.0,2
DHCNI,unknown,unknown,unknown,unknown,0,0.0,0.0,0.0,0.0,0.0,0.0,0.0,0.0,0,0.0,0.0,0.0,0.0,0.0,2
CSWI,unknown,unknown,unknown,unknown,0,0.0,0.0,0.0,0.0,0.0,0.0,0.0,0.0,0,0.0,0.0,0.0,0.0,0.0,2
CORZ,"Core Scientific, Inc.",Technology,Software - Infrastructure,software-infrastructure,5895311360,18.48,1.146,0.862,-16.0,17.11,0.0,44.48,21.44,0,0.0,0.0,-90.47,19.64,29.98,2
CORZZ,"Core Scientific, Inc.",,,,0,0.0,1.146,0.862,-16.0,17.11,0.0,0.0,0.0,0,0.0,0.0,-90.47,0.0,29.98,2
CPRI,Capri Holdings Limited,Consumer Cyclical,Luxury Goods,luxury-goods,2355830016,0.54,1.138,0.333,-4.0,62.81,0.0,10.56,0.57,0,0.0,0.0,-11.65,11.99,-321.2,2
CRL,"Charles River Laboratories International, Inc.",Healthcare,Diagnostics & Research,diagnostics-research,8847506432,2.2,1.292,0.824,-0.8,34.98,0.0,14.53,2.22,0,0.0,0.0,-3.5999999999999996,10.71,-4.56,2
CRNX,"Crinetics Pharmaceuticals, Inc.",Healthcare,Biotechnology,biotechnology,4162036736,540.81,12.323,12.09,0.0,0.0,0.0,-9.75,0.0,0,0.0,0.0,0.0,16.46,-46.9,2
CROX,"Crocs, Inc.",Consumer Cyclical,Footwear & Accessories,footwear-accessories,5253864448,1.3,1.265,0.662,-3.2,58.330000000000005,0.0,7.1,1.34,0,0.0,-68.0,-2.01,8.61,-6.28,2
CRSP,CRISPR Therapeutics AG,Healthcare,Biotechnology,biotechnology,5457724928,1554.91,13.316,13.25,-97.6,0.0,0.0,-13.58,3072.5,0,0.0,0.0,0.0,25.34,-30.26,2
TV,"Grupo Televisa, S.A.B.",Communication Services,Telecom Services,telecom-services,1554480640,0.03,2.143,1.967,-4.5,38.190000000000005,0.0,17.47,0.03,0,3.12,0.0,-15.57,0.0,-8.07,2
UA,"Under Armour, Inc.",Consumer Cyclical,Apparel Manufacturing,apparel-manufacturing,2614964736,0.53,1.431,0.515,-5.2,46.58,0.0,16.16,0.55,0,0.0,0.0,-10.440000000000001,0.0,-10.65,2
UAA,"Under Armour, Inc.",Consumer Cyclical,Apparel Manufacturing,apparel-manufacturing,2687365888,0.54,1.431,0.515,-5.2,46.58,0.0,27.64,0.57,0,0.0,0.0,-10.440000000000001,26.08,-10.65,2
CMSC,unknown,unknown,unknown,unknown,0,0.0,0.0,0.0,0.0,0.0,0.0,0.0,0.0,0,0.0,0.0,0.0,0.0,0.0,2
CMSD,unknown,unknown,unknown,unknown,0,0.0,0.0,0.0,0.0,0.0,0.0,0.0,0.0,0,0.0,0.0,0.0,0.0,0.0,2
COLD,"Americold Realty Trust, Inc.",Real Estate,REIT - Industrial,reit-industrial,3540266240,1.36,0.324,0.296,-1.2,32.21,0.0,164.67,1.38,0,7.49,0.0,-4.41,11.01,-3.97,2
COOP,unknown,unknown,unknown,unknown,0,0.0,0.0,0.0,0.0,0.0,0.0,0.0,0.0,0,0.0,0.0,0.0,0.0,0.0,2
CHX,unknown,unknown,unknown,unknown,0,0.0,0.0,0.0,0.0,0.0,0.0,0.0,0.0,0,0.0,0.0,0.0,0.0,0.0,2
CIVI,unknown,unknown,unknown,unknown,0,0.0,0.0,0.0,0.0,0.0,0.0,0.0,0.0,0,0.0,0.0,0.0,0.0,0.0,2
CLF,Cleveland-Cliffs Inc.,Basic Materials,Steel,steel,5390247424,0.29,1.949,0.454,-0.3,-4.62,0.0,13.6,0.29,0,0.0,0.0,-7.9399999999999995,14.87,-24.17,2
CLVT,Clarivate Plc,Technology,Information Technology Services,information-technology-services,1509121792,0.61,0.835,0.728,-6.9,66.05,0.0,3.0,0.66,0,0.0,0.0,-8.19,15.97,-4.15,2
CMA,unknown,unknown,unknown,unknown,0,0.0,0.0,0.0,0.0,0.0,0.0,0.0,0.0,0,0.0,0.0,0.0,0.0,0.0,2
VRNA,unknown,unknown,unknown,unknown,0,0.0,0.0,0.0,0.0,0.0,0.0,0.0,0.0,0,0.0,0.0,0.0,0.0,0.0,2
UEC,Uranium Energy Corp.,Energy,Uranium,uranium,6926819328,342.91,28.725,24.346,-59.4,0.0,0.0,376.8,546.6,0,0.0,0.0,0.0,13.23,-8.91,2
UNMA,Unum Group 6.250% JR NT58,unknown,unknown,unknown,5311135744,0.0,0.0,0.0,0.0,0.0,0.0,0.0,0.0,0,0.0,0.0,0.0,0.0,0.0,2
USM,unknown,unknown,unknown,unknown,0,0.0,0.0,0.0,0.0,0.0,0.0,0.0,0.0,0,0.0,0.0,0.0,0.0,0.0,2
PMTU,unknown,unknown,unknown,unknown,0,0.0,0.0,0.0,0.0,0.0,0.0,0.0,0.0,0,0.0,0.0,0.0,0.0,0.0,2
PARA,unknown,unknown,unknown,unknown,0,0.0,0.0,0.0,0.0,0.0,0.0,0.0,0.0,0,0.0,0.0,0.0,0.0,0.0,2
PBF,PBF Energy Inc.,Energy,Oil & Gas Refining & Marketing,oil-gas-refining-marketing,4575995392,0.16,1.213,0.459,-2.9000000000000004,0.7799999999999999,0.0,10.82,0.16,0,2.71,0.0,-0.54,14.52,-2.98,2
PCH,unknown,unknown,unknown,unknown,0,0.0,0.0,0.0,0.0,0.0,0.0,0.0,0.0,0,0.0,0.0,0.0,0.0,0.0,2
PCVX,"Vaxcyte, Inc.",Healthcare,Biotechnology,biotechnology,9113144320,0.0,7.909,7.813,0.0,0.0,0.0,-8.61,0.0,0,0.0,0.0,0.0,10.05,-28.55,2
OS,"OneStream, Inc.",Technology,Software - Infrastructure,software-infrastructure,5900146688,9.8,2.305,2.193,23.599999999999998,68.66,0.0,52.86,2.35,0,0.0,0.0,-8.36,11.53,-9.97,2
OXLCL,Oxford Lane Capital Corp. 6.75% Notes due 2031,unknown,unknown,unknown,0,0.0,0.0,0.0,0.0,0.0,0.0,0.0,0.0,0,0.0,0.0,0.0,0.0,0.0,2
OXLCZ,Oxford Lane Capital Corp. 5.00% Notes due 2027,unknown,unknown,unknown,0,0.0,0.0,0.0,0.0,0.0,0.0,0.0,0.0,0,0.0,0.0,0.0,0.0,0.0,2
RGC,Regencell Bioscience Holdings Limited,Healthcare,Drug Manufacturers - Specialty & Generic,drug-manufacturers-specialty-generic,14889061376,0.0,7.387,7.379,0.0,0.0,0.0,0.0,0.0,0,0.0,0.0,0.0,1.09,-52.34,2
RGTI,"Rigetti Computing, Inc.",Technology,Computer Hardware,computer-hardware,5603380224,790.54,37.423,36.962,-17.9,29.12,0.0,-89.38,932.05,0,0.0,0.0,0.0,13.74,-39.58,2
RIOT,"Riot Platforms, Inc.",Financial Services,Capital Markets,capital-markets,6869761024,10.61,0.955,0.578,7.199999999999999,37.93,0.0,-33.89,6.11,0,0.0,0.0,-102.42999999999999,13.61,-23.2,2
RNA,"Atrium Therapeutics, Inc.",Healthcare,Biotechnology,biotechnology,217519840,11.68,0.068,0.002,-71.1,-137.76,0.0,-3.48,19.99,0,0.0,0.0,-265.88,0.0,-36.99,2
UZD,unknown,unknown,unknown,unknown,0,0.0,0.0,0.0,0.0,0.0,0.0,0.0,0.0,0,0.0,0.0,0.0,0.0,0.0,2
CCOI,"Cogent Communications Holdings, Inc.",Communication Services,Telecom Services,telecom-services,1129307392,1.26,2.04,1.477,-4.6,49.17,0.0,-9.51,1.32,0,9.66,0.0,-20.32,18.62,285.32,2
CE,Celanese Corporation,Basic Materials,Chemicals,chemicals,7286171648,0.76,1.546,0.741,-6.5,20.57,0.0,10.28,0.81,0,0.18,0.0,-12.21,10.489999999999998,-28.77,2
CGABL,The Carlyle Group Inc. 4.625% Subordinated Notes due 2061,unknown,unknown,unknown,0,0.0,0.0,0.0,0.0,0.0,0.0,0.0,0.0,0,0.0,0.0,0.0,0.0,0.0,2
CADE,unknown,unknown,unknown,unknown,0,0.0,0.0,0.0,0.0,0.0,0.0,0.0,0.0,0,0.0,0.0,0.0,0.0,0.0,2
CAR,"Avis Budget Group, Inc.",Industrials,Rental & Leasing Services,rental-leasing-services,14538226688,1.25,0.728,0.578,-1.7000000000000002,23.96,0.0,58.57,1.27,0,0.0,0.0,-7.630000000000001,48.28,28.41,2
CCCS,unknown,unknown,unknown,unknown,0,0.0,0.0,0.0,0.0,0.0,0.0,0.0,0.0,0,0.0,0.0,0.0,0.0,0.0,2
BULL,Webull Corporation,Technology,Software - Application,software-application,3094128640,5.48,1.265,1.251,0.0,77.19,0.0,20.42,0.0,0,0.0,0.0,4.390000000000001,4.47,2.44,2
VAC,Marriott Vacations Worldwide Corporation,Consumer Cyclical,Resorts & Casinos,resorts-casinos,2322227200,0.7,3.505,0.626,-2.7,53.56999999999999,0.0,8.06,0.72,0,4.68,0.0,-9.24,13.170000000000002,-15.45,2
VFS,VinFast Auto Ltd.,Consumer Cyclical,Auto Manufacturers,auto-manufacturers,9685679104,0.0,0.512,0.073,138.9,-42.53,0.0,-4.36,0.0,0,0.0,0.0,-107.30999999999999,4.590000000000001,46.91,2
VKTX,"Viking Therapeutics, Inc.",Healthcare,Biotechnology,biotechnology,4116552960,0.0,9.334,9.205,0.0,0.0,0.0,-7.96,0.0,0,0.0,0.0,0.0,25.09,-56.28,2
BLTE,"Belite Bio, Inc",Healthcare,Biotechnology,biotechnology,6871235584,0.0,50.017,49.901,0.0,0.0,0.0,219.02,0.0,0,0.0,0.0,0.0,4.55,-10.07,2
BPMC,unknown,unknown,unknown,unknown,0,0.0,0.0,0.0,0.0,0.0,0.0,0.0,0.0,0,0.0,0.0,0.0,0.0,0.0,2
BRFS,unknown,unknown,unknown,unknown,0,0.0,0.0,0.0,0.0,0.0,0.0,0.0,0.0,0,0.0,0.0,0.0,0.0,0.0,2
BRKR,Bruker Corporation,Healthcare,Medical Devices,medical-devices,6073703424,1.77,1.73,0.809,-0.2,47.949999999999996,0.0,16.54,1.77,0,0.51,8.5,-0.25,15.049999999999999,-0.35,2
BIPH,Safeplus International Holdings Limited,unknown,unknown,unknown,0,0.0,0.0,0.0,0.0,0.0,0.0,0.0,0.0,0,0.0,0.0,0.0,0.0,0.0,2
BEPI,unknown,unknown,unknown,unknown,0,0.0,0.0,0.0,0.0,0.0,0.0,0.0,0.0,0,0.0,0.0,0.0,0.0,0.0,2
BBU,Brookfield Business Partners LP,Industrials,Conglomerates,conglomerates,2789744640,0.1,1.118,0.794,-4.5,19.32,0.0,13.0,0.11,0,0.01,0.0,-0.1,0.0,1.13,2
BBUC,Brookfield Business Corporation,Industrials,Conglomerates,conglomerates,7164528640,0.26,1.675,1.218,-4.5,19.46,0.0,0.0,0.27,0,0.73,0.0,-0.1,2.75,1.13,2
BE,Bloom Energy Corporation,Industrials,Electrical Equipment & Parts,electrical-equipment-parts,62248484864,30.76,5.98,4.838,35.9,29.65,0.0,71.97,13.87,0,0.0,-98.8,-4.37,9.87,-11.51,2
BEPH,unknown,unknown,unknown,unknown,0,0.0,0.0,0.0,0.0,0.0,0.0,0.0,0.0,0,0.0,0.0,0.0,0.0,0.0,2
PPBI,unknown,unknown,unknown,unknown,0,0.0,0.0,0.0,0.0,0.0,0.0,0.0,0.0,0,0.0,0.0,0.0,0.0,0.0,2
PRGO,Perrigo Company plc,Healthcare,Drug Manufacturers - Specialty & Generic,drug-manufacturers-specialty-generic,1578838144,0.37,2.762,1.167,-2.5,35.14,0.0,4.81,0.38,0,10.26,0.0,-33.51,18.67,-48.56,2
PRH,"Prudential Financial, Inc. JR SUB NT 53",unknown,unknown,unknown,0,0.0,0.0,0.0,0.0,0.0,0.0,0.0,0.0,0,0.0,0.0,0.0,0.0,0.0,2
QS,QuantumScape Corporation,Consumer Cyclical,Auto Parts,auto-parts,4202311936,0.0,15.95,15.774,0.0,0.0,0.0,-12.01,0.0,0,0.0,0.0,0.0,16.74,-37.22,2
QVCGP,QVC Group Inc.,Consumer Cyclical,Internet Retail,internet-retail,0,0.0,2.494,1.635,-5.6000000000000005,34.37,0.0,0.0,0.0,0,151.8,0.0,-38.83,0.0,132.85,2
RADX,Radiopharm Theranostics Limited,Healthcare,Biotechnology,biotechnology,36262560,2.23,3.01,2.999,154.5,-136.51,0.0,-1.77,-2.87,0,0.0,0.0,-286.16,0.51,-85.6,2
RARE,Ultragenyx Pharmaceutical Inc.,Healthcare,Biotechnology,biotechnology,2415654144,3.59,2.477,2.188,25.900000000000002,-27.639999999999997,0.0,303.67,3.39,0,0.0,0.0,-85.44,10.639999999999999,718.75,2
RCB,Ready Capital Corporation,unknown,unknown,unknown,0,0.0,0.0,0.0,0.0,0.0,0.0,0.0,0.0,0,0.0,0.0,0.0,0.0,0.0,2
RCC,unknown,unknown,unknown,unknown,0,0.0,0.0,0.0,0.0,0.0,0.0,0.0,0.0,0,0.0,0.0,0.0,0.0,0.0,2
PFH,CABCO Trust for JC Penney Debentures,unknown,unknown,unknown,0,0.0,0.0,0.0,0.0,0.0,0.0,0.0,0.0,0,0.0,0.0,0.0,0.0,0.0,2
PI,"Impinj, Inc.",Technology,Semiconductors,semiconductors,3214837504,8.9,2.681,1.945,1.4000000000000001,52.53,0.0,34.28,4.17,0,0.0,0.0,-3.0,19.11,-5.18,2
ATKR,Atkore Inc.,Industrials,Electrical Equipment & Parts,electrical-equipment-parts,2325069568,0.82,3.42,2.019,-0.8999999999999999,22.470000000000002,0.0,11.54,0.82,0,1.92,-66.4,-1.63,5.140000000000001,-1.09,2
BEPJ,unknown,unknown,unknown,unknown,0,0.0,0.0,0.0,0.0,0.0,0.0,0.0,0.0,0,0.0,0.0,0.0,0.0,0.0,2
AVTR,"Avantor, Inc.",Healthcare,Medical Instruments & Supplies,medical-instruments-supplies,5592858624,0.85,1.778,1.044,-1.4000000000000001,32.65,0.0,9.59,0.87,0,0.0,-89.4,-8.09,7.88,-9.53,2
AZEK,unknown,unknown,unknown,unknown,0,0.0,0.0,0.0,0.0,0.0,0.0,0.0,0.0,0,0.0,0.0,0.0,0.0,0.0,2
BATRA,"Atlanta Braves Holdings, Inc.",Communication Services,Entertainment,entertainment,3192956928,4.36,0.421,0.354,17.599999999999998,30.19,0.0,-108.22,2.51,0,0.0,0.0,-3.19,5.1499999999999995,-4.44,2
BATRK,"Atlanta Braves Holdings, Inc.",Communication Services,Entertainment,entertainment,2960364800,4.04,0.421,0.354,17.599999999999998,30.19,0.0,333.8,2.32,0,0.0,0.0,-3.19,3.0,-4.44,2
ATCOL,unknown,unknown,unknown,unknown,0,0.0,0.0,0.0,0.0,0.0,0.0,0.0,0.0,0,0.0,0.0,0.0,0.0,0.0,2
ATHS,unknown,unknown,unknown,unknown,0,0.0,0.0,0.0,0.0,0.0,0.0,0.0,0.0,0,0.0,0.0,0.0,0.0,0.0,2
ASH,Ashland Inc.,Basic Materials,Specialty Chemicals,specialty-chemicals,2532948224,1.4,3.153,1.303,-4.7,33.85,0.0,11.66,1.47,0,2.94,0.0,-38.34,12.02,-44.38,2
AVDX,unknown,unknown,unknown,unknown,0,0.0,0.0,0.0,0.0,0.0,0.0,0.0,0.0,0,0.0,0.0,0.0,0.0,0.0,2
ARBKL,unknown,unknown,unknown,unknown,0,0.0,0.0,0.0,0.0,0.0,0.0,0.0,0.0,0,0.0,0.0,0.0,0.0,0.0,2
ASBA,unknown,unknown,unknown,unknown,0,0.0,0.0,0.0,0.0,0.0,0.0,0.0,0.0,0,0.0,0.0,0.0,0.0,0.0,2
WFG,West Fraser Timber Co. Ltd.,Basic Materials,Lumber & Wood Production,lumber-wood-production,5205355520,0.95,2.131,0.806,-17.1,23.400000000000002,0.0,18.96,1.12,0,1.94,0.0,-17.16,0.0,-16.02,2
WBA,unknown,unknown,unknown,unknown,0,0.0,0.0,0.0,0.0,0.0,0.0,0.0,0.0,0,0.0,0.0,0.0,0.0,0.0,2
WSC,WillScot Holdings Corporation,Industrials,Rental & Leasing Services,rental-leasing-services,3473343488,1.52,0.859,0.67,-6.1,52.800000000000004,0.0,14.85,1.62,0,1.47,0.0,-2.32,15.27,-6.19,2
ALHC,"Alignment Healthcare, Inc.",Healthcare,Healthcare Plans,healthcare-plans,4347429376,1.1,1.709,1.663,44.4,12.370000000000001,0.0,30.18,0.54,0,0.0,0.0,-0.02,11.790000000000001,-0.4,0
