Symbol,longName,sector,industry,industryKey,marketCap,priceToSalesTrailing12Months,currentRatio,quickRatio,revenueGrowth,grossMargins,trailingPE,forwardPE,PS_adj,pegRatio,dividendYield,earningsGrowth,profitMargins,shortPercentOfFloat,roe,score
DINO,HF Sinclair Corporation,Energy,Oil & Gas Refining & Marketing,oil-gas-refining-marketing,16388840448,0.52,0.0,0.0,53.2,12.889999999999999,8.43,10.14,0.21,0,2.27,351.79999999999995,6.13,5.1,6.3,22
GFI,unknown,Basic Materials,Gold,gold,0,0.0,1.793,1.223,71.39999999999999,55.28999999999999,8.19,6.01,0.0,0,6.92,196.1,40.760000000000005,0.73,42.3,22
IAG,unknown,Basic Materials,Gold,gold,0,0.0,1.893,1.064,115.9,48.03,7.88,6.12,0.0,0,0.0,822.8999999999999,29.49,0.0,15.85,22
B,unknown,Basic Materials,Gold,gold,0,0.0,3.064,2.266,66.7,55.11000000000001,9.82,8.27,0.0,0,1.86,254.2,32.14,0.0,18.8,22
NLY,"Annaly Capital Management, Inc.",Real Estate,REIT - Mortgage,reit-mortgage,17131928576,5.26,0.558,0.529,479.4,97.97,5.49,7.31,-0.41,0,13.0,3426.0,90.68,0.0,14.19,22
CET,unknown,Financial Services,Asset Management,asset-management,0,0.0,1.08,1.08,48.4,100.0,5.75,0.0,0.0,0,5.27,43.6,831.7,0.05,14.83,22
SMCI,"Super Micro Computer, Inc.",Technology,Computer Hardware,computer-hardware,18034819072,0.54,2.655,1.2,122.7,8.39,14.67,8.42,-0.11,0,0.0,326.0,3.6999999999999997,19.61,16.64,20
SUN,Sunoco LP,Energy,Oil & Gas Refining & Marketing,oil-gas-refining-marketing,14428588032,0.47,1.395,0.848,106.4,12.34,19.54,23.61,-0.03,0,5.28,135.5,3.1399999999999997,2.58,3.91,20
FIS,"Fidelity National Information Services, Inc.",Technology,Information Technology Services,information-technology-services,23264729088,2.03,0.588,0.418,30.099999999999998,36.28,8.72,6.57,0.91,0,3.59,3040.6,23.35,4.0,2.75,20
DKS,"DICK'S Sporting Goods, Inc.",Consumer Cyclical,Specialty Retail,specialty-retail,17595303936,0.92,1.501,0.315,62.7,33.56,19.12,12.03,0.23,0,2.5,9.3,4.71,14.580000000000002,15.33,20
CVE,unknown,Energy,Oil & Gas Integrated,oil-gas-integrated,55640870912,1.03,1.629,1.036,41.5,29.86,11.83,11.95,0.42,0,2.06,239.1,12.36,0.0,12.47,20
EPD,Enterprise Products Partners L.P.,Energy,Oil & Gas Midstream,oil-gas-midstream,81532190720,1.39,0.0,0.0,60.8,13.33,13.04,12.03,0.47,0,5.78,30.0,10.79,2.34,19.52,20
AA,unknown,Basic Materials,Aluminum,aluminum,0,0.0,1.535,0.8,31.4,19.67,9.43,7.64,0.0,0,0.93,146.8,9.39,3.4099999999999997,18.91,20
PAAS,Pan American Silver Corp.,Basic Materials,Gold,gold,18145859584,4.54,2.84,2.065,49.3,55.720000000000006,13.59,9.43,1.02,0,1.41,131.6,31.65,0.0,13.98,20
AU,AngloGold Ashanti plc,Basic Materials,Gold,gold,37796937728,3.39,2.707,2.046,64.9,53.53,10.97,7.47,0.55,0,5.91,185.20000000000002,31.11,1.32,32.58,20
KSPI,Joint Stock Company Kaspi.kz,Technology,Software - Infrastructure,software-infrastructure,16890573824,0.0,7.063,6.712,31.3,69.24,7.87,0.01,0.0,0,4.12,-1.0,24.91,1.23,43.07,20
AGI,unknown,Basic Materials,Gold,gold,11507014656,5.17,2.067,1.316,35.6,70.76,9.85,8.44,0.97,0,0.56,68.8,52.64,0.0,19.92,20
TECK,Teck Resources Limited,Basic Materials,Copper,copper,30092177408,2.15,3.116,2.178,78.2,35.99,16.99,17.25,0.3,0,0.57,324.40000000000003,17.849999999999998,0.0,0.0,20
VLO,Valero Energy Corporation,Energy,Oil & Gas Refining & Marketing,oil-gas-refining-marketing,91591876608,0.69,0.0,0.0,57.599999999999994,16.09,12.87,11.39,0.25,0,1.54,450.7,5.4399999999999995,4.2700000000000005,9.9,20
TIGO,Millicom International Cellular S.A.,Communication Services,Telecom Services,telecom-services,16042092544,2.49,0.615,0.492,45.1,77.07000000000001,13.01,13.3,0.31,0,3.19,-43.0,19.139999999999997,5.16,36.15,20
VG,unknown,Energy,Oil & Gas Midstream,oil-gas-midstream,33029541888,2.13,0.867,0.66,58.9,44.18,13.85,13.6,0.49,0,0.54,26.700000000000003,18.05,107.85,37.52,20
CDE,"Coeur Mining, Inc.",Basic Materials,Gold,gold,15246758912,5.94,3.731,2.032,137.79999999999998,58.58,11.93,7.62,-0.93,0,0.26,483.3,31.15,5.82,17.68,20
CINF,Cincinnati Financial Corporation,Financial Services,Insurance - Property & Casualty,insurance-property-casualty,26940002304,1.93,1.151,0.972,31.6,31.069999999999997,8.29,19.29,0.91,0,2.07,85.5,23.84,2.5700000000000003,15.04,20
SCCO,Southern Copper Corporation,Basic Materials,Copper,copper,143085928448,9.06,5.06,4.411,40.6,64.5,26.96,25.29,1.91,0,2.38,73.4,35.870000000000005,23.03,39.27,18
WPM,Wheaton Precious Metals Corp.,Basic Materials,Gold,gold,50544123904,18.41,4.531,4.525,91.60000000000001,85.81,28.11,20.94,0.22,0,0.71,128.8,65.55,0.0,16.93,18
APP,AppLovin Corporation,Communication Services,Advertising Agencies,advertising-agencies,128113893376,20.78,3.244,3.156,59.0,88.37,33.13,17.6,0.99,0,0.0,113.1,64.29,4.3,156.17,18
RGLD,"Royal Gold, Inc.",Basic Materials,Gold,gold,16836684800,12.99,3.521,3.22,143.0,87.13,24.02,15.18,-0.72,0,0.94,91.9,48.91,3.82,6.51,18
VST,Vistra Corp.,Utilities,Utilities - Independent Power Producers,utilities-independent-power-producers,49875996672,2.56,0.896,0.263,43.4,38.64,24.78,14.32,0.89,0,0.62,0.0,11.52,4.32,36.02,18
SQM,Sociedad Química y Minera de Chile S.A.,Basic Materials,Specialty Chemicals,specialty-chemicals,19240564736,3.63,2.759,1.932,69.8,34.46,23.55,9.71,0.72,0,1.5,165.2,15.379999999999999,0.0,10.33,18
AMCR,Amcor plc,Consumer Cyclical,Packaging & Containers,packaging-containers,20662228992,0.93,1.443,0.749,77.4,19.139999999999997,36.33,10.45,0.17,0,5.67,-11.700000000000001,3.06,6.9,4.36,18
RDDT,"Reddit, Inc.",Communication Services,Internet Content & Information,internet-content-information,26860785664,9.67,10.486,10.175,61.1,91.44,32.37,14.75,0.32,0,0.0,193.6,31.35,12.06,18.09,18
ALNY,"Alnylam Pharmaceuticals, Inc.",Healthcare,Biotechnology,biotechnology,27176484864,5.66,3.055,2.791,66.9,79.73,35.52,15.6,0.38,0,0.0,0.0,16.0,5.7700000000000005,39.76,18
SANM,Sanmina Corporation,Technology,Electronic Components,electronic-components,10081662976,0.79,1.78,0.992,69.69999999999999,9.02,33.65,13.52,0.22,0,0.0,68.30000000000001,2.41,4.5600000000000005,10.45,18
SNX,unknown,Technology,Electronics & Computer Distribution,electronics-computer-distribution,0,0.0,1.199,0.605,31.0,7.049999999999999,18.3,11.91,0.0,0,0.77,87.9,1.63,2.42,9.79,18
SOFI,"SoFi Technologies, Inc.",Financial Services,Credit Services,credit-services,20832094208,4.88,1.108,0.459,42.6,83.73,32.95,19.9,0.46,0,0.0,43.8,14.91,14.7,4.59,18
AEM,Agnico Eagle Mines Limited,Basic Materials,Gold,gold,73354551296,5.05,2.858,1.896,35.0,74.51,12.4,11.39,0.84,0,1.19,49.4,40.44,0.89,18.03,18
BG,unknown,Consumer Defensive,Farm Products,farm-products,20131203072,0.22,1.567,0.331,88.3,4.92,22.58,9.3,0.02,0,2.74,33.0,1.0999999999999999,4.7,5.13,18
CEG,Constellation Energy Corporation,Utilities,Utilities - Independent Power Producers,utilities-independent-power-producers,94157094912,3.15,1.363,0.478,63.800000000000004,23.26,22.89,19.71,0.88,0,0.65,1091.0,12.690000000000001,3.3300000000000005,15.97,18
CLS,unknown,Technology,Electronic Components,electronic-components,39859691520,2.56,1.226,0.627,62.4,11.95,35.74,17.47,0.85,0,0.0,74.2,7.16,2.65,37.56,18
CVNA,Carvana Co.,Consumer Cyclical,Auto & Truck Dealerships,auto-truck-dealerships,89462906880,3.57,3.926,1.724,52.400000000000006,19.37,31.81,31.24,1.37,0,0.0,61.5,6.260000000000001,14.34,40.89,18
ET,Energy Transfer LP,Energy,Oil & Gas Midstream,oil-gas-midstream,69886500864,0.76,1.169,0.884,32.1,18.62,16.92,13.26,0.42,0,6.72,-3.5999999999999996,4.72,1.09,12.9,18
GPN,unknown,Industrials,Specialty Business Services,specialty-business-services,0,0.0,0.792,0.493,63.1,67.4,31.08,5.24,0.0,0,1.13,0.0,-7.969999999999999,8.75,6.12,18
DY,unknown,Industrials,Engineering & Construction,engineering-construction,0,0.0,2.584,2.426,56.10000000000001,20.46,38.08,19.98,0.0,0,0.0,43.5,4.9799999999999995,5.8500000000000005,15.12,18
NMR,"Nomura Holdings, Inc.",Financial Services,Capital Markets,capital-markets,28071497728,0.01,1.544,1.528,31.2,77.98,11.86,17.15,0.0,0,3.39,42.0,17.29,0.06,9.77,18
ARGX,argenx SE,Healthcare,Biotechnology,biotechnology,53065449472,9.98,5.123,4.524,59.3,59.07,32.47,21.81,1.66,0,0.0,95.19999999999999,32.26,2.46,17.64,18
JEF,Jefferies Financial Group Inc.,Financial Services,Capital Markets,capital-markets,11097067520,2.05,0.0,0.0,35.0,2.62,15.24,12.01,1.3,0,2.9,159.8,23.02,2.83,6.72,18
KGC,Kinross Gold Corporation,Basic Materials,Gold,gold,27123394560,3.2,2.892,1.9,29.5,69.35,8.69,7.84,0.69,0,0.68,64.8,37.519999999999996,0.0,27.87,18
LHX,"L3Harris Technologies, Inc.",Industrials,Aerospace & Defense,aerospace-defense,50638692352,3.94,0.0,0.0,190.0,30.409999999999997,27.46,19.94,-2.47,0,1.84,-6.1,10.37,1.9,8.18,18
INCY,Incyte Corporation,Healthcare,Biotechnology,biotechnology,24161550336,4.15,4.593,4.314,37.7,55.66,15.18,13.6,1.15,0,0.0,37.7,27.71,9.06,24.9,18
LTM,unknown,Industrials,Airlines,airlines,0,0.0,0.672,0.559,21.9,29.93,9.2,7.85,0.0,0,2.94,70.7,11.21,1.1400000000000001,108.5,18
ASND,Ascendis Pharma A/S,Healthcare,Biotechnology,biotechnology,16054338560,18.54,0.996,0.683,144.3,89.03999999999999,28.39,22.99,-0.9,0,0.0,0.0,57.28,5.609999999999999,140.05,18
ARW,"Arrow Electronics, Inc.",Technology,Electronics & Computer Distribution,electronics-computer-distribution,10967719936,0.33,1.238,0.998,39.0,11.26,15.36,10.0,0.18,0,0.0,201.29999999999998,2.17,3.32,8.68,18
HL,Hecla Mining Company,Basic Materials,Other Precious Metals & Mining,other-precious-metals-mining,9473075200,5.81,4.94,4.381,100.4,59.589999999999996,20.47,11.87,-0.01,0,0.11,0.0,16.81,0.0,12.41,18
EQNR,Equinor ASA,Energy,Oil & Gas Integrated,oil-gas-integrated,96752205824,0.85,1.176,0.918,37.4,40.129999999999995,11.04,11.47,0.32,0,3.73,298.0,7.969999999999999,2.92,12.48,18
FNV,unknown,Basic Materials,Gold,gold,0,0.0,6.155,5.431,77.7,91.82000000000001,30.01,23.15,0.0,0,0.8,123.10000000000001,65.67,0.0,14.57,18
ZTO,ZTO Express (Cayman) Inc.,Industrials,Integrated Freight & Logistics,integrated-freight-logistics,18206769152,0.35,1.64,1.362,22.0,24.89,14.17,10.52,0.21,0,2.89,9.8,17.88,2.9000000000000004,13.68,16
RCI,Rogers Communications Inc.,Communication Services,Telecom Services,telecom-services,18302832640,0.81,0.545,0.44,7.7,44.26,4.19,9.79,0.42,0,4.17,0.0,27.279999999999998,0.0,38.84,16
RGA,"Reinsurance Group of America, Incorporated",Financial Services,Insurance - Reinsurance,insurance-reinsurance,15476830208,0.62,1.123,0.603,23.5,13.459999999999999,12.84,8.08,0.41,0,1.56,16.6,4.92,1.8900000000000001,8.78,16
SE,unknown,Consumer Cyclical,Internet Retail,internet-retail,0,0.0,1.578,0.761,46.6,44.269999999999996,42.15,20.39,0.0,0,0.0,3.1,6.36,5.8999999999999995,12.6,16
SCHW,The Charles Schwab Corporation,Financial Services,Capital Markets,capital-markets,182096183296,7.0,0.642,0.642,20.9,97.5,19.07,13.37,0.14,0,1.23,42.6,38.79,0.0,20.75,16
STRL,"Sterling Infrastructure, Inc.",Industrials,Engineering & Construction,engineering-construction,18513297408,6.42,1.102,1.075,91.60000000000001,23.29,53.82,23.88,0.41,0,0.0,141.4,12.02,4.84,26.17,16
TCOM,Trip.com Group Limited,Consumer Cyclical,Travel Services,travel-services,29407234048,0.45,1.53,1.207,17.2,80.32000000000001,6.99,11.12,0.07,0,0.57,-39.7,48.65,2.18,19.48,16
TTE,TotalEnergies SE,Energy,Oil & Gas Integrated,oil-gas-integrated,194563883008,0.99,1.061,0.533,27.800000000000004,37.68,10.97,9.09,0.45,0,4.89,106.0,9.08,0.26,11.43,16
AER,unknown,Industrials,Rental & Leasing Services,rental-leasing-services,23924201472,2.67,1.3,1.029,14.899999999999999,62.82,7.48,8.4,0.84,0,1.05,-35.3,37.85,0.83,20.47,16
WAT,Waters Corporation,Healthcare,Diagnostics & Research,diagnostics-research,36567359488,9.7,1.788,0.974,91.4,55.15,47.32,22.58,0.37,0,0.0,0.0,11.93,3.73,25.09,16
STLD,"Steel Dynamics, Inc.",Basic Materials,Steel,steel,36234776576,1.76,3.183,1.316,33.4,14.649999999999999,22.92,13.4,1.0,0,0.84,83.6,7.82,3.1,13.24,16
TER,unknown,Technology,Semiconductor Equipment & Materials,semiconductor-equipment-materials,0,0.0,2.125,1.315,103.89999999999999,59.230000000000004,51.03,32.11,0.0,0,0.14,385.8,25.77,5.390000000000001,19.82,16
WES,"Western Midstream Partners, LP",Energy,Oil & Gas Midstream,oil-gas-midstream,19131947008,4.72,1.094,1.063,22.5,69.83,15.23,12.42,1.1,0,7.83,7.6,29.509999999999998,2.87,29.37,16
AFL,unknown,Financial Services,Insurance - Life,insurance-life,0,0.0,0.935,0.814,27.900000000000002,50.05,14.54,16.86,0.0,0,1.9,3860.0,25.6,3.16,12.36,16
PODD,Insulet Corporation,Healthcare,Medical Devices,medical-devices,11335856128,3.91,2.487,1.491,33.900000000000006,71.00999999999999,38.33,20.32,0.75,0,0.0,159.0,10.440000000000001,7.57,16.31,16
APH,unknown,Technology,Electronic Components,electronic-components,0,0.0,1.888,1.294,55.00000000000001,38.95,40.52,25.14,0.0,0,0.63,59.3,17.73,1.52,31.84,16
PUK,unknown,Financial Services,Insurance - Life,insurance-life,37885677568,2.63,2.392,1.012,18.8,41.39,9.92,14.03,1.25,0,1.82,30.8,27.57,0.06999999999999999,19.77,16
IX,unknown,Financial Services,Financial Conglomerates,financial-conglomerates,0,0.0,2.076,1.939,28.000000000000004,43.19,16.44,0.0,0.0,0,2.45,-25.7,13.43,0.06,9.98,16
LPLA,LPL Financial Holdings Inc.,Financial Services,Capital Markets,capital-markets,28365123584,1.48,2.342,2.285,36.4,29.89,28.42,11.98,0.66,0,0.35,39.4,5.24,6.09,16.15,16
KEP,Korea Electric Power Corporation,Utilities,Utilities - Regulated Electric,utilities-regulated-electric,15310843904,0.0,0.429,0.242,0.7000000000000001,16.99,2.56,3.1,0.0,0,4.31,7.1,8.92,0.38,17.74,16
JBS,JBS N.V.,Consumer Defensive,Packaged Foods,packaged-foods,45898629120,0.52,1.503,0.697,10.7,12.46,8.61,8.77,0.41,0,9.39,-57.199999999999996,1.9800000000000002,13.48,23.26,16
PDD,PDD Holdings Inc.,Consumer Cyclical,Internet Retail,internet-retail,124753575936,0.28,2.535,2.134,11.0,55.98,9.2,7.18,0.11,0,0.0,-14.899999999999999,21.62,3.8,23.67,16
NBIX,"Neurocrine Biosciences, Inc.",Healthcare,Drug Manufacturers - Specialty & Generic,drug-manufacturers-specialty-generic,16835083264,4.99,1.872,1.46,39.5,67.81,24.44,13.2,0.97,0,0.0,31.1,20.91,6.909999999999999,14.71,16
NVO,unknown,Healthcare,Drug Manufacturers - General,drug-manufacturers-general,207961751552,0.63,0.788,0.541,24.0,83.2,11.28,14.33,0.08,0,3.49,67.10000000000001,37.21,0.98,52.79,16
OVV,Ovintiv Inc.,Energy,Oil & Gas E&P,oil-gas-e-p,17070368768,1.79,1.008,0.924,29.7,53.86,17.14,8.45,0.58,0,1.95,37.3,9.66,5.76,11.09,16
NVT,nVent Electric plc,Industrials,Electrical Equipment & Parts,electrical-equipment-parts,25094162432,5.79,1.695,1.144,53.5,37.01,52.78,27.01,1.7,0,0.58,-59.5,11.37,2.82,19.04,16
MELI,"MercadoLibre, Inc.",Consumer Cyclical,Internet Retail,internet-retail,94430855168,2.97,1.161,0.438,49.0,49.47,49.15,31.96,0.77,0,0.0,-15.6,6.04,1.91,29.59,16
MKC,"McCormick & Company, Incorporated",Consumer Defensive,Packaged Foods,packaged-foods,13757133824,1.86,0.781,0.291,16.7,38.85,8.69,15.51,0.95,0,3.69,-14.2,21.91,0.0,13.76,16
MLI,unknown,Industrials,Metal Fabrication,metal-fabrication,14854543360,3.19,4.775,3.655,25.5,28.78,17.49,15.33,1.69,0,1.05,1.7999999999999998,18.25,1.87,23.84,16
NBIS,unknown,Communication Services,Internet Content & Information,internet-content-information,49098833920,55.93,8.331,8.139,683.9000000000001,72.06,58.6,-119.86,-91.25,0,0.0,0.0,93.08999999999999,28.000000000000004,1.8,16
AXIA,AXIA Energia SA,Utilities,Utilities - Renewable,utilities-renewable,24122476544,0.55,2.107,1.249,22.1,46.97,12.31,11.4,0.23,0,5.03,0.0,21.89,0.24,5.54,16
HOOD,"Robinhood Markets, Inc.",Financial Services,Capital Markets,capital-markets,76397019136,15.49,1.116,1.052,32.300000000000004,91.89,37.6,27.04,0.85,0,0.0,47.599999999999994,42.01,4.88,20.6,16
ITT,unknown,Industrials,Specialty Industrial Machinery,specialty-industrial-machinery,0,0.0,1.527,0.908,32.7,35.35,34.1,20.94,0.0,0,0.8,-33.1,10.8,8.68,11.95,16
GMED,"Globus Medical, Inc.",Healthcare,Medical Devices,medical-devices,10624745472,3.43,4.556,2.83,27.0,68.49,18.55,15.21,0.79,0,0.0,66.7,18.92,6.279999999999999,11.76,16
GIL,Gildan Activewear Inc.,Consumer Cyclical,Apparel Manufacturing,apparel-manufacturing,10059620352,2.12,0.0,0.0,72.3,33.44,42.11,9.85,0.39,0,1.9,0.0,1.28,5.13,11.2,16
GEN,unknown,Technology,Software - Infrastructure,software-infrastructure,16275311616,3.26,0.399,0.255,27.0,78.46,17.32,8.27,0.51,0,1.83,265.2,19.46,5.99,37.27,16
FUTU,Futu Holdings Limited,Financial Services,Capital Markets,capital-markets,14570414080,0.65,1.146,1.143,28.799999999999997,94.44,11.48,8.5,0.03,0,2.51,-60.699999999999996,45.03,9.2,28.34,16
FN,unknown,Technology,Electronic Components,electronic-components,0,0.0,2.549,1.604,39.300000000000004,12.04,37.77,25.38,0.0,0,0.0,53.300000000000004,9.94,7.380000000000001,16.78,16
BCE,BCE Inc.,Communication Services,Telecom Services,telecom-services,20086607872,0.81,0.737,0.55,4.0,44.96,4.62,11.31,0.43,0,5.68,-2.9000000000000004,26.08,0.0,32.74,16
ESI,unknown,Basic Materials,Specialty Chemicals,specialty-chemicals,8802115584,2.79,2.907,1.726,56.39999999999999,38.59,48.81,17.45,0.75,0,0.9,61.9,5.67,5.29,7.13,16
FIVE,"Five Below, Inc.",Consumer Cyclical,Specialty Retail,specialty-retail,11835693056,2.33,2.098,1.133,32.5,36.8,26.99,21.92,0.99,0,0.0,195.6,8.67,4.15,16.35,16
EDU,unknown,Consumer Defensive,Education & Training Services,education-training-services,0,0.0,1.499,1.326,23.0,54.64,19.6,11.66,0.0,0,2.12,791.4,8.39,2.97,10.15,16
CQP,unknown,Energy,Oil & Gas Midstream,oil-gas-midstream,0,0.0,0.419,0.292,20.4,35.57,15.32,14.44,0.0,0,5.19,-82.39999999999999,22.27,1.6199999999999999,721.5,16
BRO,"Brown & Brown, Inc.",Financial Services,Insurance Brokers,insurance-brokers,23548205056,3.53,1.127,0.396,32.4,56.279999999999994,22.48,14.61,1.04,0,0.93,7.1,18.08,7.290000000000001,8.4,16
BLK,unknown,Financial Services,Asset Management,asset-management,0,0.0,0.0,0.0,30.599999999999998,47.15,26.22,17.0,0.0,0,2.09,19.7,24.09,1.38,9.94,16
AAON,"AAON, Inc.",Industrials,Building Products & Equipment,building-products-equipment,7413419520,4.58,2.624,1.691,54.300000000000004,26.240000000000002,63.74,26.6,1.55,0,0.46,37.1,7.3,5.84,12.02,16
ADBE,Adobe Inc.,Technology,Software - Application,software-application,96878698496,3.84,0.751,0.631,12.7,89.4,13.94,8.87,0.36,0,0.0,7.9,28.689999999999998,5.7,61.34,14
HAS,unknown,Consumer Cyclical,Leisure,leisure,0,0.0,1.661,1.242,16.2,63.82,16.81,14.49,0.0,0,2.96,0.0,15.97,5.83,-59.87,14
HBM,Hudbay Minerals Inc.,Basic Materials,Copper,copper,10028788736,4.06,2.244,1.817,17.7,56.57,13.2,12.01,1.45,0,0.12,14.099999999999998,27.48,0.0,17.6,14
HIG,"The Hartford Insurance Group, Inc.",Financial Services,Insurance - Diversified,insurance-diversified,39206191104,1.34,1.772,0.999,8.1,37.87,9.88,10.42,0.76,0,1.68,36.1,14.89,0.02,20.57,14
HII,unknown,Industrials,Aerospace & Defense,aerospace-defense,0,0.0,1.23,1.1,10.9,12.4,18.74,15.4,0.0,0,1.73,36.5,5.01,2.97,11.93,14
AVY,unknown,Consumer Cyclical,Packaging & Containers,packaging-containers,0,0.0,1.132,0.672,10.9,28.98,18.59,15.15,0.0,0,2.29,10.8,7.62,4.17,30.69,14
BALL,Ball Corporation,Consumer Cyclical,Packaging & Containers,packaging-containers,17158256640,1.26,1.119,0.654,16.3,19.17,18.79,14.25,0.85,0,1.22,21.9,6.859999999999999,3.36,16.82,14
HMY,unknown,Basic Materials,Gold,gold,0,0.0,0.542,0.369,19.5,43.5,10.11,4.66,0.0,0,2.62,22.7,20.06,2.21,,14
BLD,TopBuild Corp.,Industrials,Engineering & Construction,engineering-construction,9935550464,1.77,1.997,1.364,17.2,28.96,19.92,17.04,1.04,0,0.0,-11.799999999999999,8.95,12.53,22.53,14
UBER,"Uber Technologies, Inc.",Technology,Software - Application,software-application,142430863360,2.65,1.069,0.833,14.499999999999998,39.64,17.36,15.85,1.37,0,0.0,-84.6,15.909999999999998,2.64,37.18,14
ULTA,"Ulta Beauty, Inc.",Consumer Cyclical,Specialty Retail,specialty-retail,21879840768,1.72,1.311,0.204,11.1,43.19,19.09,15.97,0.87,0,0.0,15.5,9.35,5.72,41.14,14
UMC,United Microelectronics Corporation,Technology,Semiconductors,semiconductors,48477872128,0.19,2.166,1.772,17.0,30.599999999999998,18.95,22.01,0.11,0,2.41,374.6,33.29,0.88,11.03,14
HON,unknown,Industrials,Conglomerates,conglomerates,76331827200,2.01,1.211,0.756,4.3,36.51,9.26,24.13,1.22,0,1.16,263.9,21.58,3.02,34.01,14
HPE,Hewlett Packard Enterprise Company,Technology,Communication Equipment,communication-equipment,63435968512,1.63,1.088,0.566,40.0,33.78,44.77,11.96,0.65,0,1.21,0.0,4.01,5.6000000000000005,0.23,14
HTHT,H World Group Limited,Consumer Cyclical,Lodging,lodging,13003643904,0.5,0.933,0.875,11.1,40.5,18.15,13.32,0.27,0,4.99,-7.1,19.31,4.83,39.68,14
HUM,unknown,Healthcare,Healthcare Plans,healthcare-plans,44133113856,0.3,1.742,1.285,26.200000000000003,13.65,34.67,22.58,0.19,0,0.97,27.1,0.88,4.02,6.73,14
IBKR,"Interactive Brokers Group, Inc.",Financial Services,Capital Markets,capital-markets,151845814272,22.22,1.096,1.096,22.3,93.04,35.52,28.05,1.2,0,0.39,36.9,16.470000000000002,2.4,18.35,14
FICO,Fair Isaac Corporation,Technology,Software - Application,software-application,23304822784,9.74,1.183,1.129,25.7,85.1,31.25,20.11,1.08,0,0.0,41.199999999999996,34.050000000000004,11.44,-37.34,14
FNF,"Fidelity National Financial, Inc.",Financial Services,Insurance - Specialty,insurance-specialty,13823931392,0.92,0.953,0.147,16.7,54.620000000000005,18.28,8.72,0.35,0,4.0,200.0,5.09,2.79,8.11,14
INTU,Intuit Inc.,Technology,Software - Application,software-application,85879668736,4.1,1.453,0.624,10.4,80.78999999999999,19.18,11.48,0.71,0,1.52,10.7,21.91,6.63,19.63,14
BUD,Anheuser-Busch InBev SA/NV,Consumer Defensive,Beverages - Brewers,beverages-brewers,165934694400,2.65,0.664,0.479,11.0,56.489999999999995,18.52,17.48,1.03,0,1.56,125.29999999999998,14.899999999999999,0.79,7.83,14
BX,Blackstone Inc.,Financial Services,Asset Management,asset-management,159284854784,10.29,0.973,0.947,28.599999999999998,100.0,28.63,17.14,0.0,0,4.04,57.3,22.73,3.16,34.84,14
THC,Tenet Healthcare Corporation,Healthcare,Medical Care Facilities,medical-care-facilities,20227983360,0.93,1.406,0.858,6.800000000000001,41.660000000000004,9.71,12.29,0.5,0,0.0,213.39999999999998,10.27,4.01,33.34,14
IONQ,"IonQ, Inc.",Technology,Computer Hardware,computer-hardware,13489976320,72.09,14.052,13.123,754.6999999999999,36.11,92.67,-32.1,-301.56,0,0.0,0.0,174.88,12.67,-13.43,14
J,Jacobs Solutions Inc.,Industrials,Engineering & Construction,engineering-construction,15700034560,1.19,1.434,1.355,27.0,23.419999999999998,39.22,16.16,0.67,0,1.08,0.0,2.9000000000000004,6.97,7.95,14
JHX,James Hardie Industries plc,Basic Materials,Building Materials,building-materials,15056837632,3.11,1.578,0.683,44.5,36.76,136.55,17.22,1.09,0,0.0,-50.5,2.15,3.36,1.62,14
JLL,Jones Lang LaSalle Incorporated,Real Estate,Real Estate Services,real-estate-services,16593126400,0.6,1.126,0.882,10.8,51.23,17.16,13.33,0.26,0,0.0,97.8,3.64,2.36,10.56,14
FDX,unknown,Industrials,Integrated Freight & Logistics,integrated-freight-logistics,73019506688,0.77,1.475,1.387,12.5,27.32,16.65,15.06,0.49,0,1.58,-4.3,4.68,2.4899999999999998,14.01,14
LITE,Lumentum Holdings Inc.,Technology,Communication Equipment,communication-equipment,55108853760,22.15,1.137,0.938,90.10000000000001,40.839999999999996,124.71,38.59,1.3,0,0.0,0.0,17.68,12.5,2.28,14
LOW,unknown,Consumer Cyclical,Home Improvement Retail,home-improvement-retail,0,0.0,1.093,0.096,10.299999999999999,33.29,17.64,15.48,0.0,0,2.38,-0.7000000000000001,7.51,2.1999999999999997,-67.1,14
AR,Antero Resources Corporation,Energy,Oil & Gas E&P,oil-gas-e-p,10926383104,1.89,0.401,0.28,12.6,67.15,10.18,8.28,0.54,0,0.0,79.9,18.75,3.9899999999999998,8.4,14
EVR,unknown,Financial Services,Capital Markets,capital-markets,0,0.0,0.0,0.0,18.8,93.93,17.94,14.03,0.0,0,1.17,-1.7000000000000002,15.82,3.1300000000000003,29.14,14
AS,unknown,Consumer Cyclical,Leisure,leisure,0,0.0,1.664,0.804,32.1,58.220000000000006,45.36,23.09,0.0,0,0.0,20.8,6.5,9.13,7.37,14
LULU,lululemon athletica inc.,Consumer Cyclical,Apparel Retail,apparel-retail,13493612544,1.2,2.226,0.936,4.3,55.69,9.62,10.54,0.51,0,0.0,-35.0,13.03,9.229999999999999,31.83,14
T,AT&T Inc.,Communication Services,Telecom Services,telecom-services,160174522368,1.26,0.971,0.602,2.3,59.72,7.71,9.12,0.5,0,4.78,6.2,16.939999999999998,1.5699999999999998,19.86,14
CCK,unknown,Consumer Cyclical,Packaging & Containers,packaging-containers,12695211008,0.96,1.049,0.583,16.5,20.96,16.79,12.9,0.63,0,1.11,42.9,5.91,4.36,24.61,14
MFC,Manulife Financial Corporation,Financial Services,Insurance - Life,insurance-life,74505617408,2.33,30.143,8.905,12.1,50.32,18.18,12.76,1.02,0,3.0,161.60000000000002,20.04,0.0,13.05,14
ENB,unknown,Energy,Oil & Gas Midstream,oil-gas-midstream,0,0.0,0.809,0.526,20.8,38.86,26.46,24.38,0.0,0,4.97,-26.200000000000003,10.0,1.05,13.49,14
EOG,"EOG Resources, Inc.",Energy,Oil & Gas E&P,oil-gas-e-p,77870292992,3.3,1.716,1.425,15.6,61.99,14.38,9.95,1.06,0,2.8,39.6,23.32,3.65,16.69,14
MKL,Markel Group Inc.,Financial Services,Insurance - Property & Casualty,insurance-property-casualty,23212339200,1.4,3.151,1.029,12.7,51.93,10.34,16.11,0.59,0,0.0,109.1,13.77,2.39,11.33,14
NEM,Newmont Corporation,Basic Materials,Gold,gold,98615058432,3.83,2.546,1.949,15.1,68.04,11.8,8.84,1.04,0,1.09,11.4,33.36,2.16,20.92,14
NTR,Nutrien Ltd.,Basic Materials,Agricultural Inputs,agricultural-inputs,33323233280,1.24,1.239,0.531,19.0,32.269999999999996,14.14,13.5,0.68,0,3.11,1250.0,8.88,1.16,8.95,14
DRI,"Darden Restaurants, Inc.",Consumer Cyclical,Restaurants,restaurants,23478530048,1.78,0.314,0.115,13.700000000000001,21.67,19.65,16.55,1.2,0,2.96,36.0,9.13,6.78,54.66,14
DUK,Duke Energy Corporation,Utilities,Utilities - Regulated Electric,utilities-regulated-electric,98205736960,3.0,0.661,0.299,11.3,51.05,19.38,17.57,1.3,0,3.36,12.0,15.709999999999999,2.53,9.77,14
E,Eni S.p.A.,Energy,Oil & Gas Integrated,oil-gas-integrated,79536742400,0.88,1.48,0.8,18.5,21.47,19.61,11.56,0.57,0,4.4,580.6,5.87,0.12,5.44,14
NUE,unknown,Basic Materials,Steel,steel,0,0.0,2.508,1.284,23.0,15.55,20.65,14.25,0.0,0,0.87,93.8,7.99,2.34,8.33,14
OHI,"Omega Healthcare Investors, Inc.",Real Estate,REIT - Healthcare Facilities,reit-healthcare-facilities,15794995200,12.52,1.323,0.906,11.200000000000001,97.92,18.14,24.62,0.23,0,5.4,160.60000000000002,68.06,4.46,11.39,14
OKE,"ONEOK, Inc.",Energy,Oil & Gas Midstream,oil-gas-midstream,56495042560,1.6,0.71,0.492,19.6,29.64,15.98,14.47,0.91,0,4.76,18.0,10.03,4.64,15.09,14
ONC,BeOne Medicines AG,Healthcare,Biotechnology,biotechnology,32439894016,5.65,3.644,3.169,35.5,88.31,70.9,32.26,0.43,0,0.0,16970.8,8.94,1.31,6.58,14
PAG,"Penske Automotive Group, Inc.",Consumer Cyclical,Auto & Truck Dealerships,auto-truck-dealerships,14248521728,0.44,0.975,0.17,11.1,16.150000000000002,15.25,15.07,0.33,0,2.61,5.0,2.81,14.56,16.82,14
PBR,Petróleo Brasileiro S.A. - Petrobras,Energy,Oil & Gas Integrated,oil-gas-integrated,122990723072,0.25,0.743,0.426,0.4,47.36,6.04,4.64,0.13,0,9.48,-7.199999999999999,21.6,0.0,25.98,14
PEG,Public Service Enterprise Group Incorporated,Utilities,Utilities - Regulated Electric,utilities-regulated-electric,38465429504,3.01,0.969,0.661,19.400000000000002,35.36,17.08,16.49,1.57,0,3.46,25.4,17.69,2.56,12.43,14
PNW,unknown,Utilities,Utilities - Regulated Electric,utilities-regulated-electric,0,0.0,0.599,0.261,11.4,43.01,18.89,18.16,0.0,0,3.59,0.0,11.99,9.78,8.75,14
AIZ,unknown,Financial Services,Insurance - Property & Casualty,insurance-property-casualty,0,0.0,0.386,0.144,11.3,12.740000000000002,14.41,12.5,0.0,0,1.25,91.2,7.6,4.05,14.86,14
AJG,unknown,Financial Services,Insurance Brokers,insurance-brokers,0,0.0,1.053,0.173,35.9,41.510000000000005,41.91,16.99,0.0,0,1.09,-10.7,10.58,3.15,6.41,14
ALL,The Allstate Corporation,Financial Services,Insurance - Property & Casualty,insurance-property-casualty,68257734656,1.0,0.364,0.236,3.0,34.43,5.87,10.0,0.64,0,1.63,338.4,17.810000000000002,0.05,35.94,14
CF,"CF Industries Holdings, Inc.",Basic Materials,Agricultural Inputs,agricultural-inputs,19252054016,2.6,3.54,2.915,19.400000000000002,39.12,11.28,11.12,1.28,0,1.91,115.10000000000001,23.73,7.19,30.07,14
CHTR,"Charter Communications, Inc.",Communication Services,Telecom Services,telecom-services,19318331392,0.36,0.361,0.302,-1.7000000000000002,55.19,3.73,3.25,0.36,0,0.0,16.1,9.049999999999999,45.47,31.06,14
SU,unknown,Energy,Oil & Gas Integrated,oil-gas-integrated,0,0.0,1.417,0.888,17.5,58.78,17.95,12.09,0.0,0,2.53,29.9,12.389999999999999,0.0,13.11,14
SUZ,Suzano S.A.,Basic Materials,Paper & Paper Products,paper-paper-products,10338827264,0.21,3.515,2.479,-5.1,31.419999999999998,4.68,5.66,0.22,0,0.01,-31.900000000000002,22.96,0.77,30.6,14
PRU,unknown,Financial Services,Insurance - Life,insurance-life,0,0.0,0.81,0.715,15.299999999999999,28.96,12.57,8.36,0.0,0,4.56,-14.299999999999999,5.48,4.03,11.02,14
AMKR,"Amkor Technology, Inc.",Technology,Semiconductor Equipment & Materials,semiconductor-equipment-materials,12666106880,1.7,2.171,1.869,25.6,15.509999999999998,22.86,18.06,1.07,0,0.69,218.2,7.449999999999999,14.219999999999999,8.36,14
AMP,unknown,Financial Services,Asset Management,asset-management,48333586432,2.44,8.779,8.434,11.600000000000001,54.93,13.62,10.61,0.97,0,1.25,11.700000000000001,19.900000000000002,4.96,54.41,14
D,"Dominion Energy, Inc.",Utilities,Utilities - Regulated Electric,utilities-regulated-electric,61364523008,3.52,0.777,0.316,23.1,47.260000000000005,20.58,18.28,1.43,0,3.78,-10.2,16.93,3.5700000000000003,10.67,14
DAL,unknown,Industrials,Airlines,airlines,0,0.0,0.424,0.267,18.7,18.7,14.59,9.93,0.0,0,0.88,-25.4,5.779999999999999,3.85,24.0,14
RIO,Rio Tinto Group,Basic Materials,Other Industrial Metals & Mining,other-industrial-metals-mining,157404954624,2.55,1.424,0.926,15.5,29.75,13.1,11.01,1.51,0,4.78,46.9,19.580000000000002,0.86,16.02,14
RJF,"Raymond James Financial, Inc.",Financial Services,Asset Management,asset-management,33833613312,2.22,0.0,0.0,15.2,93.16,15.34,12.42,0.13,0,1.23,42.0,15.120000000000001,5.66,17.18,14
ROST,"Ross Stores, Inc.",Consumer Cyclical,Apparel Retail,apparel-retail,80461520896,3.38,1.541,0.884,20.599999999999998,32.74,34.98,29.31,1.81,0,0.7,37.4,9.74,3.73,34.67,14
CPAY,"Corpay, Inc.",Technology,Software - Infrastructure,software-infrastructure,25002240000,5.23,0.977,0.489,25.4,79.71000000000001,22.91,12.5,0.79,0,0.0,49.1,24.6,3.9600000000000004,27.55,14
CR,unknown,Industrials,Specialty Industrial Machinery,specialty-industrial-machinery,0,0.0,2.804,1.589,25.6,41.74,37.27,27.43,0.0,0,0.48,10.6,12.97,2.41,17.79,14
CRDO,Credo Technology Group Holding Ltd,Technology,Semiconductors,semiconductors,38957117440,29.18,10.153,8.507,157.0,68.04,83.23,23.02,-5.32,0,0.0,343.2,35.370000000000005,3.62,22.89,14
RS,unknown,Basic Materials,Steel,steel,20764397568,1.31,4.297,2.134,26.5,28.28,23.65,17.62,0.69,0,1.25,42.3,5.66,2.63,10.31,14
SBS,Companhia de Saneamento Básico do Estado de São Paulo - SABESP,Utilities,Utilities - Regulated Water,utilities-regulated-water,19340171264,0.49,1.739,1.704,18.3,36.58,11.26,9.95,0.25,0,0.64,15.4,22.03,0.62,19.96,14
SEIC,SEI Investments Company,Financial Services,Asset Management,asset-management,12250957824,5.0,5.059,4.765,14.7,78.39,17.97,14.76,0.92,0,1.01,-10.7,28.849999999999998,2.06,29.22,14
SF,unknown,Financial Services,Capital Markets,capital-markets,12543988736,2.13,0.0,0.0,12.7,95.54,14.8,11.29,0.08,0,1.57,60.4,16.21,0.01,12.92,14
SNEX,StoneX Group Inc.,Financial Services,Capital Markets,capital-markets,9266970624,0.06,1.059,1.038,23.799999999999997,1.6400000000000001,20.54,17.28,0.05,0,0.0,120.19999999999999,0.31,7.08,12.87,14
SNPS,"Synopsys, Inc.",Technology,Software - Infrastructure,software-infrastructure,73041698816,8.42,1.434,0.997,41.9,82.6,87.49,22.07,0.85,0,0.0,-96.0,8.91,2.94,4.7,14
SPG,unknown,Real Estate,REIT - Retail,reit-retail,0,0.0,0.196,0.195,19.3,81.58,16.04,34.23,0.0,0,3.82,16.400000000000002,70.59,0.0,89.55,14
WSE,Wise Group plc,Technology,Information Technology Services,information-technology-services,11869324288,4.74,1.071,0.187,26.8,84.15,25.04,17.18,0.55,0,0.0,-4.5,19.93,0.0,,14
WIT,Wipro Limited,Technology,Information Technology Services,information-technology-services,19339546624,0.02,1.672,1.575,10.6,29.04,15.04,13.1,0.01,0,4.44,0.8999999999999999,13.919999999999998,2.92,14.91,14
YUMC,"Yum China Holdings, Inc.",Consumer Cyclical,Restaurants,restaurants,16399996928,1.32,0.965,0.616,12.6,20.330000000000002,18.13,14.54,0.92,0,2.5,21.4,7.84,1.41,17.27,14
GMAB,Genmab A/S,Healthcare,Biotechnology,biotechnology,17491032064,4.48,2.184,2.166,25.3,93.31,21.75,15.15,0.22,0,0.0,-72.8,21.05,1.25,,14
WTS,"Watts Water Technologies, Inc.",Industrials,Specialty Industrial Machinery,specialty-industrial-machinery,11581128704,4.53,2.718,1.521,21.4,49.24,31.7,26.29,1.81,0,0.65,34.5,14.32,4.08,16.81,14
AES,The AES Corporation,Utilities,Utilities - Diversified,utilities-diversified,10469154816,0.84,0.73,0.417,8.7,19.3,7.65,6.17,0.62,0,4.74,951.0999999999999,10.82,3.2300000000000004,22.4,14
UAL,"United Airlines Holdings, Inc.",Industrials,Airlines,airlines,39746809856,0.63,0.78,0.688,16.0,31.819999999999997,11.47,7.92,0.36,0,0.0,-17.2,5.56,6.77,21.94,14
GILD,"Gilead Sciences, Inc.",Healthcare,Drug Manufacturers - General,drug-manufacturers-general,161186807808,5.42,1.967,1.536,4.3999999999999995,79.36999999999999,17.66,13.5,1.07,0,2.5,54.800000000000004,30.990000000000002,2.04,37.49,12
GL,Globe Life Inc.,Financial Services,Insurance - Life,insurance-life,14128628736,2.28,0.0,0.0,8.0,33.910000000000004,12.1,11.02,1.39,0,0.72,19.7,19.580000000000002,0.09,19.44,12
AFRM,"Affirm Holdings, Inc.",Financial Services,Credit Services,credit-services,23917885440,6.02,13.542,9.572,32.6,48.370000000000005,64.93,19.21,2.1,0,0.0,3529.2999999999997,9.629999999999999,5.7299999999999995,1.7,12
ABNB,"Airbnb, Inc.",Consumer Cyclical,Travel Services,travel-services,89868509184,7.11,1.442,0.745,17.9,82.91,37.39,25.16,1.0,0,0.0,6.0,19.900000000000002,3.39,30.63,12
AIG,unknown,Financial Services,Insurance - Diversified,insurance-diversified,0,0.0,0.611,0.204,1.4000000000000001,35.53,13.81,8.88,0.0,0,2.54,21.6,11.84,2.04,7.53,12
AFG,unknown,Financial Services,Insurance - Property & Casualty,insurance-property-casualty,0,0.0,2.145,0.836,0.3,19.29,13.41,11.71,0.0,0,2.48,24.6,11.06,2.71,17.47,12
BKNG,Booking Holdings Inc.,Consumer Cyclical,Travel Services,travel-services,149834383360,5.41,1.057,0.987,16.2,86.99,25.51,15.74,0.59,0,0.83,240.0,22.23,2.9499999999999997,-96.88,12
VNOM,"Viper Energy, Inc.",Energy,Oil & Gas Midstream,oil-gas-midstream,15841138688,10.04,6.171,5.632,109.1,100.0,0.0,18.2,-0.0,0,5.32,-14.499999999999998,-2.92,4.43,-1.53,12
VMI,"Valmont Industries, Inc.",Industrials,Conglomerates,conglomerates,9362855936,2.21,2.354,1.421,6.5,30.4,18.95,18.76,1.44,0,0.65,0.0,11.700000000000001,2.5,20.5,12
VIV,unknown,Communication Services,Telecom Services,telecom-services,0,0.0,0.951,0.75,7.6,48.26,16.33,12.51,0.0,0,7.63,18.5,10.68,1.16,8.98,12
VICI,VICI Properties Inc.,Real Estate,REIT - Diversified,reit-diversified,28903284736,7.05,17.958,17.957,5.7,99.27,10.17,8.96,0.05,0,6.84,-41.4,67.5,2.8400000000000003,9.98,12
VIAV,Viavi Solutions Inc.,Technology,Communication Equipment,communication-equipment,9078031360,6.65,1.615,1.296,42.8,60.68,0.0,28.63,1.5,0,0.0,-68.5,-4.03,6.78,4.46,12
UPS,unknown,Industrials,Integrated Freight & Logistics,integrated-freight-logistics,0,0.0,1.179,1.032,7.6,21.22,19.51,13.0,0.0,0,6.23,-53.0,5.08,3.27,34.34,12
GWW,unknown,Industrials,Industrial Distribution,industrial-distribution,0,0.0,2.686,1.511,10.100000000000001,39.15,36.95,27.18,0.0,0,0.73,18.2,9.700000000000001,2.9499999999999997,45.66,12
GSK,unknown,Healthcare,Drug Manufacturers - General,drug-manufacturers-general,103748460544,3.12,0.815,0.519,5.3,73.49,16.54,10.08,0.78,0,3.49,-69.5,14.52,0.69,34.9,12
GLPI,"Gaming and Leisure Properties, Inc.",Real Estate,REIT - Specialty,reit-specialty,12931493888,7.81,26.473,24.189,9.0,102.15,14.0,13.32,-0.15,0,7.34,46.7,58.53,4.02,17.83,12
WCC,"WESCO International, Inc.",Industrials,Industrial Distribution,industrial-distribution,16715520000,0.67,2.091,1.069,13.0,21.4,23.73,18.26,0.46,0,0.58,10.4,2.8400000000000003,2.91,12.72,12
ZBRA,Zebra Technologies Corporation,Technology,Communication Equipment,communication-equipment,13711271936,2.46,0.961,0.497,14.299999999999999,48.18,34.76,13.9,1.09,0,0.0,3.8,7.489999999999999,7.720000000000001,11.68,12
ABEV,Ambev S.A.,Consumer Defensive,Beverages - Brewers,beverages-brewers,48058191872,0.54,1.022,0.671,0.3,51.9,15.55,14.52,0.26,0,5.42,25.3,18.41,0.0,17.63,12
YPF,YPF Sociedad Anónima,Energy,Oil & Gas Integrated,oil-gas-integrated,20625872896,0.0,0.937,0.569,42.8,29.959999999999997,0.0,9.16,0.0,0,0.0,0.0,-1.82,0.0,-7.64,12
WPC,W. P. Carey Inc.,Real Estate,REIT - Diversified,reit-diversified,16730165248,9.19,1.164,1.125,18.4,94.37,25.15,21.21,0.42,0,5.08,256.5,35.76,5.3,5.74,12
WMG,Warner Music Group Corp.,Communication Services,Entertainment,entertainment,13603732480,1.91,0.728,0.508,16.7,45.800000000000004,31.05,13.3,0.86,0,2.6,393.1,6.34,9.790000000000001,56.41,12
WF,Woori Financial Group Inc.,Financial Services,Banks - Regional,banks-regional,16947458048,0.0,0.0,0.0,37.8,0.0,8.37,6.44,0.0,0,4.02,6.5,29.21,0.1,8.67,12
WRB,unknown,Financial Services,Insurance - Property & Casualty,insurance-property-casualty,27026008064,1.81,0.0,0.0,1.2,43.79,14.99,15.08,1.01,0,0.53,15.0,12.94,0.02,18.34,12
ADSK,"Autodesk, Inc.",Technology,Software - Application,software-application,48440942592,6.45,0.835,0.669,18.4,92.43,33.44,16.09,0.4,0,0.0,231.4,19.49,4.61,36.91,12
CNP,"CenterPoint Energy, Inc.",Utilities,Utilities - Regulated Electric,utilities-regulated-electric,27893510144,2.9,1.123,0.353,10.7,47.03,25.21,20.27,1.37,0,2.28,23.3,11.61,8.77,9.43,12
CNI,unknown,Industrials,Railroads,railroads,77106601984,4.34,0.871,0.496,11.3,55.96,23.09,19.93,1.7,0,2.04,10.2,26.919999999999998,0.0,21.88,12
CNA,unknown,Financial Services,Insurance - Property & Casualty,insurance-property-casualty,0,0.0,0.356,0.162,10.0,30.570000000000004,11.81,11.0,0.0,0,3.48,-22.2,7.91,14.67,11.0,12
CMCSA,Comcast Corporation,Communication Services,Telecom Services,telecom-services,84404322304,0.68,0.796,0.653,-1.2,69.39,7.62,6.57,0.68,0,5.58,-66.8,8.97,2.71,20.64,12
SN,unknown,Consumer Cyclical,"Furnishings, Fixtures & Appliances",furnishings-fixtures-appliances,0,0.0,2.377,1.58,15.6,48.99,32.79,22.85,0.0,0,0.0,2.4,10.7,13.3,26.21,12
SHG,"Shinhan Financial Group Co., Ltd.",Financial Services,Banks - Regional,banks-regional,33068804096,0.0,0.0,0.0,14.099999999999998,0.0,9.99,7.52,0.0,0,2.59,22.1,32.47,0.11,8.62,12
SGI,Somnigroup International Inc.,Consumer Cyclical,"Furnishings, Fixtures & Appliances",furnishings-fixtures-appliances,14010341376,1.83,0.776,0.28,12.3,44.62,26.64,17.19,0.89,0,1.02,0.0,6.800000000000001,8.57,12.36,12
SFD,"Smithfield Foods, Inc.",Consumer Defensive,Packaged Foods,packaged-foods,10364190720,0.67,2.412,1.175,0.8,13.43,10.25,10.33,0.57,0,4.57,8.799999999999999,6.4799999999999995,12.6,14.51,12
SBAC,SBA Communications Corporation,Real Estate,REIT - Specialty,reit-specialty,18913157120,6.63,0.196,0.136,5.8999999999999995,74.19,18.77,22.05,1.61,0,2.75,-14.7,35.66,3.8699999999999997,-21.71,12
SAIA,"Saia, Inc.",Industrials,Trucking,trucking,9357492224,2.76,1.584,1.369,17.1,23.580000000000002,33.99,24.61,1.75,0,0.0,31.5,8.19,4.93,9.89,12
RYAAY,Ryanair Holdings plc,Industrials,Airlines,airlines,30575390720,1.96,0.79,0.369,1.0999999999999999,27.92,14.47,12.04,1.4,0,1.49,-33.1,12.13,0.5499999999999999,21.52,12
RPRX,Royalty Pharma plc,Healthcare,Biotechnology,biotechnology,33634357248,13.78,2.662,2.643,11.0,114.99999999999999,30.74,10.45,-1.84,0,1.59,23.200000000000003,33.86,2.78,11.9,12
CRM,unknown,Technology,Software - Application,software-application,0,0.0,0.786,0.615,13.3,77.64,20.96,11.68,0.0,0,0.93,52.2,18.73,6.5600000000000005,12.61,12
CRH,unknown,Basic Materials,Building Materials,building-materials,63358369792,1.64,1.579,0.982,5.6000000000000005,36.25,16.83,14.2,0.99,0,1.63,13.900000000000002,9.94,2.37,15.54,12
ROP,"Roper Technologies, Inc.",Technology,Software - Application,software-application,38433525760,4.64,0.553,0.438,8.5,69.53,16.18,16.02,1.29,0,0.94,233.0,30.240000000000002,6.859999999999999,7.73,12
RNR,RenaissanceRe Holdings Ltd.,Financial Services,Insurance - Reinsurance,insurance-reinsurance,13247158272,1.19,1.352,1.179,-13.200000000000001,45.35,5.53,7.78,1.34,0,0.52,-10.0,23.580000000000002,5.1,24.7,12
RMD,ResMed Inc.,Healthcare,Medical Instruments & Supplies,medical-instruments-supplies,30126759936,5.44,3.008,2.003,10.8,62.18,20.03,17.19,1.84,0,1.15,10.5,27.439999999999998,10.76,23.47,12
RL,Ralph Lauren Corporation,Consumer Cyclical,Apparel Manufacturing,apparel-manufacturing,22942361600,2.83,2.128,1.502,16.6,69.86,25.48,18.87,0.71,0,0.99,20.0,11.600000000000001,9.950000000000001,33.12,12
RKT,unknown,Financial Services,Mortgage Finance,mortgage-finance,0,0.0,2.483,0.266,167.1,100.0,0.0,13.51,0.0,0,0.0,0.0,2.68,14.09,-0.3,12
QXO,"QXO, Inc.",Industrials,Industrial Distribution,industrial-distribution,13761299456,1.61,3.333,2.423,12716.3,24.63,0.0,18.22,-152.88,0,0.0,0.0,-6.02,11.52,-3.23,12
PYPL,"PayPal Holdings, Inc.",Financial Services,Credit Services,credit-services,48590602240,1.42,1.288,0.251,4.8,40.48,10.74,9.81,0.81,0,0.97,-3.1,14.360000000000001,6.92,25.83,12
APLD,Applied Digital Corporation,Technology,Information Technology Services,information-technology-services,7985891328,13.06,4.01,1.423,406.59999999999997,25.88,0.0,218.99,-29.69,0,0.0,0.0,-39.92,26.540000000000003,-46.43,12
APA,unknown,Energy,Oil & Gas E&P,oil-gas-e-p,0,0.0,0.919,0.702,-11.899999999999999,72.27,8.47,8.81,0.0,0,2.72,32.2,18.310000000000002,12.0,23.54,12
AMX,"América Móvil, S.A.B. de C.V.",Communication Services,Telecom Services,telecom-services,75715862528,0.08,0.714,0.615,3.1,62.78,14.84,11.99,0.03,0,2.34,8.1,9.370000000000001,0.49,22.87,12
DB,Deutsche Bank Aktiengesellschaft,Financial Services,Banks - Regional,banks-regional,68715032576,2.26,0.0,0.0,8.7,0.0,9.78,7.69,2.06,0,3.14,18.8,22.720000000000002,0.19,8.81,12
DASH,"DoorDash, Inc.",Consumer Cyclical,Internet Retail,internet-retail,84666687488,5.75,1.426,1.123,33.1,51.76,92.09,25.08,1.86,0,0.0,-6.1,6.29,4.590000000000001,9.32,12
CTSH,Cognizant Technology Solutions Corporation,Technology,Information Technology Services,information-technology-services,24319483904,1.12,2.182,1.683,4.5,33.44,11.59,8.58,0.71,0,2.45,3.8,10.26,12.08,14.85,12
CRWV,"CoreWeave, Inc.",Technology,Software - Infrastructure,software-infrastructure,39308345344,6.31,0.315,0.246,111.60000000000001,69.38,0.0,-45.14,-0.22,0,0.0,0.0,-25.569999999999997,21.44,-34.99,12
PPL,unknown,Utilities,Utilities - Regulated Electric,utilities-regulated-electric,0,0.0,1.003,0.714,10.8,43.29,21.74,16.74,0.0,0,3.21,7.3,13.089999999999998,6.17,7.94,12
PPG,unknown,Basic Materials,Specialty Chemicals,specialty-chemicals,24476342272,1.49,1.58,1.055,7.199999999999999,41.199999999999996,15.8,12.69,0.81,0,2.64,-1.5,9.569999999999999,3.26,19.85,12
SSNC,"SS&C Technologies Holdings, Inc.",Technology,Software - Application,software-application,18399719424,2.8,1.065,0.28,10.299999999999999,48.1,21.95,9.88,1.3,0,1.4,34.699999999999996,13.16,4.22,11.57,12
CLX,unknown,Consumer Defensive,Household & Personal Products,household-personal-products,0,0.0,0.84,0.59,0.1,43.85,15.57,16.08,0.0,0,4.98,2.7,11.18,11.12,252.34,12
CLH,unknown,Industrials,Waste Management,waste-management,16601061376,2.66,2.131,1.707,11.899999999999999,32.26,38.12,31.61,1.59,0,0.0,36.4,7.03,2.3,14.24,12
CI,The Cigna Group,Healthcare,Healthcare Plans,healthcare-plans,74575650816,0.26,0.846,0.685,6.7,9.139999999999999,11.65,8.41,0.22,0,2.17,10.2,2.27,2.6,14.28,12
CHRW,"C.H. Robinson Worldwide, Inc.",Industrials,Integrated Freight & Logistics,integrated-freight-logistics,17425762304,1.03,1.582,1.528,19.3,8.450000000000001,28.21,19.71,0.76,0,1.71,23.799999999999997,3.73,7.26,31.81,12
CHKP,Check Point Software Technologies Ltd.,Technology,Software - Infrastructure,software-infrastructure,12790146048,4.64,1.853,1.754,4.8,87.66000000000001,12.85,11.02,0.55,0,0.0,5.800000000000001,38.37,6.97,0.0,12
SPGI,S&P Global Inc.,Financial Services,Financial Data & Stock Exchanges,financial-data-stock-exchanges,121787777024,7.55,0.954,0.83,10.4,70.89999999999999,25.14,20.42,1.97,0,0.93,17.7,30.54,1.71,14.36,12
ALLE,Allegion plc,Industrials,Security & Protection Services,security-protection-services,13326539776,3.11,1.93,1.133,12.7,44.800000000000004,20.57,16.13,1.5,0,1.35,16.2,15.36,5.489999999999999,31.14,12
ALAB,"Astera Labs, Inc.",Technology,Semiconductors,semiconductors,53771526144,53.69,11.3,10.55,93.4,75.99000000000001,213.4,68.74,0.85,0,0.0,144.4,26.72,7.32,16.07,12
PKG,Packaging Corporation of America,Consumer Cyclical,Packaging & Containers,packaging-containers,21800212480,2.29,0.0,0.0,14.7,20.84,31.73,19.3,1.54,0,2.41,-19.900000000000002,7.26,4.66,16.84,12
PHG,Koninklijke Philips N.V.,Healthcare,Medical Devices,medical-devices,25408227328,1.44,1.257,0.726,0.5,45.94,20.0,13.66,0.77,0,3.88,61.4,6.3100000000000005,0.0,8.17,12
PGR,The Progressive Corporation,Financial Services,Insurance - Property & Casualty,insurance-property-casualty,123396341760,1.36,0.282,0.234,7.3,18.52,10.65,13.03,1.02,0,6.52,5.0,12.85,1.66,37.29,12
PFG,unknown,Financial Services,Asset Management,asset-management,24128522240,1.54,1.586,0.38,6.4,47.339999999999996,16.05,10.92,0.76,0,2.95,2.8000000000000003,9.93,4.58,9.97,12
PFE,unknown,Healthcare,Drug Manufacturers - General,drug-manufacturers-general,0,0.0,1.247,0.852,5.4,74.8,18.99,8.78,0.0,0,6.84,-10.100000000000001,11.83,2.87,8.99,12
PEP,"PepsiCo, Inc.",Consumer Defensive,Beverages - Non-Alcoholic,beverages-non-alcoholic,189764714496,1.96,0.934,0.69,6.4,54.169999999999995,18.21,15.47,0.84,0,4.22,137.0,10.780000000000001,2.6599999999999997,40.38,12
PCG,PG&E Corporation,Utilities,Utilities - Regulated Electric,utilities-regulated-electric,38508388352,1.49,1.216,0.52,0.1,39.82,12.58,9.68,0.9,0,1.12,39.800000000000004,11.83,0.0,8.73,12
DIS,unknown,Communication Services,Entertainment,entertainment,0,0.0,0.679,0.554,6.5,37.16,15.35,12.85,0.0,0,1.56,-29.799999999999997,11.540000000000001,1.3,11.29,12
DGX,Quest Diagnostics Incorporated,Healthcare,Diagnostics & Research,diagnostics-research,25684985856,2.22,1.591,1.282,10.2,33.19,24.7,19.3,1.33,0,1.47,15.0,9.19,3.19,13.84,12
DG,Dollar General Corporation,Consumer Defensive,Discount Stores,discount-stores,27862298624,0.65,1.169,0.188,3.4000000000000004,30.830000000000002,17.84,15.77,0.43,0,1.85,12.4,3.63,4.15,17.77,12
DECK,Deckers Outdoor Corporation,Consumer Cyclical,Footwear & Accessories,footwear-accessories,13495621632,2.44,2.747,1.862,5.7,57.8,14.1,11.85,0.97,0,0.0,1.0999999999999999,18.360000000000003,5.99,40.97,12
OTIS,Otis Worldwide Corporation,Industrials,Specialty Industrial Machinery,specialty-industrial-machinery,27231182848,1.83,0.831,0.684,7.3,30.31,18.39,15.51,1.18,0,2.46,13.0,10.17,4.3,-25.67,12
ONON,On Holding AG,Consumer Cyclical,Footwear & Accessories,footwear-accessories,12238200832,3.92,2.982,2.067,14.499999999999998,63.88,39.91,17.2,1.21,0,0.0,81.10000000000001,8.02,8.49,12.48,12
OMC,Omnicom Group Inc.,Communication Services,Advertising Agencies,advertising-agencies,21654126592,0.97,0.924,0.668,63.4,18.96,213.32,6.48,0.29,0,4.02,58.8,1.7399999999999998,9.75,-0.45,12
NYT,unknown,Communication Services,Publishing,publishing,0,0.0,1.604,1.435,12.1,50.660000000000004,32.09,23.24,0.0,0,1.21,80.0,13.3,8.709999999999999,16.85,12
EBAY,eBay Inc.,Consumer Cyclical,Internet Retail,internet-retail,50327400448,4.34,1.219,1.109,19.5,71.78999999999999,26.18,16.82,0.99,0,1.09,7.1,17.62,3.17,44.01,12
DPZ,unknown,Consumer Cyclical,Restaurants,restaurants,11482008576,2.28,1.538,0.795,4.3,28.71,19.66,16.62,1.56,0,2.26,6.800000000000001,11.86,11.25,-15.42,12
NTES,"NetEase, Inc.",Communication Services,Electronic Gaming & Multimedia,electronic-gaming-multimedia,84954800128,0.74,3.285,3.089,6.1,65.69,16.99,12.54,0.24,0,2.29,3.1,29.84,0.73,21.06,12
NTAP,"NetApp, Inc.",Technology,Software - Infrastructure,software-infrastructure,34734448640,5.02,1.436,1.211,12.5,70.74000000000001,27.87,17.99,1.28,0,1.2,23.400000000000002,18.43,7.6,94.45,12
NOW,"ServiceNow, Inc.",Technology,Software - Application,software-application,113424998400,7.7,0.701,0.565,24.0,74.77000000000001,68.57,21.91,1.48,0,0.0,-21.9,11.34,5.4,13.48,12
NOC,unknown,Industrials,Aerospace & Defense,aerospace-defense,75705384960,1.77,1.168,1.014,5.1,20.06,16.94,17.55,1.34,0,1.76,-5.800000000000001,10.48,1.6400000000000001,25.08,12
NIO,unknown,Consumer Cyclical,Auto Manufacturers,auto-manufacturers,0,0.0,1.009,0.627,112.20000000000002,15.7,0.0,27.75,0.0,0,0.0,0.0,-9.09,6.72,-374.34,12
NGG,unknown,Utilities,Utilities - Regulated Electric,utilities-regulated-electric,80328138752,4.54,0.764,0.651,2.0,100.0,18.37,12.11,0.0,0,4.03,14.399999999999999,18.32,0.08,8.25,12
BBIO,"BridgeBio Pharma, Inc.",Healthcare,Biotechnology,biotechnology,15729615872,27.12,1.521,1.403,66.8,95.13000000000001,0.0,141.21,0.44,0,0.0,0.0,-124.42,14.680000000000001,34.74,12
BBDO,Banco Bradesco S.A.,Financial Services,Banks - Regional,banks-regional,34143399936,0.37,0.0,0.0,10.5,0.0,7.88,0.0,0.33,0,6.39,-7.5,25.36,0.0,13.27,12
EME,"EMCOR Group, Inc.",Industrials,Engineering & Construction,engineering-construction,35648737280,1.92,1.277,1.229,19.8,19.43,25.18,23.0,1.24,0,0.2,34.8,7.739999999999999,3.05,34.64,12
EMBJ,unknown,Industrials,Aerospace & Defense,aerospace-defense,11945677824,0.28,1.481,0.645,18.4,17.69,39.49,17.42,0.19,0,1.15,-58.9,3.93,1.3,10.22,12
ELV,"Elevance Health, Inc.",Healthcare,Healthcare Plans,healthcare-plans,81407311872,0.4,1.518,1.374,1.4000000000000001,25.990000000000002,16.59,12.67,0.3,0,1.83,-13.100000000000001,2.4699999999999998,3.11,12.9,12
EIX,unknown,Utilities,Utilities - Regulated Electric,utilities-regulated-electric,0,0.0,0.662,0.28,-4.1000000000000005,61.0,7.77,11.56,0.0,0,4.46,55.1,19.28,5.2,27.52,12
EG,"Everest Group, Ltd.",Financial Services,Insurance - Reinsurance,insurance-reinsurance,14447483904,0.86,0.388,0.241,-11.3,15.28,7.89,6.21,0.96,0,2.13,-11.5,11.379999999999999,4.7,10.29,12
EFX,Equifax Inc.,Industrials,Consulting Services,consulting-services,20273192960,3.15,0.602,0.508,10.6,55.54,30.33,16.99,1.25,0,1.27,0.7000000000000001,10.73,6.54,14.34,12
ED,unknown,Utilities,Utilities - Regulated Electric,utilities-regulated-electric,0,0.0,1.189,0.755,6.2,53.190000000000005,18.46,16.86,0.0,0,3.13,12.9,12.520000000000001,4.83,8.36,12
NDAQ,"Nasdaq, Inc.",Financial Services,Financial Data & Stock Exchanges,financial-data-stock-exchanges,52787023872,9.4,1.006,0.386,14.899999999999999,100.0,27.53,20.29,0.0,0,1.22,14.099999999999998,35.04,2.36,14.62,12
MTZ,unknown,Industrials,Engineering & Construction,engineering-construction,0,0.0,1.4,1.288,23.400000000000002,12.91,41.58,19.02,0.0,0,0.0,51.4,3.0700000000000003,6.819999999999999,12.24,12
MT,ArcelorMittal S.A.,Basic Materials,Steel,steel,52873408512,0.84,1.429,0.42,5.2,7.6,18.36,9.73,0.74,0,0.87,-62.0,2.88,0.5599999999999999,5.79,12
MSCI,MSCI Inc.,Financial Services,Financial Data & Stock Exchanges,financial-data-stock-exchanges,41817038848,12.54,0.894,0.77,12.2,82.98,31.41,25.59,1.87,0,1.41,19.6,40.739999999999995,2.0500000000000003,-45.29,12
MP,MP Materials Corp.,Basic Materials,Other Industrial Metals & Mining,other-industrial-metals-mining,7346975744,21.14,7.176,6.512,118.6,37.22,0.0,43.41,-2.47,0,0.0,0.0,-20.48,17.36,-4.34,12
MOD,Modine Manufacturing Company,Consumer Cyclical,Auto Parts,auto-parts,10523453440,3.12,2.036,1.007,28.000000000000004,22.21,73.94,17.46,1.75,0,0.0,44.1,4.279999999999999,5.41,10.17,12
MO,unknown,Consumer Defensive,Tobacco,tobacco,115379298304,5.64,0.518,0.344,1.2,87.22,14.55,11.76,0.71,0,6.24,-2.7,39.0,3.19,-198.37,12
BE,Bloom Energy Corporation,Industrials,Electrical Equipment & Parts,electrical-equipment-parts,63411740672,20.37,4.087,3.213,165.5,31.65,279.61,43.98,-9.12,0,0.0,0.0,7.870000000000001,7.720000000000001,-11.51,12
BBY,unknown,Consumer Cyclical,Specialty Retail,specialty-retail,0,0.0,1.121,0.36,1.9,22.52,16.01,12.23,0.0,0,4.37,37.9,2.73,9.73,36.07,12
MET,"MetLife, Inc.",Financial Services,Insurance - Life,insurance-life,61969395712,0.8,2.086,1.754,2.7,23.75,18.63,8.77,0.59,0,2.44,35.9,4.66,1.9900000000000002,11.9,12
MEDP,"Medpace Holdings, Inc.",Healthcare,Diagnostics & Research,diagnostics-research,15869870080,5.7,0.732,0.658,17.2,72.35000000000001,33.43,29.44,1.31,0,0.0,37.1,17.66,9.790000000000001,98.27,12
MDLN,Medline Inc.,Healthcare,Medical Instruments & Supplies,medical-instruments-supplies,68081434624,2.34,4.409,2.343,10.7,25.86,33.52,22.95,1.55,0,0.0,0.0,3.32,7.5600000000000005,10.79,12
MDGL,"Madrigal Pharmaceuticals, Inc.",Healthcare,Biotechnology,biotechnology,10677422080,8.32,3.205,2.756,71.2,91.47999999999999,0.0,34.57,0.2,0,0.0,0.0,-25.319999999999997,10.52,-47.83,12
MAR,unknown,Consumer Cyclical,Lodging,lodging,0,0.0,0.46,0.416,12.6,79.03999999999999,39.25,28.56,0.0,0,0.78,1.7000000000000002,35.97,2.1399999999999997,-68.97,12
MAIR,Madison Air Solutions Corporation,Industrials,Building Products & Equipment,building-products-equipment,14427033600,4.04,1.77,1.12,33.800000000000004,39.15,89.86,22.44,1.63,0,0.0,0.0,2.6,5.09,-83.24,12
BTI,British American Tobacco p.l.c.,Consumer Defensive,Tobacco,tobacco,132197974016,5.13,0.835,0.479,1.4000000000000001,82.72,15.88,11.74,0.87,0,5.41,-28.599999999999998,24.990000000000002,0.4,16.2,12
BSX,Boston Scientific Corporation,Healthcare,Medical Devices,medical-devices,66306306048,3.16,0.0,0.0,7.5,69.28,18.06,12.92,0.9,0,0.0,15.1,17.5,1.9,11.96,12
BR,unknown,Technology,Information Technology Services,information-technology-services,0,0.0,0.943,0.852,7.8,31.31,16.45,14.77,0.0,0,2.52,15.1,15.03,3.9699999999999998,31.62,12
BPYPP,Brookfield Property Partners L.P.,Real Estate,Real Estate Services,real-estate-services,0,0.0,0.433,0.176,-2.8000000000000003,59.88,7.26,0.0,0.0,0,10.1,0.0,-4.54,0.0,-4.0,12
CDW,unknown,Technology,Information Technology Services,information-technology-services,0,0.0,1.165,1.015,9.2,21.57,17.68,12.32,0.0,0,1.73,7.7,4.7,8.84,40.93,12
CDNS,"Cadence Design Systems, Inc.",Technology,Software - Application,software-application,92812943360,15.9,1.743,1.426,24.2,85.87,67.0,35.38,1.7,0,0.0,125.4,23.599999999999998,2.25,20.26,12
CCL,Carnival Corporation Ltd.,Consumer Cyclical,Travel Services,travel-services,37905039360,1.39,0.334,0.214,5.3,55.67999999999999,12.47,10.49,0.58,0,1.62,-6.5,11.24,2.65,22.47,12
CBRE,"CBRE Group, Inc.",Real Estate,Real Estate Services,real-estate-services,42424229888,0.97,1.141,0.971,15.5,18.57,33.15,16.31,0.67,0,0.0,-4.2,2.98,1.8499999999999999,13.03,12
CB,Chubb Limited,Financial Services,Insurance - Property & Casualty,insurance-property-casualty,135355957248,2.19,0.41,0.203,6.1,31.130000000000003,12.43,12.04,1.41,0,1.17,-0.7000000000000001,18.07,1.08,13.98,12
CAH,"Cardinal Health, Inc.",Healthcare,Medical Distribution,medical-distribution,53412986880,0.21,0.907,0.419,11.0,3.7600000000000002,35.14,18.92,0.18,0,0.9,-19.5,0.62,3.3300000000000005,-56.13,12
CACI,CACI International Inc,Technology,Information Technology Services,information-technology-services,10579304448,1.15,1.613,1.316,8.5,32.56,19.79,15.54,0.71,0,0.0,17.599999999999998,5.86,7.41,12.84,12
TEL,unknown,Technology,Electronic Components,electronic-components,60519313408,3.13,1.876,1.07,13.8,36.120000000000005,20.44,16.17,1.72,0,1.44,19.2,15.61,3.29,14.64,12
TDG,unknown,Industrials,Aerospace & Defense,aerospace-defense,0,0.0,3.516,2.427,18.3,59.72,38.96,26.52,0.0,0,0.0,11.5,21.91,2.55,-21.41,12
SYF,Synchrony Financial,Financial Services,Credit Services,credit-services,24689139712,2.49,0.0,0.0,0.6,0.0,7.78,7.23,2.48,0,1.76,3.5999999999999996,35.510000000000005,7.93,22.85,12
LUV,Southwest Airlines Co.,Industrials,Airlines,airlines,22049101824,0.73,0.489,0.378,16.400000000000002,22.400000000000002,28.17,9.12,0.48,0,1.62,20.5,2.78,8.55,5.53,12
ASTS,"AST SpaceMobile, Inc.",Technology,Communication Equipment,communication-equipment,22286112768,262.39,18.469,17.909,1952.1999999999998,44.82,0.0,-220.68,-2681.6,0,0.0,0.0,0.0,19.93,-18.57,12
ARCC,Ares Capital Corporation,Financial Services,Asset Management,asset-management,13484396544,4.34,1.476,1.111,3.1,100.0,14.01,9.74,0.0,0,10.26,-54.1,30.91,6.34,9.07,12
EXE,unknown,Energy,Oil & Gas E&P,oil-gas-e-p,21504387072,1.7,0.959,0.594,-10.6,47.07,8.01,10.38,1.88,0,2.49,-45.5,21.97,3.55,9.79,12
EXC,unknown,Utilities,Utilities - Regulated Electric,utilities-regulated-electric,0,0.0,0.939,0.596,7.9,42.64,16.9,15.13,0.0,0,3.57,-0.3,11.21,4.02,9.61,12
ETN,unknown,Industrials,Specialty Industrial Machinery,specialty-industrial-machinery,0,0.0,1.193,0.686,16.8,37.1,39.76,25.73,0.0,0,1.14,-9.4,13.99,2.06,21.04,12
ES,Eversource Energy,Utilities,Utilities - Regulated Electric,utilities-regulated-electric,27196227584,1.95,0.651,0.313,9.4,53.49,15.49,14.73,0.82,0,4.21,7.3999999999999995,12.55,4.77,10.45,12
LOGI,Logitech International S.A.,Technology,Computer Hardware,computer-hardware,14726920192,2.99,2.311,1.82,6.9,45.24,18.87,16.59,1.53,0,1.67,66.3,16.28,9.59,32.16,12
LNG,unknown,Energy,Oil & Gas Midstream,oil-gas-midstream,0,0.0,0.572,0.346,24.2,33.0,44.34,13.28,0.0,0,0.86,0.0,7.1,2.03,67.34,12
LMT,Lockheed Martin Corporation,Industrials,Aerospace & Defense,aerospace-defense,132290420736,1.72,1.193,0.974,10.5,11.799999999999999,21.15,17.52,1.36,0,2.4,443.79999999999995,8.16,1.6199999999999999,74.65,12
LII,unknown,Industrials,Building Products & Equipment,building-products-equipment,14545551360,2.74,1.569,0.674,3.0,33.33,18.71,16.0,1.77,0,1.3,0.1,14.87,8.94,69.28,12
LECO,"Lincoln Electric Holdings, Inc.",Industrials,Tools & Accessories,tools-accessories,14068783104,3.14,1.982,0.933,12.0,36.05,25.65,21.14,1.77,0,1.26,12.5,12.35,2.73,35.42,12
LDOS,"Leidos Holdings, Inc.",Technology,Information Technology Services,information-technology-services,14079795200,0.81,1.397,1.106,3.6999999999999997,17.91,10.24,8.54,0.64,0,1.53,-7.6,8.15,5.84,29.45,12
L,Loews Corporation,Financial Services,Insurance - Property & Casualty,insurance-property-casualty,23967959040,1.29,0.503,0.503,1.4000000000000001,36.04,14.84,40.17,0.82,0,0.21,-6.3,8.82,2.65,8.92,12
KMI,unknown,Energy,Oil & Gas Midstream,oil-gas-midstream,71391281152,3.98,0.458,0.293,10.8,49.41,20.68,20.84,1.79,0,3.73,21.2,19.3,2.33,9.81,12
KLAR,unknown,Financial Services,Credit Services,credit-services,7123657728,1.86,25.51,24.217,44.4,35.52,0.0,20.5,0.67,0,0.0,0.0,-5.18,11.93,-11.73,12
FFIV,"F5, Inc.",Technology,Software - Infrastructure,software-infrastructure,22655105024,6.85,1.665,1.149,10.9,81.93,31.74,22.05,1.1,0,0.0,11.4,21.95,3.05,19.28,12
EXPE,"Expedia Group, Inc.",Consumer Cyclical,Travel Services,travel-services,35126861824,2.32,0.731,0.568,14.7,90.27,25.88,12.78,0.19,0,0.6,0.0,9.81,9.1,100.78,12
EXEL,"Exelixis, Inc.",Healthcare,Biotechnology,biotechnology,13486456832,5.68,3.258,3.01,10.0,96.44,17.77,13.25,0.18,0,0.0,43.6,35.08,16.72,36.21,12
JBL,Jabil Inc.,Technology,Electronic Components,electronic-components,32653752320,0.97,0.981,0.448,11.799999999999999,9.229999999999999,39.0,18.61,0.78,0,0.1,27.6,2.5700000000000003,3.71,43.42,12
JBHT,"J.B. Hunt Transport Services, Inc.",Industrials,Integrated Freight & Logistics,integrated-freight-logistics,25423712256,2.0,1.255,1.014,19.400000000000002,18.5,38.56,26.76,1.31,0,0.65,45.800000000000004,5.3100000000000005,3.32,16.78,12
TROW,"T. Rowe Price Group, Inc.",Financial Services,Asset Management,asset-management,24059998208,3.25,5.545,5.545,5.3,52.0,12.05,10.85,1.48,0,4.36,3.6999999999999997,28.28,14.469999999999999,19.22,12
TRMB,Trimble Inc.,Technology,Scientific & Technical Instruments,scientific-technical-instruments,13096205312,3.55,1.014,0.62,11.799999999999999,71.48,29.41,13.77,0.89,0,0.0,55.60000000000001,12.379999999999999,6.13,7.27,12
TPR,"Tapestry, Inc.",Consumer Cyclical,Luxury Goods,luxury-goods,30839095296,3.93,1.841,1.107,21.2,76.18,46.54,19.53,0.74,0,1.05,73.7,8.44,9.89,21.36,12
TPL,Texas Pacific Land Corporation,Energy,Oil & Gas E&P,oil-gas-e-p,27508037632,32.79,4.227,4.164,20.8,93.24,54.71,5.45,1.75,0,0.62,18.3,60.019999999999996,9.07,33.0,12
TOST,"Toast, Inc.",Technology,Software - Infrastructure,software-infrastructure,18438201344,2.86,2.436,1.793,21.9,26.36,47.45,18.84,1.65,0,0.0,123.0,6.39,8.0,16.1,12
TMO,unknown,Healthcare,Diagnostics & Research,diagnostics-research,0,0.0,1.551,0.897,10.5,40.910000000000004,30.45,20.57,0.0,0,0.33,9.4,15.040000000000001,1.43,12.55,12
TME,Tencent Music Entertainment Group,Communication Services,Internet Content & Information,internet-content-information,15202087936,0.45,2.086,1.839,7.3,44.37,11.05,8.76,0.23,0,2.53,-51.800000000000004,26.479999999999997,5.25,13.77,12
TLN,Talen Energy Corporation,Utilities,Utilities - Independent Power Producers,utilities-independent-power-producers,15932551168,4.92,1.247,0.979,96.7,40.14,0.0,11.7,0.1,0,0.0,0.0,-0.65,5.8999999999999995,-20.04,12
TLK,unknown,Communication Services,Telecom Services,telecom-services,0,0.0,0.921,0.747,1.5,59.38,16.03,0.0,0.0,0,8.5,-21.6,11.28,0.65,13.44,12
TIMB,TIM S.A.,Communication Services,Telecom Services,telecom-services,9234591744,0.34,0.849,0.731,5.5,54.58,11.05,9.02,0.14,0,8.36,2.5,15.78,1.3599999999999999,17.98,12
TGT,unknown,Consumer Defensive,Discount Stores,discount-stores,0,0.0,0.932,0.182,6.7,28.139999999999997,19.09,16.0,0.0,0,3.21,-24.7,3.2399999999999998,4.43,22.92,12
TFII,TFI International Inc.,Industrials,Trucking,trucking,11154416640,1.37,1.094,1.009,12.4,19.869999999999997,33.34,17.21,0.96,0,1.4,41.0,4.14,0.0,11.6,12
BURL,"Burlington Stores, Inc.",Consumer Cyclical,Apparel Retail,apparel-retail,23308128256,1.96,1.164,0.4,14.099999999999998,43.95,38.14,26.85,0.94,0,0.0,13.3,5.24,7.75,33.76,12
INSM,Insmed Incorporated,Healthcare,Biotechnology,biotechnology,21224398848,25.9,4.469,3.884,229.6,81.81,0.0,763.27,-6.11,0,0.0,0.0,-144.44,6.05,-172.78,12
INFY,Infosys Limited,Technology,Information Technology Services,information-technology-services,48378724352,2.38,1.862,1.594,2.9000000000000004,29.68,14.75,14.07,1.63,0,4.38,5.3,16.37,4.75,33.85,12
FPS,"Forgent Power Solutions, Inc.",Industrials,Electrical Equipment & Parts,electrical-equipment-parts,10065941504,8.42,1.641,0.995,103.4,34.33,1653.25,28.29,-0.19,0,0.0,0.0,2.17,23.119999999999997,-1.65,12
FLEX,Flex Ltd.,Technology,Electronic Components,electronic-components,41768411136,1.43,1.38,0.701,20.599999999999998,9.53,44.02,16.1,1.03,0,0.0,52.0,3.32,2.34,17.11,12
HUT,Hut 8 Corp.,Financial Services,Capital Markets,capital-markets,12121882624,42.63,0.858,0.662,225.5,59.67,0.0,-42.89,-21.58,0,0.0,0.0,-109.77,11.58,-15.9,12
HSY,The Hershey Company,Consumer Defensive,Confectioners,confectioners,35607126016,2.97,1.24,0.609,10.6,35.04,23.98,17.8,1.72,0,3.16,93.60000000000001,9.120000000000001,7.16,19.05,12
HST,unknown,Real Estate,REIT - Hotel & Motel,reit-hotel-motel,0,0.0,2.471,2.456,2.8000000000000003,28.98,17.09,24.68,0.0,0,3.13,105.3,16.37,8.16,11.67,12
HPQ,unknown,Technology,Computer Hardware,computer-hardware,0,0.0,0.794,0.439,9.0,20.32,10.02,8.99,0.0,0,4.47,16.2,4.45,11.48,-730.92,12
UNM,unknown,Financial Services,Insurance - Life,insurance-life,13572641792,1.02,22.969,5.498,0.3,29.299999999999997,19.89,8.95,0.72,0,2.33,-16.2,5.26,2.45,6.64,12
ZM,"Zoom Communications, Inc.",Technology,Software - Application,software-application,27398152192,5.55,4.221,4.031,5.5,77.77,13.76,14.83,1.17,0,0.0,74.2,41.99,2.7,19.37,12
TXT,Textron Inc.,Industrials,Aerospace & Defense,aerospace-defense,14701442048,0.96,1.861,0.653,3.0,17.630000000000003,16.1,11.83,0.77,0,0.09,5.2,6.12,4.33,11.7,12
TXRH,"Texas Roadhouse, Inc.",Consumer Cyclical,Restaurants,restaurants,13592885248,2.24,0.459,0.34,12.8,16.42,32.98,27.08,1.63,0,1.44,10.0,6.8500000000000005,4.04,27.76,12
BPYPO,Brookfield Property Partners L.P.,Real Estate,Real Estate Services,real-estate-services,0,0.0,0.433,0.176,-2.8000000000000003,59.88,6.89,0.0,0.0,0,10.47,0.0,-4.54,0.0,-4.0,12
BPYPN,Brookfield Property Partners L.P.,Real Estate,Real Estate Services,real-estate-services,0,0.0,0.433,0.176,-2.8000000000000003,59.88,6.33,0.0,0.0,0,10.37,0.0,-4.54,0.0,-4.0,12
BP,BP p.l.c.,Energy,Oil & Gas Integrated,oil-gas-integrated,114181267456,0.59,1.219,0.68,11.600000000000001,28.910000000000004,35.76,11.13,0.37,0,4.52,474.5,1.66,0.49,0.1,12
BMY,Bristol-Myers Squibb Company,Healthcare,Drug Manufacturers - General,drug-manufacturers-general,131305193472,2.67,1.532,1.29,5.7,71.66,14.16,10.01,0.71,0,3.89,153.1,18.87,2.1999999999999997,38.19,12
TSCO,Tractor Supply Company,Consumer Cyclical,Specialty Retail,specialty-retail,15982602240,1.01,1.334,0.137,2.3,36.5,15.87,14.82,0.63,0,3.18,-15.0,6.419999999999999,6.54,42.46,12
TS,unknown,Energy,Oil & Gas Equipment & Services,oil-gas-equipment-services,0,0.0,4.145,2.583,6.1,38.75,15.08,14.09,0.0,0,3.19,13.700000000000001,16.17,2.82,11.64,12
TRV,unknown,Financial Services,Insurance - Property & Casualty,insurance-property-casualty,78617141248,1.61,0.323,0.19,0.3,34.73,10.13,12.5,1.04,0,1.33,57.099999999999994,16.950000000000003,3.53,19.12,12
TRU,TransUnion,Financial Services,Financial Data & Stock Exchanges,financial-data-stock-exchanges,14832713728,3.03,1.9,1.646,14.899999999999999,58.730000000000004,20.43,13.81,1.06,0,0.62,32.1,15.079999999999998,5.63,10.26,12
BBD,Banco Bradesco S.A.,Financial Services,Banks - Regional,banks-regional,38371684352,0.42,0.0,0.0,10.5,0.0,8.64,6.44,0.37,0,4.83,-7.5,25.36,0.33999999999999997,13.27,12
AXSM,"Axsome Therapeutics, Inc.",Healthcare,Biotechnology,biotechnology,11493539840,16.23,1.392,1.266,57.4,92.60000000000001,0.0,38.19,0.51,0,0.0,0.0,-26.590000000000003,9.2,-207.46,12
GIB,unknown,Technology,Information Technology Services,information-technology-services,15119610880,0.92,0.935,0.688,2.5,20.43,12.79,10.52,0.71,0,0.66,22.5,10.54,0.0,16.13,12
ZTS,unknown,Healthcare,Drug Manufacturers - Specialty & Generic,drug-manufacturers-specialty-generic,0,0.0,3.153,1.679,2.9000000000000004,71.84,12.51,10.33,0.0,0,2.72,6.0,28.04,5.06,80.25,12
GDDY,GoDaddy Inc.,Technology,Software - Infrastructure,software-infrastructure,10483218432,2.05,0.632,0.4,6.6000000000000005,63.800000000000004,11.76,7.2,0.69,0,0.0,29.799999999999997,17.83,6.68,406.79,12
HEI,unknown,Industrials,Aerospace & Defense,aerospace-defense,0,0.0,2.918,1.192,25.3,40.06,63.39,51.25,0.0,0,0.07,48.199999999999996,16.08,1.54,16.04,12
HCA,"HCA Healthcare, Inc.",Healthcare,Medical Care Facilities,medical-care-facilities,85866659840,1.1,0.993,0.775,8.7,42.58,13.31,12.32,0.58,0,0.79,11.600000000000001,8.77,3.9899999999999998,-112.56,12
HAL,Halliburton Company,Energy,Oil & Gas Equipment & Services,oil-gas-equipment-services,26599065600,1.19,2.018,1.252,3.6999999999999997,15.079999999999998,16.67,10.94,0.97,0,2.15,16.1,7.16,5.609999999999999,12.26,12
H,unknown,Consumer Cyclical,Lodging,lodging,0,0.0,0.0,0.0,111.9,45.64,210.48,34.59,0.0,0,0.34,0.0,2.2399999999999998,27.29,-1.56,12
GEHC,GE HealthCare Technologies Inc.,Healthcare,Medical Devices,medical-devices,30567868416,1.44,1.264,0.831,5.800000000000001,39.53,15.59,12.54,0.82,0,0.2,16.8,9.33,4.590000000000001,20.08,12
ACN,Accenture plc,Technology,Information Technology Services,information-technology-services,99159089152,1.36,1.339,1.213,5.6000000000000005,32.01,12.94,11.04,0.87,0,3.99,9.0,10.66,6.12,24.61,12
ACGL,Arch Capital Group Ltd.,Financial Services,Insurance - Diversified,insurance-diversified,34325061632,1.78,0.568,0.289,-10.5,38.76,7.88,10.31,1.97,0,0.0,-7.1,24.4,2.9499999999999997,18.82,12
ABT,unknown,Healthcare,Medical Devices,medical-devices,180876967936,3.88,1.376,0.797,13.0,56.85,33.83,17.24,1.46,0,2.39,-47.5,11.65,1.59,12.51,12
AGNC,AGNC Investment Corp.,Real Estate,REIT - Mortgage,reit-mortgage,12427080704,5.18,0.191,0.179,0.0,100.0,8.34,7.11,0.0,0,13.19,0.0,94.38,9.33,16.02,12
BIP,unknown,Utilities,Utilities - Diversified,utilities-diversified,0,0.0,5.007,3.494,19.400000000000002,26.529999999999998,67.68,33.7,0.0,0,4.29,0.0,1.27,0.0,13.66,10
XPO,unknown,Industrials,Trucking,trucking,0,0.0,1.011,0.872,13.200000000000001,18.990000000000002,69.31,33.0,0.0,0,0.0,52.800000000000004,4.71,4.93,16.98,10
XEL,Xcel Energy Inc.,Utilities,Utilities - Regulated Electric,utilities-regulated-electric,48980189184,3.31,0.77,0.533,2.9000000000000004,45.93,21.5,17.3,1.74,0,3.01,6.0,14.14,7.79,8.55,10
WYNN,"Wynn Resorts, Limited",Consumer Cyclical,Resorts & Casinos,resorts-casinos,10178364416,1.4,1.242,1.116,9.2,68.11,28.1,18.63,0.4,0,0.99,50.9,5.140000000000001,10.31,-118.82,10
WTW,Willis Towers Watson Public Limited Company,Financial Services,Insurance Brokers,insurance-brokers,31287779328,3.1,1.098,0.277,9.1,41.760000000000005,20.52,14.64,1.64,0,1.14,-26.8,15.49,4.47,20.12,10
WTRG,"Essential Utilities, Inc.",Utilities,Utilities - Regulated Water,utilities-regulated-water,11366592512,4.45,0.951,0.756,10.0,55.52,20.45,16.84,1.78,0,3.57,-23.3,21.82,2.04,8.99,10
WTFC,Wintrust Financial Corporation,Financial Services,Banks - Regional,banks-regional,10744972288,3.9,0.0,0.0,10.2,0.0,12.79,11.53,3.5,0,1.38,18.7,32.64,3.8899999999999997,12.06,10
AEP,"American Electric Power Company, Inc.",Utilities,Utilities - Regulated Electric,utilities-regulated-electric,69917499392,3.07,0.504,0.277,7.000000000000001,46.36,22.23,18.77,1.53,0,2.97,-43.2,13.780000000000001,6.05,11.5,10
WBS,Webster Financial Corporation,Financial Services,Banks - Regional,banks-regional,12532476928,4.53,0.0,0.0,5.800000000000001,0.0,12.6,10.76,4.26,0,2.07,2.8000000000000003,36.83,0.0,10.89,10
HDB,HDFC Bank Limited,Financial Services,Banks - Regional,banks-regional,122623967232,0.04,0.0,0.0,16.6,0.0,16.58,16.75,0.03,0,1.73,18.099999999999998,26.790000000000003,0.41000000000000003,8.63,10
HBAN,Huntington Bancshares Incorporated,Financial Services,Banks - Regional,banks-regional,34357153792,3.74,0.0,0.0,47.599999999999994,0.0,13.08,9.06,1.96,0,3.63,-2.9000000000000004,26.13,2.9499999999999997,10.23,10
GRAB,Grab Holdings Limited,Technology,Software - Application,software-application,13967349760,3.93,1.67,1.465,23.5,40.18,85.38,24.77,1.8,0,0.0,0.0,10.7,9.19,3.98,10
GNRC,Generac Holdings Inc.,Industrials,Specialty Industrial Machinery,specialty-industrial-machinery,11436473344,2.58,2.045,0.785,10.6,39.54,44.45,16.68,1.39,0,0.0,92.0,5.82,3.3300000000000005,6.06,10
GM,unknown,Consumer Cyclical,Auto Manufacturers,auto-manufacturers,79347531776,0.43,1.136,0.892,1.9,10.18,39.52,5.97,0.38,0,0.81,-26.200000000000003,1.05,2.79,4.41,10
ZBH,"Zimmer Biomet Holdings, Inc.",Healthcare,Medical Devices,medical-devices,17834338304,2.12,1.733,0.771,9.3,70.17999999999999,23.88,10.24,0.57,0,0.99,34.1,9.049999999999999,8.19,5.55,10
VZ,Verizon Communications Inc.,Communication Services,Telecom Services,telecom-services,193432764416,1.39,0.604,0.454,-0.7000000000000001,59.41,12.06,8.78,1.4,0,6.14,-22.0,11.64,2.0500000000000003,16.44,10
VRSN,"VeriSign, Inc.",Technology,Software - Infrastructure,software-infrastructure,26142775296,15.31,0.591,0.557,6.0,88.46000000000001,31.43,26.34,1.66,0,1.11,7.7,49.769999999999996,2.04,-38.33,10
VLTO,Veralto Corporation,Industrials,Pollution & Treatment Controls,pollution-treatment-controls,22828808192,4.01,0.0,0.0,7.5,60.18,23.59,19.72,1.48,0,0.53,10.100000000000001,17.349999999999998,3.25,30.27,10
VEEV,Veeva Systems Inc.,Healthcare,Health Information Services,health-information-services,32770498560,9.87,4.738,4.666,16.3,75.02,35.77,20.11,2.06,0,0.0,14.6,28.37,5.33,12.6,10
AWK,unknown,Utilities,Utilities - Regulated Water,utilities-regulated-water,27084773376,5.13,0.523,0.396,6.2,61.47,23.83,20.76,1.85,0,2.62,8.6,21.349999999999998,7.28,10.25,10
GD,General Dynamics Corporation,Industrials,Aerospace & Defense,aerospace-defense,102493831168,1.87,1.441,0.852,8.1,15.379999999999999,23.1,20.55,1.45,0,1.66,13.4,8.18,1.2,16.43,10
FTV,Fortive Corporation,Technology,Scientific & Technical Instruments,scientific-technical-instruments,17734440960,4.11,1.241,0.802,7.9,63.23,31.74,18.11,1.39,0,0.41,4.0,12.379999999999999,6.03,8.98,10
FTS,Fortis Inc.,Utilities,Utilities - Regulated Electric,utilities-regulated-electric,29336242176,2.4,0.486,0.258,1.9,45.51,24.01,20.75,1.28,0,3.21,-1.2,14.729999999999999,0.0,8.11,10
FTI,unknown,Energy,Oil & Gas Equipment & Services,oil-gas-equipment-services,0,0.0,1.08,0.691,9.0,22.720000000000002,24.63,19.98,0.0,0,0.29,40.6,11.28,4.29,28.66,10
FSLR,"First Solar, Inc.",Technology,Solar,solar,22688239616,4.22,2.518,1.652,-3.6999999999999997,44.019999999999996,13.65,9.01,4.37,0,0.0,23.3,32.46,12.04,16.02,10
VALE,Vale S.A.,Basic Materials,Other Industrial Metals & Mining,other-industrial-metals-mining,64113061888,0.3,1.24,0.666,2.7,35.08,22.83,7.4,0.19,0,8.4,22.0,7.26,1.37,7.02,10
UTHR,United Therapeutics Corporation,Healthcare,Drug Manufacturers - Specialty & Generic,drug-manufacturers-specialty-generic,25715822592,8.11,4.794,4.116,-1.6,86.58,19.1,15.63,8.24,0,0.0,-12.2,40.62,5.76,18.81,10
USFD,US Foods Holding Corp.,Consumer Defensive,Food Distribution,food-distribution,22068412416,0.56,1.142,0.66,2.8000000000000003,17.4,33.74,18.3,0.45,0,0.0,6.1,1.71,5.35,15.7,10
USB,U.S. Bancorp,Financial Services,Banks - Regional,banks-regional,97919016960,3.58,0.0,0.0,10.4,0.0,12.55,10.87,3.21,0,3.31,21.6,29.9,0.0,12.97,10
UMBF,UMB Financial Corporation,Financial Services,Banks - Regional,banks-regional,11038977024,3.92,0.0,0.0,12.7,0.0,12.08,10.47,3.42,0,1.37,25.900000000000002,33.5,6.39,9.49,10
UL,Unilever PLC,Consumer Defensive,Household & Personal Products,household-personal-products,137272868864,2.71,0.74,0.568,0.5,47.07,21.61,16.35,1.43,0,3.49,-5.6000000000000005,18.32,0.0,60.97,10
BPOP,"Popular, Inc.",Financial Services,Banks - Regional,banks-regional,11227123712,3.67,0.0,0.0,7.6,0.0,11.89,10.26,3.39,0,1.74,40.9,31.64,3.5900000000000003,13.38,10
BNY,unknown,Financial Services,Banks - Diversified,banks-diversified,105941688320,4.95,0.0,0.0,13.100000000000001,0.0,18.22,15.27,4.3,0,1.46,26.900000000000002,29.409999999999997,0.0,14.06,10
BNT,Brookfield Wealth Solutions Ltd.,Financial Services,Insurance - Diversified,insurance-diversified,11729488896,1.1,2.617,1.123,-36.7,29.12,15.6,0.0,1.5,0,0.65,0.0,4.53,0.0,4.36,10
BNS,unknown,Financial Services,Banks - Diversified,banks-diversified,107481382912,3.14,0.0,0.0,12.6,0.0,17.15,13.32,2.75,0,3.68,35.4,27.900000000000002,0.0,10.13,10
BMO,Bank of Montreal,Financial Services,Banks - Diversified,banks-diversified,125532176384,3.62,0.0,0.0,15.8,0.0,19.42,15.44,3.05,0,2.77,41.199999999999996,28.060000000000002,0.0,10.07,10
TW,unknown,Financial Services,Capital Markets,capital-markets,0,0.0,6.787,6.059,9.0,93.15,24.17,21.98,0.0,0,0.57,19.7,40.699999999999996,3.65,12.49,10
TTMI,"TTM Technologies, Inc.",Technology,Electronic Components,electronic-components,12360493056,3.98,1.885,1.522,30.4,21.0,64.69,22.04,2.19,0,0.0,51.6,6.29,3.27,10.07,10
ICE,unknown,Financial Services,Financial Data & Stock Exchanges,financial-data-stock-exchanges,0,0.0,1.012,0.024,4.8,100.0,21.68,17.67,0.0,0,1.33,14.2,38.25,1.7999999999999998,11.46,10
IBN,unknown,Financial Services,Banks - Regional,banks-regional,0,0.0,0.0,0.0,11.4,0.0,18.33,16.26,0.0,0,0.84,13.8,27.529999999999998,1.4000000000000001,14.93,10
HLN,Haleon plc,Healthcare,Drug Manufacturers - Specialty & Generic,drug-manufacturers-specialty-generic,43575586816,3.91,0.687,0.508,2.1999999999999997,65.57,20.61,16.24,1.32,0,1.91,-4.5,14.549999999999999,0.29,10.15,10
BAP,Credicorp Ltd.,Financial Services,Banks - Regional,banks-regional,32000989184,1.46,0.0,0.0,25.6,0.0,15.43,11.81,1.09,0,3.58,16.1,32.9,2.1399999999999997,18.05,10
AZO,unknown,Consumer Cyclical,Auto Parts,auto-parts,0,0.0,0.89,0.103,8.4,51.74999999999999,20.73,17.2,0.0,0,0.0,7.7,12.4,3.4000000000000004,-73.17,10
TRP,unknown,Energy,Oil & Gas Midstream,oil-gas-midstream,0,0.0,0.61,0.409,5.7,69.53,27.11,24.39,0.0,0,3.67,18.3,22.91,0.0,14.05,10
TOL,unknown,Consumer Cyclical,Residential Construction,residential-construction,0,0.0,4.603,0.447,-7.6,25.2,11.25,10.49,0.0,0,0.69,-22.3,11.66,6.41,16.28,10
TKO,"TKO Group Holdings, Inc.",Communication Services,Entertainment,entertainment,34586214400,6.83,1.339,0.74,25.900000000000002,59.12,67.52,47.27,2.07,0,1.66,63.0,4.47,12.16,5.23,10
TJX,"The TJX Companies, Inc.",Consumer Cyclical,Apparel Retail,apparel-retail,174007517184,2.83,1.139,0.489,9.2,31.35,30.64,27.35,1.76,0,1.21,29.299999999999997,9.4,1.63,53.92,10
BXP,"BXP, Inc.",Real Estate,REIT - Office,reit-office,12662945792,3.93,1.693,1.492,3.8,56.93,38.18,33.95,1.63,0,3.91,-23.200000000000003,9.2,9.21,5.37,10
BWA,unknown,Consumer Cyclical,Auto Parts,auto-parts,0,0.0,2.13,1.647,0.5,18.790000000000003,36.78,10.89,0.0,0,1.06,61.1,2.53,5.13,5.09,10
BTSG,"BrightSpring Health Services, Inc.",Healthcare,Health Information Services,health-information-services,12199422976,0.89,1.737,1.356,25.6,12.18,80.73,29.14,0.58,0,0.0,359.8,2.27,7.920000000000001,10.17,10
BSBR,Banco Santander (Brasil) S.A.,Financial Services,Banks - Regional,banks-regional,21339453440,0.44,0.0,0.0,28.799999999999997,0.0,17.81,6.59,0.31,0,6.84,0.0,28.660000000000004,0.0,10.2,10
BSAC,Banco Santander-Chile,Financial Services,Banks - Regional,banks-regional,16262901760,0.0,0.0,0.0,19.3,0.0,13.48,11.25,0.0,0,4.22,40.0,47.260000000000005,0.5,18.19,10
IHG,unknown,Consumer Cyclical,Lodging,lodging,23977140224,4.62,0.976,0.93,2.7,61.94,33.2,23.79,1.71,0,1.14,7.7,14.610000000000001,0.59,-27.65,10
FOXA,Fox Corporation,Communication Services,Entertainment,entertainment,24555788288,1.52,2.896,2.516,-8.6,36.84,15.39,10.07,1.65,0,0.95,-49.3,10.56,28.53,18.92,10
FOX,Fox Corporation,Communication Services,Entertainment,entertainment,21843230720,1.35,2.896,2.516,-8.6,36.84,13.69,9.59,1.46,0,1.07,-49.3,10.56,8.540000000000001,18.92,10
FMX,"Fomento Económico Mexicano, S.A.B. de C.V.",Consumer Defensive,Beverages - Brewers,beverages-brewers,43353419776,0.05,1.136,0.816,9.3,40.510000000000005,25.4,24.15,0.03,0,4.65,107.5,3.58,0.0,7.93,10
FMS,Fresenius Medical Care AG,Healthcare,Medical Care Facilities,medical-care-facilities,13696796672,0.71,1.205,0.736,-5.5,25.96,13.71,7.04,0.75,0,3.39,-17.1,4.88,0.0,7.35,10
FITB,Fifth Third Bancorp,Financial Services,Banks - Regional,banks-regional,51012861952,5.06,0.0,0.0,51.800000000000004,0.0,18.95,11.39,2.44,0,2.83,-5.7,23.29,0.0,12.64,10
CCEP,Coca-Cola Europacific Partners PLC,Consumer Defensive,Beverages - Non-Alcoholic,beverages-non-alcoholic,48339619840,2.31,0.801,0.564,0.2,35.58,22.57,19.47,1.49,0,2.17,68.30000000000001,9.29,4.44,24.79,10
CASY,"Casey's General Stores, Inc.",Consumer Cyclical,Specialty Retail,specialty-retail,32217401344,1.83,1.01,0.575,14.499999999999998,24.610000000000003,45.39,36.87,1.18,0,0.3,66.0,4.07,4.02,18.08,10
TFC,Truist Financial Corporation,Financial Services,Banks - Regional,banks-regional,63359635456,3.33,0.0,0.0,8.200000000000001,0.0,11.92,10.39,3.06,0,4.0,36.7,30.69,2.46,8.8,10
TEAM,Atlassian Corporation,Technology,Software - Application,software-application,25163622400,4.07,0.702,0.615,31.7,84.81,0.0,16.26,0.42,0,0.0,0.0,-3.5000000000000004,11.08,-19.08,10
TDY,unknown,Technology,Scientific & Technical Instruments,scientific-technical-instruments,0,0.0,2.181,1.161,9.8,43.34,31.52,24.39,0.0,0,0.0,21.2,15.290000000000001,3.4099999999999997,8.51,10
TD,The Toronto-Dominion Bank,Financial Services,Banks - Diversified,banks-diversified,198455263232,3.35,0.0,0.0,-31.5,0.0,19.89,15.69,4.41,0,2.63,-61.199999999999996,25.19,0.0,17.67,10
SYY,unknown,Consumer Defensive,Food Distribution,food-distribution,40611540992,0.49,1.329,0.763,4.7,18.54,23.56,17.16,0.38,0,2.58,-13.5,2.08,3.8699999999999997,99.89,10
SYK,Stryker Corporation,Healthcare,Medical Devices,medical-devices,122878623744,4.76,2.157,1.08,9.4,66.02,37.14,19.13,1.46,0,1.01,44.1,14.430000000000001,1.91,14.48,10
SWK,"Stanley Black & Decker, Inc.",Industrials,Tools & Accessories,tools-accessories,14268052480,0.94,1.432,0.466,0.4,32.21,37.79,14.9,0.63,0,3.52,247.8,4.07,4.61,4.44,10
SUNB,"Sunbelt Rentals Holdings, Inc.",Industrials,Rental & Leasing Services,rental-leasing-services,29380939776,2.63,0.901,0.793,8.9,38.74,23.05,15.23,1.47,0,4.14,-27.800000000000004,11.88,0.0,17.88,10
STZ,"Constellation Brands, Inc.",Consumer Defensive,Beverages - Brewers,beverages-brewers,22156740608,2.45,0.913,0.247,-3.3000000000000003,52.72,12.35,10.47,2.53,0,3.16,30.7,20.14,5.510000000000001,20.87,10
STT,State Street Corporation,Financial Services,Asset Management,asset-management,50591969280,3.37,0.0,0.0,-2.8000000000000003,0.0,16.26,12.08,3.46,0,2.01,-24.099999999999998,23.0,0.01,12.13,10
STM,unknown,Technology,Semiconductors,semiconductors,47290441728,3.61,2.778,1.772,26.1,34.29,103.94,20.79,1.75,0,0.68,0.0,3.56,1.87,0.93,10
ITUB,Itaú Unibanco Holding S.A.,Financial Services,Banks - Regional,banks-regional,93575692288,0.68,0.0,0.0,-2.1,0.0,10.61,8.59,0.69,0,2.06,11.4,33.28,0.5,21.93,10
IRM,Iron Mountain Incorporated,Real Estate,REIT - Specialty,reit-specialty,36675866624,5.06,0.769,0.63,21.6,55.02,133.99,46.08,1.79,0,2.77,860.0,3.7600000000000002,3.7699999999999996,-14.74,10
IQV,IQVIA Holdings Inc.,Healthcare,Diagnostics & Research,diagnostics-research,38448914432,2.26,0.706,0.62,8.7,32.97,29.05,16.2,1.39,0,0.0,-0.6,8.1,3.65,20.91,10
IOT,unknown,Technology,Software - Infrastructure,software-infrastructure,0,0.0,1.621,1.202,30.5,76.3,366.9,40.77,0.0,0,0.0,0.0,3.32,12.629999999999999,-0.64,10
ING,unknown,Financial Services,Banks - Diversified,banks-diversified,99551772672,3.95,0.0,0.0,-7.199999999999999,0.0,13.25,10.89,4.23,0,3.62,-16.900000000000002,34.5,0.03,12.73,10
ILMN,"Illumina, Inc.",Healthcare,Diagnostics & Research,diagnostics-research,29480806400,6.56,1.796,1.224,9.4,68.51,36.42,32.84,1.87,0,0.0,-9.4,18.34,9.46,31.22,10
STE,STERIS plc,Healthcare,Medical Devices,medical-devices,22264694784,3.75,2.091,1.338,7.3,44.24,29.25,18.71,1.94,0,1.09,52.2,13.18,2.5100000000000002,10.89,10
CL,unknown,Consumer Defensive,Household & Personal Products,household-personal-products,0,0.0,1.025,0.557,8.4,60.06,35.22,22.42,0.0,0,2.31,-5.8999999999999995,10.040000000000001,2.33,3948.15,10
CIB,Grupo Cibest S.A.,Financial Services,Banks - Regional,banks-regional,22130915328,0.0,0.0,0.0,10.8,0.0,11.09,8.81,0.0,0,2.72,-15.0,14.680000000000001,0.5599999999999999,9.61,10
CHT,"Chunghwa Telecom Co., Ltd.",Communication Services,Telecom Services,telecom-services,32976904192,0.14,1.644,1.281,7.5,36.67,27.43,27.11,0.08,0,3.83,3.2,16.24,0.45999999999999996,10.08,10
CHD,unknown,Consumer Defensive,Household & Personal Products,household-personal-products,0,0.0,1.217,0.764,0.2,45.47,32.36,24.31,0.0,0,1.26,2.1999999999999997,11.81,5.11,18.41,10
CFG,"Citizens Financial Group, Inc.",Financial Services,Banks - Regional,banks-regional,30257379328,3.71,0.0,0.0,14.7,0.0,15.6,11.0,3.16,0,2.57,41.3,26.05,0.01,7.56,10
AM,Antero Midstream Corporation,Energy,Oil & Gas Midstream,oil-gas-midstream,10303985664,8.01,0.985,0.967,8.6,80.88,26.15,13.47,1.4,0,4.14,-0.3,31.94,3.0,20.95,10
FERG,Ferguson Enterprises Inc.,Industrials,Industrial Distribution,industrial-distribution,45113815040,1.45,1.784,0.788,3.5999999999999996,30.7,22.9,18.52,0.97,0,1.57,23.0,6.3,1.73,,10
FE,FirstEnergy Corp.,Utilities,Utilities - Regulated Electric,utilities-regulated-electric,28121899008,1.8,0.541,0.35,8.799999999999999,68.61,25.99,16.46,0.51,0,3.79,8.3,6.94,6.550000000000001,8.15,10
FCNCA,"First Citizens BancShares, Inc.",Financial Services,Banks - Regional,banks-regional,24654080000,2.64,0.0,0.0,8.5,0.0,11.7,10.93,2.42,0,0.39,31.0,25.230000000000004,5.72,10.57,10
EXPD,"Expeditors International of Washington, Inc.",Industrials,Integrated Freight & Logistics,integrated-freight-logistics,21965064192,1.96,1.789,1.652,4.3999999999999995,13.62,27.09,23.91,1.62,0,0.97,16.3,7.48,4.2299999999999995,34.4,10
KDP,Keurig Dr Pepper Inc.,Consumer Defensive,Beverages - Non-Alcoholic,beverages-non-alcoholic,42680754176,2.52,2.307,0.243,9.4,53.779999999999994,23.24,12.41,1.05,0,2.92,-47.699999999999996,10.81,5.16,8.15,10
KB,KB Financial Group Inc.,Financial Services,Banks - Regional,banks-regional,41497231360,0.0,0.0,0.0,18.5,0.0,10.75,8.37,0.0,0,2.59,19.5,36.78,0.12,9.88,10
JD,unknown,Consumer Cyclical,Internet Retail,internet-retail,0,0.0,1.18,0.74,4.9,9.32,23.86,7.68,0.0,0,3.11,-50.7,1.05,2.4,8.72,10
ALLY,Ally Financial Inc.,Financial Services,Credit Services,credit-services,13081772032,1.66,0.0,0.0,11.0,0.0,10.12,6.68,1.47,0,2.76,13.5,18.41,4.33,6.47,10
ALGN,"Align Technology, Inc.",Healthcare,Medical Instruments & Supplies,medical-instruments-supplies,11897561088,2.87,1.395,1.179,4.3,70.71,28.84,13.34,0.81,0,0.0,-12.1,9.99,7.6899999999999995,10.13,10
ALB,Albemarle Corporation,Basic Materials,Specialty Chemicals,specialty-chemicals,13816044544,2.51,2.068,1.11,32.7,18.529999999999998,0.0,9.4,1.38,0,1.39,0.0,-4.24,0.06999999999999999,-7.0,10
AKAM,"Akamai Technologies, Inc.",Technology,Software - Infrastructure,software-infrastructure,16407476224,3.85,2.057,1.749,5.800000000000001,58.28,38.13,15.67,1.51,0,0.0,-13.4,10.2,15.9,9.08,10
AIT,unknown,Industrials,Industrial Distribution,industrial-distribution,0,0.0,2.947,1.833,7.3,30.39,32.33,28.91,0.0,0,0.61,3.1,8.34,2.42,21.31,10
SONY,Sony Group Corporation,Technology,Consumer Electronics,consumer-electronics,134684909568,0.01,1.182,0.801,8.3,31.240000000000002,21.84,19.27,0.01,0,0.7,-57.4,-2.62,0.25,-4.03,10
SOLV,Solventum Corporation,Healthcare,Medical Instruments & Supplies,medical-instruments-supplies,14695607296,1.78,1.071,0.52,-3.0,53.66,10.59,11.97,1.83,0,0.0,-91.0,17.330000000000002,2.92,30.81,10
SOLS,"Solstice Advanced Materials, Inc.",Basic Materials,Specialty Chemicals,specialty-chemicals,9517032448,2.32,1.459,0.807,11.1,30.620000000000005,45.39,18.13,1.43,0,0.52,22.8,5.13,9.139999999999999,16.8,10
SO,unknown,Utilities,Utilities - Regulated Electric,utilities-regulated-electric,108916367360,3.61,0.787,0.441,0.1,48.29,22.81,19.25,1.86,0,3.22,30.4,15.43,3.25,12.05,10
SNY,unknown,Healthcare,Drug Manufacturers - General,drug-manufacturers-general,102494781440,2.16,1.005,0.201,6.0,72.36,23.25,8.28,0.56,0,5.64,-11.700000000000001,15.950000000000001,0.35000000000000003,10.95,10
LH,unknown,Healthcare,Diagnostics & Research,diagnostics-research,0,0.0,1.796,1.246,5.800000000000001,28.88,25.34,15.73,0.0,0,0.91,28.199999999999996,6.99,3.3300000000000005,10.17,10
LEN,Lennar Corporation,Consumer Cyclical,Residential Construction,residential-construction,19875051520,0.61,8.508,1.203,-5.2,16.36,12.93,12.73,0.64,0,2.37,-31.5,4.93,0.27,9.46,10
KVUE,Kenvue Inc.,Consumer Defensive,Household & Personal Products,household-personal-products,36816166912,2.41,0.983,0.607,4.5,58.599999999999994,22.83,15.44,0.95,0,4.35,46.9,10.61,3.7199999999999998,13.66,10
KR,unknown,Consumer Defensive,Grocery Stores,grocery-stores,0,0.0,0.791,0.277,2.1999999999999997,23.98,34.03,10.5,0.0,0,2.49,13.200000000000001,0.7100000000000001,4.81,17.14,10
KMB,Kimberly-Clark Corporation,Consumer Defensive,Household & Personal Products,household-personal-products,36344147968,2.2,0.766,0.368,2.7,37.15,21.18,14.49,1.34,0,4.65,17.9,12.8,14.87,134.55,10
KKR,KKR & Co. Inc.,Financial Services,Asset Management,asset-management,93309427712,3.66,0.0,0.0,2.1999999999999997,54.15,34.04,13.62,1.64,0,0.74,42.699999999999996,12.370000000000001,2.21,8.36,10
KIM,unknown,Real Estate,REIT - Retail,reit-retail,0,0.0,0.486,0.485,4.0,68.96,29.27,29.41,0.0,0,4.08,29.4,28.54,6.21,5.63,10
KEY,unknown,Financial Services,Banks - Regional,banks-regional,24222629888,3.29,0.0,0.0,10.100000000000001,0.0,13.21,10.57,2.95,0,3.63,25.3,27.54,0.0,10.23,10
FHN,unknown,Financial Services,Banks - Regional,banks-regional,0,0.0,0.0,0.0,8.9,0.0,12.85,11.09,0.0,0,2.67,20.0,30.17,0.01,11.56,10
SNN,Smith & Nephew plc,Healthcare,Medical Devices,medical-devices,13170883584,2.14,2.572,1.171,7.3999999999999995,68.25,21.92,13.73,0.63,0,2.42,70.39999999999999,10.14,1.0699999999999998,11.82,10
COKE,"Coca-Cola Consolidated, Inc.",Consumer Defensive,Beverages - Non-Alcoholic,beverages-non-alcoholic,12449527808,1.66,1.235,0.815,8.3,39.660000000000004,25.66,4.8,0.92,0,0.53,265.8,7.720000000000001,8.24,-77.13,10
COF,Capital One Financial Corporation,Financial Services,Credit Services,credit-services,127472951296,2.65,0.0,0.0,1111.0,0.0,11.44,8.64,-26.79,0,1.52,0.0,21.87,2.36,2.16,10
CNQ,Canadian Natural Resources Limited,Energy,Oil & Gas E&P,oil-gas-e-p,98925223936,2.56,0.984,0.636,-1.2,48.67,11.83,12.94,2.59,0,3.72,-45.300000000000004,25.130000000000003,0.0,24.39,10
CMI,Cummins Inc.,Industrials,Specialty Industrial Machinery,specialty-industrial-machinery,87961829376,2.6,1.709,0.955,2.7,25.85,33.13,18.68,1.87,0,1.39,-21.0,7.89,1.96,23.02,10
CME,CME Group Inc.,Financial Services,Financial Data & Stock Exchanges,financial-data-stock-exchanges,96638730240,14.3,1.018,0.019,0.8,100.0,22.81,20.77,0.0,0,1.95,2.5,63.44,1.7999999999999998,14.17,10
CM,Canadian Imperial Bank of Commerce,Financial Services,Banks - Diversified,banks-diversified,108130369536,3.74,0.0,0.0,15.299999999999999,0.0,16.59,14.94,3.17,0,2.61,24.0,33.98,0.0,14.59,10
SNA,unknown,Industrials,Tools & Accessories,tools-accessories,21217949696,4.02,3.433,2.508,4.2,51.83,21.24,19.24,1.86,0,2.35,5.1,19.6,6.75,17.14,10
EWBC,"East West Bancorp, Inc.",Financial Services,Banks - Regional,banks-regional,17928699904,6.21,0.0,0.0,16.3,0.0,12.57,11.53,5.2,0,2.44,17.4,50.06,3.61,14.89,10
EW,Edwards Lifesciences Corporation,Healthcare,Medical Devices,medical-devices,49305751552,7.57,0.0,0.0,13.600000000000001,77.84,50.97,25.37,1.45,0,0.0,-25.4,15.43,2.2399999999999998,0.0,10
EVRG,"Evergy, Inc.",Utilities,Utilities - Regulated Electric,utilities-regulated-electric,19176378368,3.18,0.446,0.052,5.0,52.33,22.12,18.26,1.44,0,3.34,18.5,14.63,9.379999999999999,8.37,10
ETR,Entergy Corporation,Utilities,Utilities - Regulated Electric,utilities-regulated-electric,50676178944,3.76,0.912,0.618,5.8999999999999995,47.0,27.77,21.38,1.87,0,2.37,-1.9,13.33,5.56,10.48,10
ERIC,Telefonaktiebolaget LM Ericsson (publ),Technology,Communication Equipment,communication-equipment,32180086784,0.0,1.12,0.864,-6.1,48.120000000000005,12.89,15.75,0.0,0,3.2,-10.9,10.83,2.12,25.95,10
EQT,unknown,Energy,Oil & Gas E&P,oil-gas-e-p,33099182080,3.56,0.673,0.542,-3.9,80.75,12.25,13.29,3.7,0,1.25,-74.0,29.18,3.7800000000000002,8.59,10
EQR,unknown,Real Estate,REIT - Residential,reit-residential,0,0.0,0.083,0.021,2.1,62.339999999999996,28.87,42.38,0.0,0,4.19,-39.900000000000006,27.97,3.08,10.16,10
APTV,Aptiv PLC,Consumer Cyclical,Auto Parts,auto-parts,11791496192,0.57,2.115,1.516,5.4,18.92,33.17,8.21,0.44,0,0.0,0.0,1.77,7.5,1.79,10
SMFG,"Sumitomo Mitsui Financial Group, Inc.",Financial Services,Banks - Diversified,banks-diversified,164551360512,0.04,0.0,0.0,0.0,0.0,17.15,63.17,0.0,0,2.3,0.0,27.11,0.19,10.03,10
SLMBP,SLM Corporation,Financial Services,Credit Services,credit-services,0,0.0,1.334,1.314,8.1,100.0,34.62,0.0,0.0,0,7.83,-9.4,43.62,0.0,33.85,10
SLF,Sun Life Financial Inc.,Financial Services,Insurance - Diversified,insurance-diversified,46029053952,1.32,48.176,45.002,0.2,40.14,21.8,13.64,0.79,0,3.27,-48.4,8.85,0.0,15.62,10
SLB,SLB N.V.,Energy,Oil & Gas Equipment & Services,oil-gas-equipment-services,73079218176,2.01,1.439,0.942,5.0,16.99,24.02,15.08,1.58,0,2.41,-29.7,8.53,4.88,12.92,10
SHW,The Sherwin-Williams Company,Basic Materials,Specialty Chemicals,specialty-chemicals,82769600512,3.39,0.727,0.413,7.5,48.980000000000004,31.48,25.12,1.6,0,0.93,14.299999999999999,11.01,2.75,55.86,10
SCI,Service Corporation International,Consumer Cyclical,Personal Services,personal-services,11666619392,2.67,0.531,0.431,3.5999999999999996,26.029999999999998,22.3,18.75,1.9,0,1.69,4.7,12.3,6.05,33.12,10
SAN,unknown,Financial Services,Banks - Diversified,banks-diversified,201975414784,4.16,0.0,0.0,0.0,0.0,13.99,11.53,0.0,0,1.97,0.0,33.46,0.74,13.67,10
MCK,unknown,Healthcare,Medical Distribution,medical-distribution,0,0.0,0.854,0.477,6.0,3.5999999999999996,22.24,16.93,0.0,0,0.42,37.2,1.18,3.3099999999999996,-219.24,10
MCHPP,Microchip Technology Incorporated,Technology,Semiconductors,semiconductors,0,0.0,2.092,0.999,35.099999999999994,57.74,0.0,0.0,0.0,0,6.04,0.0,4.88,0.0,3.58,10
MAS,unknown,Industrials,Building Products & Equipment,building-products-equipment,14069322752,1.85,1.865,1.148,-2.9000000000000004,37.21,16.44,15.26,1.9,0,1.76,25.0,11.61,4.95,-435.48,10
LYG,Lloyds Banking Group plc,Financial Services,Banks - Regional,banks-regional,89470484480,4.54,0.0,0.0,12.3,0.0,14.34,9.68,3.98,0,3.2,17.7,26.43,0.02,9.77,10
LVS,Las Vegas Sands Corp.,Consumer Cyclical,Resorts & Casinos,resorts-casinos,31717926912,2.31,0.997,0.927,-0.7000000000000001,79.34,18.48,13.86,2.33,0,2.41,-19.8,12.590000000000002,12.5,102.33,10
ASX,"ASE Technology Holding Co., Ltd.",Technology,Semiconductors,semiconductors,77706141696,0.12,1.147,0.857,17.2,18.5,43.63,19.2,0.08,0,1.34,87.6,7.04,0.58,11.69,10
ARMK,Aramark,Industrials,Specialty Business Services,specialty-business-services,14977835008,0.77,1.212,0.958,14.7,15.36,42.51,21.08,0.56,0,0.84,65.2,1.8399999999999999,3.93,10.37,10
RSG,unknown,Industrials,Waste Management,waste-management,0,0.0,0.671,0.597,2.6,43.05,30.12,26.02,0.0,0,1.14,7.5,12.989999999999998,1.77,17.87,10
CRS,unknown,Industrials,Metal Fabrication,metal-fabrication,0,0.0,3.81,2.106,12.6,30.580000000000002,48.83,32.51,0.0,0,0.16,45.9,16.96,3.8699999999999997,19.93,10
CPT,unknown,Real Estate,REIT - Residential,reit-residential,0,0.0,1.483,0.114,2.4,61.660000000000004,36.11,138.92,0.0,0,3.74,-75.7,20.599999999999998,6.08,8.81,10
CPRT,"Copart, Inc.",Industrials,Specialty Business Services,specialty-business-services,26898341888,5.8,7.613,7.289,2.1,47.52,18.05,17.26,2.98,0,0.0,2.3,33.48,5.11,16.9,10
CP,Canadian Pacific Kansas City Limited,Industrials,Railroads,railroads,78079819776,5.05,0.594,0.451,12.6,53.400000000000006,29.12,20.82,2.06,0,0.81,-13.5,25.03,2.16,9.03,10
COR,"Cencora, Inc.",Healthcare,Medical Distribution,medical-distribution,60192325632,0.18,0.947,0.482,3.8,3.8,23.71,15.61,0.17,0,0.77,128.29999999999998,0.7799999999999999,3.4299999999999997,103.06,10
RPM,unknown,Basic Materials,Specialty Chemicals,specialty-chemicals,13647589376,1.74,1.678,0.991,7.199999999999999,41.44,20.68,15.83,0.94,0,2.0,-1.4000000000000001,8.41,3.7600000000000002,19.97,10
ROKU,"Roku, Inc.",Communication Services,Entertainment,entertainment,21549666304,4.34,2.91,2.709,22.400000000000002,44.190000000000005,107.61,39.42,1.88,0,0.0,0.0,4.06,7.180000000000001,3.32,10
BIIB,Biogen Inc.,Healthcare,Drug Manufacturers - General,drug-manufacturers-general,30047993856,3.0,1.865,0.94,3.4000000000000004,78.32000000000001,36.12,12.26,0.63,0,0.0,-84.8,8.32,4.53,7.08,10
BEN,"Franklin Resources, Inc.",Financial Services,Asset Management,asset-management,17581922304,1.95,5.508,1.171,8.7,37.36,25.83,10.92,1.11,0,3.98,87.2,8.12,5.13,4.35,10
BDX,unknown,Healthcare,Medical Instruments & Supplies,medical-instruments-supplies,0,0.0,0.942,0.355,5.2,47.089999999999996,28.53,12.12,0.0,0,2.54,0.0,5.12,4.29,6.61,10
BCS,Barclays PLC,Financial Services,Banks - Diversified,banks-diversified,92316540928,3.28,0.0,0.0,15.6,0.0,10.65,7.98,2.77,0,2.2,44.6,27.87,0.0,9.22,10
BCH,Banco de Chile,Financial Services,Banks - Regional,banks-regional,21021655040,0.0,0.0,0.0,13.600000000000001,0.0,17.49,13.24,0.0,0,5.36,28.4,45.43,0.29,17.72,10
MDT,unknown,Healthcare,Medical Devices,medical-devices,0,0.0,2.126,1.361,9.9,65.31,22.55,13.12,0.0,0,3.36,18.3,13.200000000000001,1.49,9.71,10
MDLZ,"Mondelez International, Inc.",Consumer Defensive,Confectioners,confectioners,80011755520,2.02,0.599,0.311,4.1000000000000005,31.15,38.46,18.63,1.33,0,3.17,144.9,8.86,2.94,9.49,10
RMBS,Rambus Inc.,Technology,Semiconductors,semiconductors,10072286208,13.32,9.754,8.896,20.4,80.36,42.6,25.12,2.08,0,0.0,15.1,31.69,5.75,16.89,10
RF,unknown,Financial Services,Banks - Regional,banks-regional,0,0.0,0.0,0.0,3.4000000000000004,0.0,12.55,10.85,0.0,0,3.55,8.5,30.84,8.64,12.2,10
REGN,"Regeneron Pharmaceuticals, Inc.",Healthcare,Biotechnology,biotechnology,75948867584,5.09,3.565,2.836,19.0,43.88,18.26,12.63,2.31,0,0.54,-7.199999999999999,29.65,3.53,14.41,10
REG,unknown,Real Estate,REIT - Retail,reit-retail,0,0.0,0.884,0.884,8.9,71.54,27.14,31.84,0.0,0,3.76,8.9,33.0,4.49,7.89,10
RCL,unknown,Consumer Cyclical,Travel Services,travel-services,85199536128,4.56,0.209,0.113,6.5,50.28,19.68,15.7,2.12,0,1.55,-4.6,23.54,7.12,42.52,10
RBRK,unknown,Technology,Software - Infrastructure,software-infrastructure,14665284608,10.29,1.737,1.526,39.0,80.58,0.0,109.5,1.22,0,0.0,0.0,-20.25,8.62,67.14,10
MRSH,"Marsh & McLennan Companies, Inc.",Financial Services,Insurance Brokers,insurance-brokers,90577084416,3.24,1.139,0.528,6.2,43.99,23.15,16.64,1.7,0,2.07,7.3,14.24,1.4200000000000002,27.55,10
MPLX,MPLX LP,Energy,Oil & Gas Midstream,oil-gas-midstream,59245223936,5.05,1.103,1.022,-2.8000000000000003,56.11000000000001,12.64,11.99,5.19,0,7.47,-18.4,40.03,1.94,34.35,10
MPC,Marathon Petroleum Corporation,Energy,Oil & Gas Refining & Marketing,oil-gas-refining-marketing,91522138112,0.67,1.176,0.687,8.799999999999999,10.74,20.62,11.29,0.55,0,1.27,0.0,3.4099999999999997,2.54,23.37,10
MGM,unknown,Consumer Cyclical,Resorts & Casinos,resorts-casinos,0,0.0,1.335,1.207,1.0,44.16,26.95,21.88,0.0,0,0.0,519.4,2.4,16.07,8.47,10
MGA,Magna International Inc.,Consumer Cyclical,Auto Parts,auto-parts,18064820224,0.43,1.217,0.824,3.1,14.580000000000002,28.0,8.75,0.35,0,2.83,0.0,1.58,2.8000000000000003,6.64,10
MFG,"Mizuho Financial Group, Inc.",Financial Services,Banks - Regional,banks-regional,126390255616,0.03,0.0,0.0,35.0,0.0,17.01,7.46,0.02,0,1.77,49.7,29.15,0.11,11.03,10
R,unknown,Industrials,Rental & Leasing Services,rental-leasing-services,9965775872,0.78,0.646,0.562,5.0,19.830000000000002,21.15,14.67,0.59,0,1.56,8.6,3.88,4.07,16.35,10
QSR,unknown,Consumer Cyclical,Restaurants,restaurants,0,0.0,0.989,0.82,7.3,33.910000000000004,23.78,16.76,0.0,0,3.44,100.0,9.959999999999999,6.3,21.35,10
PWR,"Quanta Services, Inc.",Industrials,Engineering & Construction,engineering-construction,100130635776,3.32,1.135,1.02,26.3,15.1,76.26,38.7,2.08,0,0.08,51.0,3.6700000000000004,2.42,11.51,10
PTC,PTC Inc.,Technology,Software - Application,software-application,15446299648,5.23,0.0,0.0,-6.800000000000001,84.5,12.98,15.08,5.58,0,0.0,-12.0,41.43,8.309999999999999,19.18,10
PSX,Phillips 66,Energy,Oil & Gas Refining & Marketing,oil-gas-refining-marketing,84124188672,0.63,1.132,0.705,6.9,12.520000000000001,20.37,11.06,0.51,0,2.41,-56.8,3.0700000000000003,2.27,15.13,10
APD,unknown,Basic Materials,Specialty Chemicals,specialty-chemicals,0,0.0,1.085,0.783,4.6,32.06,30.31,20.34,0.0,0,2.41,0.0,-0.38,1.92,-2.63,10
AON,Aon plc,Financial Services,Insurance Brokers,insurance-brokers,76454256640,4.35,1.033,0.242,2.1999999999999997,48.15,19.86,16.88,2.21,0,0.89,-3.0,22.27,2.15,39.51,10
AMT,American Tower Corporation,Real Estate,REIT - Specialty,reit-specialty,79849480192,7.3,0.352,0.299,4.7,73.77,27.68,24.51,1.82,0,4.0,138.5,31.080000000000002,1.8900000000000001,69.25,10
AMRZ,unknown,Basic Materials,Building Materials,building-materials,27073476608,2.27,1.403,0.812,4.7,25.380000000000003,23.4,15.36,1.62,0,0.22,0.0,9.700000000000001,1.51,8.94,10
DCI,unknown,Industrials,Specialty Industrial Machinery,specialty-industrial-machinery,0,0.0,2.353,1.392,5.800000000000001,34.57,25.1,21.24,0.0,0,1.32,108.3,11.52,4.09,25.25,10
CW,unknown,Industrials,Aerospace & Defense,aerospace-defense,0,0.0,1.523,0.985,13.4,37.169999999999995,52.64,41.9,0.0,0,0.15,29.099999999999998,14.17,2.1999999999999997,19.11,10
CTVA,"Corteva, Inc.",Basic Materials,Agricultural Inputs,agricultural-inputs,53064175616,2.97,1.467,0.9,11.0,48.559999999999995,48.08,19.17,1.36,0,0.81,12.1,6.5,3.1300000000000003,4.53,10
CSL,Carlisle Companies Incorporated,Industrials,Building Products & Equipment,building-products-equipment,14388571136,2.82,0.0,0.0,8.3,35.260000000000005,20.19,14.87,1.68,0,1.19,7.199999999999999,14.21,7.9399999999999995,41.26,10
AMH,unknown,Real Estate,REIT - Residential,reit-residential,0,0.0,0.592,0.252,2.8000000000000003,56.65,26.27,50.21,0.0,0,3.97,10.7,25.53,4.37,6.44,10
AMGN,Amgen Inc.,Healthcare,Drug Manufacturers - General,drug-manufacturers-general,206263009280,5.54,1.261,0.849,5.800000000000001,71.44,26.58,16.31,1.49,0,2.6,4.3999999999999995,20.96,2.3800000000000003,89.06,10
PR,Permian Resources Corporation,Energy,Oil & Gas E&P,oil-gas-e-p,18122412032,3.57,0.655,0.61,0.8999999999999999,73.33,23.63,10.12,0.94,0,2.99,-88.7,12.790000000000001,3.05,9.1,10
NKE,"NIKE, Inc.",Consumer Cyclical,Footwear & Accessories,footwear-accessories,62121508864,1.34,1.961,1.192,-1.0999999999999999,43.24,19.94,18.16,1.35,0,3.88,428.0,6.7,6.7,20.91,10
NI,NiSource Inc.,Utilities,Utilities - Regulated Gas,utilities-regulated-gas,21483673600,3.15,0.646,0.372,8.200000000000001,50.7,22.29,19.88,1.43,0,2.68,6.0,14.099999999999998,3.09,9.84,10
BBVA,"Banco Bilbao Vizcaya Argentaria, S.A.",Financial Services,Banks - Diversified,banks-diversified,153492439040,4.5,0.0,0.0,17.0,0.0,12.92,11.27,3.74,0,3.91,11.200000000000001,32.59,0.02,18.33,10
EMA,Emera Incorporated,Utilities,Utilities - Regulated Electric,utilities-regulated-electric,16506363904,1.85,1.066,0.66,5.1,43.69,23.26,20.76,0.99,0,3.81,-5.6000000000000005,12.0,0.0,9.11,10
NEE,unknown,Utilities,Utilities - Regulated Electric,utilities-regulated-electric,182982017024,6.38,0.534,0.348,12.4,61.019999999999996,19.71,19.85,2.18,0,2.83,53.1,32.4,0.0,12.52,10
MUSA,Murphy USA Inc.,Consumer Cyclical,Specialty Retail,specialty-retail,11319711744,0.65,0.83,0.45,7.1,8.3,21.3,20.5,0.56,0,0.39,176.8,3.2,4.74,75.48,10
MTD,unknown,Healthcare,Diagnostics & Research,diagnostics-research,0,0.0,1.122,0.652,4.5,60.260000000000005,31.15,26.98,0.0,0,0.0,18.3,21.91,4.47,-3677.41,10
MTB,M&T Bank Corporation,Financial Services,Banks - Regional,banks-regional,35804246016,3.79,0.0,0.0,6.2,0.0,13.07,11.74,3.55,0,2.43,25.5,32.09,4.54,10.82,10
PNR,Pentair plc,Industrials,Specialty Industrial Machinery,specialty-industrial-machinery,10485719040,2.61,1.451,0.659,-17.0,41.39,16.93,12.68,3.06,0,1.6,-11.1,16.24,4.45,16.9,10
PNFP,"Pinnacle Financial Partners, Inc.",Financial Services,Banks - Regional,banks-regional,15870099456,4.81,0.0,0.0,137.1,0.0,14.5,9.18,-1.78,0,1.91,3.3000000000000003,24.86,4.43,9.4,10
PNC,"The PNC Financial Services Group, Inc.",Financial Services,Banks - Regional,banks-regional,99279183872,4.08,0.0,0.0,23.599999999999998,0.0,13.7,11.63,3.12,0,3.22,25.1,31.369999999999997,1.68,11.45,10
PKX,POSCO Holdings Inc.,Basic Materials,Steel,steel,16135961600,0.0,1.898,1.218,2.5,7.66,27.36,9.25,0.0,0,2.98,54.50000000000001,1.18,0.27999999999999997,1.24,10
PINS,"Pinterest, Inc.",Communication Services,Internet Content & Information,internet-content-information,13359752192,3.05,4.226,4.011,17.8,79.86,49.69,10.69,0.51,0,0.0,0.0,7.64,15.93,8.78,10
PHM,unknown,Consumer Cyclical,Residential Construction,residential-construction,0,0.0,7.272,0.608,-9.6,25.56,12.96,11.27,0.0,0,0.81,-18.2,11.62,6.39,17.09,10
DOV,Dover Corporation,Industrials,Specialty Industrial Machinery,specialty-industrial-machinery,27484194816,3.26,1.979,1.31,6.9,40.089999999999996,24.71,17.54,1.82,0,1.05,14.099999999999998,13.48,2.8400000000000003,14.77,10
EA,unknown,Communication Services,Electronic Gaming & Multimedia,electronic-gaming-multimedia,52965273600,7.03,1.046,0.951,11.899999999999999,78.97,59.96,21.79,1.3,0,0.36,85.3,11.78,3.95,13.11,10
DXCM,"DexCom, Inc.",Healthcare,Medical Devices,medical-devices,31655092224,6.37,1.733,1.359,13.100000000000001,62.470000000000006,32.42,26.49,2.08,0,0.0,43.0,20.119999999999997,5.56,30.46,10
DVN,unknown,Energy,Oil & Gas E&P,oil-gas-e-p,0,0.0,1.006,0.848,-0.8,46.93,12.36,8.48,0.0,0,2.35,-75.3,14.17,2.86,17.01,10
DVA,DaVita Inc.,Healthcare,Medical Care Facilities,medical-care-facilities,15277955072,1.1,1.417,1.283,6.0,32.45,22.91,13.82,0.7,0,0.0,43.5,5.65,13.700000000000001,-114.7,10
NTRS,Northern Trust Corporation,Financial Services,Asset Management,asset-management,22388541440,2.46,0.0,0.0,36.4,0.0,15.67,14.42,1.57,0,1.8,98.6,24.67,3.2800000000000002,14.39,10
DLTR,"Dollar Tree, Inc.",Consumer Defensive,Discount Stores,discount-stores,24578168832,1.24,1.161,0.316,7.199999999999999,36.99,20.5,16.66,0.73,0,0.0,9.5,6.510000000000001,7.249999999999999,34.16,10
DHI,unknown,Consumer Cyclical,Residential Construction,residential-construction,40109162496,1.2,6.011,0.423,0.0,21.3,13.67,12.19,1.2,0,1.22,-4.8,9.15,5.66,14.82,10
PAC,"Grupo Aeroportuario del Pacífico, S.A.B. de C.V.",Industrials,Airports & Air Services,airports-air-services,13023758336,0.39,0.738,0.738,3.6999999999999997,77.74,20.48,20.21,0.08,0,4.02,-6.4,30.830000000000002,0.9199999999999999,42.57,10
PAA,unknown,Energy,Oil & Gas Midstream,oil-gas-midstream,0,0.0,0.942,0.763,8.7,5.949999999999999,21.96,12.61,0.0,0,6.58,-70.89999999999999,2.53,2.1399999999999997,14.15,10
ORLY,"O'Reilly Automotive, Inc.",Consumer Cyclical,Auto Parts,auto-parts,72418394112,3.9,0.752,0.093,8.1,51.64,28.17,24.46,1.73,0,0.0,10.299999999999999,14.27,2.79,-332.51,10
O,unknown,Real Estate,REIT - Retail,reit-retail,0,0.0,2.062,1.049,12.0,92.60000000000001,52.17,37.28,0.0,0,5.05,17.9,18.9,4.89,2.68,10
NXPI,NXP Semiconductors N.V.,Technology,Semiconductors,semiconductors,62144602112,4.71,2.04,1.194,19.5,56.10000000000001,48.32,13.56,1.67,0,1.65,72.6,22.56,3.8600000000000003,20.1,10
NWSA,News Corporation,Communication Services,Entertainment,entertainment,14913696768,1.69,1.702,1.479,8.799999999999999,57.17,34.87,21.34,0.66,0,0.71,-10.4,12.920000000000002,3.42,13.45,10
NWG,NatWest Group plc,Financial Services,Banks - Regional,banks-regional,75835523072,4.67,0.0,0.0,7.5,0.0,10.31,9.11,4.32,0,4.73,15.6,36.88,0.03,13.69,10
NVR,unknown,Consumer Cyclical,Residential Construction,residential-construction,16489643008,1.71,5.284,1.627,-10.9,21.84,16.0,14.96,1.9,0,0.0,-22.6,11.85,7.71,34.67,10
EC,Ecopetrol S.A.,Energy,Oil & Gas Integrated,oil-gas-integrated,34969751552,0.0,1.259,0.959,-8.7,33.900000000000006,11.26,10.83,0.0,0,3.81,-7.7,7.5200000000000005,3.91,12.89,10
WEC,unknown,Utilities,Utilities - Regulated Electric,utilities-regulated-electric,35739160576,3.53,0.534,0.303,2.6,42.01,21.3,18.28,1.99,0,3.46,19.7,16.689999999999998,4.78,11.45,10
WDS,unknown,Energy,Oil & Gas E&P,oil-gas-e-p,0,0.0,1.592,1.413,-11.1,34.94,16.49,0.0,0.0,0,4.79,-14.399999999999999,20.93,0.0,7.57,10
WDAY,"Workday, Inc.",Technology,Software - Application,software-application,38456242176,3.9,1.009,0.912,13.5,75.77000000000001,48.51,12.32,0.82,0,0.0,248.0,8.6,15.629999999999999,8.88,10
BKR,Baker Hughes Company,Energy,Oil & Gas Equipment & Services,oil-gas-equipment-services,59987390464,2.16,2.095,1.622,-2.4,23.66,19.43,18.99,2.22,0,1.57,-4.2,11.17,3.0700000000000003,13.74,10
BJ,"BJ's Wholesale Club Holdings, Inc.",Consumer Defensive,Discount Stores,discount-stores,12517840896,0.57,0.727,0.114,9.9,18.48,22.54,20.02,0.42,0,0.0,-2.7,2.6,6.47,26.32,10
YUM,"Yum! Brands, Inc.",Consumer Cyclical,Restaurants,restaurants,42500792320,4.87,0.592,0.302,12.3,45.31,19.42,20.9,2.34,0,1.91,131.6,25.41,3.51,-21.28,10
XYL,Xylem Inc.,Industrials,Specialty Industrial Machinery,specialty-industrial-machinery,27273594880,2.99,1.613,1.161,1.5,39.24,27.75,18.83,1.79,0,1.47,19.5,11.15,4.16,8.34,10
WMS,unknown,Industrials,Building Products & Equipment,building-products-equipment,10563267584,3.46,2.416,1.204,9.9,38.269999999999996,25.29,18.71,1.93,0,0.58,-57.99999999999999,13.98,3.84,22.07,10
WSO,"Watsco, Inc.",Industrials,Industrial Distribution,industrial-distribution,12767748096,1.75,3.199,1.412,2.1,27.51,27.63,23.07,1.24,0,4.12,-11.600000000000001,6.529999999999999,0.0,17.87,10
WSM,"Williams-Sonoma, Inc.",Consumer Cyclical,Specialty Retail,specialty-retail,27117631488,3.44,1.331,0.449,4.3999999999999995,46.06,25.85,22.44,1.77,0,1.3,4.3,13.81,5.45,52.26,10
AEG,Aegon Ltd.,Financial Services,Insurance - Diversified,insurance-diversified,13935955968,1.14,7.997,1.183,-13.700000000000001,43.980000000000004,13.86,30.5,1.3,0,4.91,-46.7,8.01,0.33999999999999997,10.38,10
AEE,unknown,Utilities,Utilities - Regulated Electric,utilities-regulated-electric,0,0.0,0.531,0.259,-2.6,52.349999999999994,19.33,18.91,0.0,0,2.76,11.899999999999999,18.56,5.66,0.0,10
ADM,unknown,Consumer Defensive,Farm Products,farm-products,0,0.0,1.311,0.268,1.6,6.3,35.69,14.63,0.0,0,2.58,0.8999999999999999,1.34,4.5600000000000005,4.74,10
WY,Weyerhaeuser Company,Real Estate,REIT - Specialty,reit-specialty,17719623680,2.58,1.418,0.663,-2.0,14.680000000000001,37.23,37.46,2.63,0,3.44,96.6,5.779999999999999,4.54,3.44,8
ADP,"Automatic Data Processing, Inc.",Technology,Software - Application,software-application,104720850944,4.77,1.051,0.155,6.800000000000001,48.65,24.04,19.66,2.28,0,2.58,10.0,20.11,4.03,65.93,8
WAB,unknown,Industrials,Railroads,railroads,49413181440,4.12,1.121,0.525,17.5,35.74,39.37,23.65,2.19,0,0.42,18.9,10.59,2.59,10.5,8
HBANP,Huntington Bancshares Incorporated,Financial Services,Banks - Regional,banks-regional,0,0.0,0.0,0.0,47.599999999999994,0.0,20.77,0.0,0.0,0,6.97,-2.9000000000000004,26.13,0.0,10.23,8
VLYPO,Valley National Bancorp,Financial Services,Banks - Regional,banks-regional,0,0.0,0.0,0.0,15.0,0.0,22.45,0.0,0.0,0,7.75,31.8,34.54,0.0,8.02,8
VIK,Viking Holdings Ltd,Consumer Cyclical,Travel Services,travel-services,46286573568,6.95,0.779,0.654,17.5,44.28,38.57,23.6,3.2,0,0.0,0.0,18.0,3.58,104.92,8
GGG,unknown,Industrials,Specialty Industrial Machinery,specialty-industrial-machinery,12842920960,5.66,2.992,2.028,3.3000000000000003,52.64,24.94,22.62,2.59,0,1.48,14.499999999999998,23.53,5.18,19.66,8
GFS,GLOBALFOUNDRIES Inc.,Technology,Semiconductors,semiconductors,27742316544,4.06,2.592,1.839,3.1,26.11,36.37,20.08,2.9,0,0.96,-52.5,11.37,15.629999999999999,7.42,8
FWONA,Formula One Group,Communication Services,Entertainment,entertainment,22540730368,5.61,1.247,0.964,18.3,32.58,39.28,36.54,3.09,0,0.0,-49.7,5.52,5.7,7.15,8
AVB,unknown,Real Estate,REIT - Residential,reit-residential,26567796736,8.62,0.202,0.066,2.1,62.61,25.49,38.14,3.16,0,3.79,-41.3,33.339999999999996,3.1,9.05,8
URI,"United Rentals, Inc.",Industrials,Rental & Leasing Services,rental-leasing-services,66988478464,3.98,0.764,0.619,11.799999999999999,38.48,25.89,19.08,2.16,0,0.75,25.5,15.67,2.5700000000000003,27.81,8
UNP,Union Pacific Corporation,Industrials,Railroads,railroads,172881920000,6.8,0.986,0.756,11.5,56.279999999999994,23.54,20.62,2.63,0,1.96,6.6000000000000005,28.849999999999998,5.29,38.65,8
DE,Deere & Company,Industrials,Farm & Heavy Construction Machinery,farm-heavy-construction-machinery,160473759744,3.39,2.213,1.972,-11.1,25.96,33.74,26.15,3.77,0,1.08,-8.5,10.100000000000001,2.4699999999999998,19.37,8
PCAR,PACCAR Inc,Industrials,Farm & Heavy Construction Machinery,farm-heavy-construction-machinery,69980217344,2.52,5.519,4.888,0.5,13.719999999999999,27.99,18.69,2.16,0,1.05,4.2,9.0,3.27,12.33,8
PBA,Pembina Pipeline Corporation,Energy,Oil & Gas Midstream,oil-gas-midstream,28653117440,3.77,0.833,0.67,-7.7,38.73,26.07,21.87,4.06,0,4.08,0.2,22.23,0.0,11.26,8
PAYX,"Paychex, Inc.",Technology,Software - Application,software-application,41170288640,10.38,1.152,0.303,12.5,67.2,23.67,18.13,2.98,0,4.09,43.4,26.63,6.0600000000000005,47.12,8
OKTA,"Okta, Inc.",Technology,Software - Infrastructure,software-infrastructure,24214843392,8.08,1.43,1.296,11.200000000000001,77.44,100.96,32.54,1.62,0,0.0,21.2,8.24,5.11,3.36,8
NXT,Nextpower Inc.,Technology,Solar,solar,14066287616,3.95,2.446,2.104,-4.7,21.92,23.67,15.56,4.14,0,0.0,-7.1,16.46,6.54,25.1,8
NWS,News Corporation,Communication Services,Entertainment,entertainment,16878733312,1.92,1.702,1.479,8.799999999999999,57.17,40.49,24.15,0.75,0,0.63,-10.4,12.920000000000002,13.420000000000002,13.45,8
UI,Ubiquiti Inc.,Technology,Communication Equipment,communication-equipment,33187889152,10.72,3.561,1.559,18.7,46.02,35.22,31.82,4.7,0,0.61,29.5,30.43,10.18,106.53,8
UDR,"UDR, Inc.",Real Estate,REIT - Residential,reit-residential,13862489088,7.85,0.178,0.002,-0.1,66.58,23.88,67.38,7.86,0,4.52,90.9,29.56,4.65,11.64,8
UBS,UBS Group AG,Financial Services,Banks - Diversified,banks-diversified,173330333696,3.27,0.0,0.0,14.6,0.0,33.47,12.84,2.79,0,2.06,20.599999999999998,17.95,0.19,8.61,8
BMRN,BioMarin Pharmaceutical Inc.,Healthcare,Biotechnology,biotechnology,11475296256,3.54,5.806,3.942,2.8000000000000003,51.160000000000004,42.71,9.28,1.68,0,0.0,-43.1,8.290000000000001,7.430000000000001,5.73,8
TU,TELUS Corporation,Communication Services,Telecom Services,telecom-services,14700099584,0.72,0.669,0.536,-0.6,35.4,21.9,13.25,0.73,0,10.95,-58.5,4.569999999999999,0.0,7.06,8
TT,Trane Technologies plc,Industrials,Building Products & Equipment,building-products-equipment,100524974080,4.65,1.095,0.727,6.0,35.92,33.86,26.25,2.8,0,0.94,-2.1,13.420000000000002,1.91,34.02,8
DOC,unknown,Real Estate,REIT - Healthcare Facilities,reit-healthcare-facilities,0,0.0,2.039,1.407,7.1,58.330000000000005,68.39,-145.9,0.0,0,5.43,363.9,7.7299999999999995,4.52,0.95,8
DTM,"DT Midstream, Inc.",Energy,Oil & Gas Midstream,oil-gas-midstream,13873920000,10.59,1.372,1.195,11.0,75.33999999999999,29.89,27.38,2.32,0,2.57,4.8,35.72,5.3100000000000005,9.31,8
DTE,unknown,Utilities,Utilities - Regulated Electric,utilities-regulated-electric,29498562560,1.79,0.802,0.395,-1.5,29.349999999999998,22.43,16.94,1.82,0,3.29,22.400000000000002,8.0,3.26,11.88,8
DT,"Dynatrace, Inc.",Technology,Software - Application,software-application,12671907840,6.28,1.353,1.218,19.400000000000002,81.73,80.51,19.23,0.92,0,0.0,-52.6,8.06,4.37,6.23,8
DRS,"Leonardo DRS, Inc.",Industrials,Aerospace & Defense,aerospace-defense,11925599232,3.16,1.915,1.494,10.100000000000001,24.87,37.57,30.76,2.13,0,0.79,60.0,8.52,1.08,10.18,8
NU,Nu Holdings Ltd.,Financial Services,Banks - Regional,banks-regional,69558976512,9.16,0.0,0.0,43.7,0.0,22.15,12.45,5.16,0,0.0,55.900000000000006,41.92,4.109999999999999,25.41,8
NTNX,"Nutanix, Inc.",Technology,Software - Infrastructure,software-infrastructure,15843485696,5.76,1.777,1.551,10.0,87.1,61.69,26.74,0.67,0,0.0,17.2,10.03,13.120000000000001,-27.12,8
NSC,unknown,Industrials,Railroads,railroads,75205615616,6.0,0.831,0.666,11.4,45.16,28.57,23.47,2.91,0,1.61,-4.3999999999999995,21.02,3.6799999999999997,18.48,8
NRG,unknown,Utilities,Utilities - Independent Power Producers,utilities-independent-power-producers,0,0.0,0.838,0.334,19.5,16.45,146.08,11.77,0.0,0,1.42,-85.6,0.74,4.8500000000000005,83.8,8
NOK,unknown,Technology,Communication Equipment,communication-equipment,0,0.0,1.505,1.22,8.4,45.5,65.39,18.58,0.0,0,1.94,-97.89999999999999,3.47,0.8999999999999999,3.1,8
DHR,Danaher Corporation,Healthcare,Diagnostics & Research,diagnostics-research,136463646720,5.44,1.651,1.149,5.5,58.75,34.6,20.9,2.12,0,0.82,59.699999999999996,15.950000000000001,1.6099999999999999,6.88,8
DEO,Diageo plc,Consumer Defensive,Beverages - Wineries & Distilleries,beverages-wineries-distilleries,49038381056,2.48,1.604,0.573,-4.0,60.0,20.37,14.02,2.58,0,3.72,2.9000000000000004,12.19,0.72,21.23,8
EMR,Emerson Electric Co.,Industrials,Specialty Industrial Machinery,specialty-industrial-machinery,83354083328,4.55,0.868,0.588,2.9000000000000004,52.669999999999995,34.37,20.75,2.09,0,1.49,27.900000000000002,13.350000000000001,2.11,11.31,8
ELS,"Equity LifeStyle Properties, Inc.",Real Estate,REIT - Residential,reit-residential,13069301760,8.33,0.139,0.029,6.4,53.66,31.49,30.0,3.62,0,3.31,19.1,25.619999999999997,5.34,22.01,8
EGP,unknown,Real Estate,REIT - Industrial,reit-industrial,11185387520,14.89,0.412,0.365,9.1,73.61,36.62,37.73,3.57,0,2.97,16.7,40.57,5.93,7.36,8
NDSN,Nordson Corporation,Industrials,Specialty Industrial Machinery,specialty-industrial-machinery,16467996672,5.67,2.597,1.443,8.5,55.22,31.58,23.81,2.32,0,1.11,6.1,18.19,3.49,15.92,8
PLD,unknown,Real Estate,REIT - Industrial,reit-industrial,137476997120,14.24,0.649,0.488,12.3,75.55,32.07,42.32,3.05,0,2.93,85.3,43.580000000000005,1.66,6.26,8
PH,Parker-Hannifin Corporation,Industrials,Specialty Industrial Machinery,specialty-industrial-machinery,121962102784,5.81,1.129,0.604,10.6,37.44,35.76,28.4,3.25,0,0.83,-4.2,16.580000000000002,1.16,25.81,8
PFGC,Performance Food Group Company,Consumer Defensive,Food Distribution,food-distribution,17847762944,0.28,1.516,0.617,6.4,12.509999999999998,54.1,19.9,0.23,0,0.0,-27.800000000000004,0.52,4.63,7.61,8
TSN,unknown,Consumer Defensive,Farm Products,farm-products,0,0.0,1.83,0.598,4.3999999999999995,6.38,47.31,13.41,0.0,0,3.36,3602.2,0.8099999999999999,3.46,2.62,8
HUBB,Hubbell Incorporated,Industrials,Electrical Equipment & Parts,electrical-equipment-parts,25200607232,4.05,1.609,0.826,15.299999999999999,35.339999999999996,28.21,20.93,2.22,0,1.2,-0.8999999999999999,14.49,5.970000000000001,23.05,8
HRL,unknown,Consumer Defensive,Packaged Foods,packaged-foods,0,0.0,1.938,0.931,-2.9000000000000004,15.78,29.55,16.11,0.0,0,4.61,-5.1,3.82,6.950000000000001,6.05,8
BAM,Brookfield Asset Management Ltd.,Financial Services,Asset Management,asset-management,76869296128,15.15,1.126,1.017,23.799999999999997,71.05,30.86,22.23,3.34,0,4.19,5.6000000000000005,49.68,4.91,30.61,8
BA,The Boeing Company,Industrials,Aerospace & Defense,aerospace-defense,169060155392,1.8,1.138,0.296,8.0,4.71,76.94,51.67,1.58,0,0.0,0.0,2.59,0.02,41.02,8
TRI,Thomson Reuters Corporation,Industrials,Specialty Business Services,specialty-business-services,42418479104,5.54,0.604,0.474,9.8,39.46,28.0,19.31,3.02,0,2.65,5.6000000000000005,19.93,0.0,12.72,8
TRGP,Targa Resources Corp.,Energy,Oil & Gas Midstream,oil-gas-midstream,57542807552,3.47,0.718,0.528,-10.2,41.77,27.38,22.41,3.83,0,1.86,142.9,12.870000000000001,2.27,62.68,8
BTSGU,"BrightSpring Health Services, Inc.",Healthcare,Health Information Services,health-information-services,0,0.0,1.737,1.356,25.6,12.18,0.0,0.0,0.0,0,1.4,359.8,2.27,0.0,10.17,8
IFF,unknown,Basic Materials,Specialty Chemicals,specialty-chemicals,0,0.0,1.492,0.705,-3.5999999999999996,36.35,24.37,16.41,0.0,0,2.01,0.0,7.66,8.08,-2.55,8
FRT,Federal Realty Investment Trust,Real Estate,REIT - Retail,reit-retail,10868277248,8.28,0.659,0.644,10.299999999999999,67.99,21.67,40.65,2.38,0,3.64,152.5,38.57,0.03,13.31,8
FLS,unknown,Industrials,Specialty Industrial Machinery,specialty-industrial-machinery,0,0.0,2.153,1.469,-1.6,35.8,26.31,16.37,0.0,0,1.17,24.2,8.01,7.380000000000001,15.8,8
IEX,IDEX Corporation,Industrials,Specialty Industrial Machinery,specialty-industrial-machinery,16858265600,4.7,3.049,2.01,6.4,44.73,32.95,24.16,2.43,0,1.25,10.9,14.49,3.64,12.0,8
IESC,"IES Holdings, Inc.",Industrials,Engineering & Construction,engineering-construction,14650492928,4.03,1.554,1.365,16.8,26.08,39.22,0.0,2.48,0,0.0,55.400000000000006,10.47,8.72,34.61,8
CCI,unknown,Real Estate,REIT - Specialty,reit-specialty,33023825920,7.94,0.522,0.429,-4.9,73.72999999999999,31.89,26.0,8.33,0,5.55,-67.5,20.72,3.2800000000000002,-27.16,8
RACE,Ferrari N.V.,Consumer Cyclical,Auto Manufacturers,auto-manufacturers,69013561344,9.58,2.569,1.907,3.2,51.61,37.38,31.26,4.49,0,1.1,1.3,22.189999999999998,2.86,40.87,8
CVS,CVS Health Corporation,Healthcare,Healthcare Plans,healthcare-plans,133876678656,0.33,0.866,0.611,6.1,13.389999999999999,46.02,12.46,0.27,0,2.53,63.1,0.72,1.54,2.35,8
CSX,CSX Corporation,Industrials,Railroads,railroads,92920324096,6.4,0.82,0.685,10.100000000000001,47.07,29.16,22.15,3.05,0,1.1,22.7,22.21,2.0,21.96,8
CSGP,"CoStar Group, Inc.",Real Estate,Real Estate Services,real-estate-services,11669690368,3.28,2.214,2.064,18.4,78.68,160.0,16.7,0.57,0,0.0,1261.0,2.08,4.03,0.08,8
PSA,Public Storage,Real Estate,REIT - Industrial,reit-industrial,59671801856,12.15,0.22,0.13,3.3000000000000003,74.42,30.49,31.41,3.01,0,3.78,45.1,41.63,4.99,36.43,8
CBOE,"Cboe Global Markets, Inc.",Financial Services,Financial Data & Stock Exchanges,financial-data-stock-exchanges,31753529344,6.63,1.385,0.59,6.5,54.11,25.91,20.2,2.84,0,0.97,54.400000000000006,25.77,2.98,21.41,8
CARR,Carrier Global Corporation,Industrials,Building Products & Equipment,building-products-equipment,51421396992,2.33,1.02,0.547,3.9,24.69,44.56,18.91,1.68,0,1.56,-11.799999999999999,5.52,2.3,10.75,8
SWKS,"Skyworks Solutions, Inc.",Technology,Semiconductors,semiconductors,9350378496,2.33,3.101,1.312,-3.1,40.73,32.2,12.49,2.4,0,4.55,-68.60000000000001,7.23,34.61,8.29,8
SW,Smurfit Westrock Plc,Consumer Cyclical,Packaging & Containers,packaging-containers,23973320704,0.77,1.447,0.749,1.0999999999999999,17.93,48.62,13.95,0.62,0,3.81,0.0,1.59,5.54,3.81,8
IVZ,Invesco Ltd.,Financial Services,Asset Management,asset-management,13019835392,1.89,0.0,0.0,20.5,29.64,0.0,9.09,1.06,0,2.92,0.0,-0.9299999999999999,6.329999999999999,-2.9,8
ITW,Illinois Tool Works Inc.,Industrials,Specialty Industrial Machinery,specialty-industrial-machinery,81701052416,4.96,1.109,0.74,6.1,44.16,25.72,23.03,2.6,0,2.27,10.100000000000001,19.39,3.3300000000000005,95.07,8
IR,unknown,Industrials,Specialty Industrial Machinery,specialty-industrial-machinery,0,0.0,1.616,1.013,8.5,42.82,55.39,21.28,0.0,0,0.09,0.0,12.08,4.08,5.76,8
INVH,Invitation Homes Inc.,Real Estate,REIT - Residential,reit-residential,17592553472,6.33,1.497,0.508,9.2,57.18,27.17,41.97,2.46,0,3.99,-3.6999999999999997,20.96,3.01,6.17,8
IMO,unknown,Energy,Oil & Gas Integrated,oil-gas-integrated,0,0.0,1.232,0.928,-0.4,16.71,30.38,16.27,0.0,0,1.9,-23.0,6.23,22.220000000000002,14.69,8
CG,unknown,Financial Services,Asset Management,asset-management,0,0.0,1.994,1.917,-94.1,87.78,30.95,8.87,0.0,0,3.09,0.0,16.82,6.03,14.04,8
SRE,unknown,Utilities,Utilities - Diversified,utilities-diversified,0,0.0,1.689,0.131,-3.9,42.46,30.37,16.13,0.0,0,2.94,13.700000000000001,14.430000000000001,2.37,5.81,8
RELX,RELX PLC,Industrials,Specialty Business Services,specialty-business-services,61676847104,6.35,0.449,0.394,2.7,66.42,21.28,16.58,2.07,0,2.49,24.3,23.27,0.26,87.28,8
RDY,Dr. Reddy's Laboratories Limited,Healthcare,Drug Manufacturers - Specialty & Generic,drug-manufacturers-specialty-generic,9783585792,0.03,1.902,1.161,-5.6000000000000005,50.18,27.96,18.09,0.03,0,0.71,-68.7,10.0,3.06,11.36,8
RBA,"RB Global, Inc.",Industrials,Specialty Business Services,specialty-business-services,20346753024,4.31,1.138,0.662,11.4,46.42,50.8,22.51,2.05,0,1.2,20.0,9.55,9.5,7.69,8
MSI,"Motorola Solutions, Inc.",Technology,Communication Equipment,communication-equipment,71545757696,6.03,1.071,0.779,7.3999999999999995,51.51,34.73,23.25,2.71,0,1.11,-13.8,17.61,2.42,89.38,8
MMM,3M Company,Industrials,Conglomerates,conglomerates,90591805440,3.6,1.24,0.811,2.5,39.410000000000004,31.2,18.12,2.13,0,1.77,32.800000000000004,11.899999999999999,2.12,69.12,8
MLM,"Martin Marietta Materials, Inc.",Basic Materials,Building Materials,building-materials,32132063232,4.8,1.407,0.651,0.0,28.23,34.77,23.31,0.0,0,0.61,0.0,36.74,4.65,11.33,8
MICC,The Magnum Ice Cream Company N.V.,Consumer Defensive,Packaged Foods,packaged-foods,11319101440,1.4,1.01,0.768,4.2,36.15,54.32,15.22,0.86,0,0.0,0.0,2.23,0.0,46.88,8
SPXC,"SPX Technologies, Inc.",Industrials,Building Products & Equipment,building-products-equipment,11424796672,4.61,1.825,1.137,22.900000000000002,40.300000000000004,43.72,24.55,2.12,0,0.0,41.0,11.27,2.91,10.91,8
SPOT,Spotify Technology S.A.,Communication Services,Internet Content & Information,internet-content-information,105059516416,5.99,2.06,1.508,8.200000000000001,32.32,34.78,28.21,3.72,0,0.0,222.40000000000003,15.45,4.15,26.56,8
AME,"AMETEK, Inc.",Industrials,Specialty Industrial Machinery,specialty-industrial-machinery,55385763840,7.29,1.138,0.608,11.3,36.68,36.5,27.44,4.09,0,0.58,14.499999999999998,20.11,1.58,13.93,8
FER,Ferrovial N.V.,Industrials,Engineering & Construction,engineering-construction,46897938432,4.76,1.198,1.087,5.2,87.14,69.2,42.68,0.58,0,2.54,-52.0,6.15,0.7799999999999999,15.03,8
FDXF,"FedEx Freight Holding Company, Inc.",Industrials,Integrated Freight & Logistics,integrated-freight-logistics,20690509824,2.38,0.841,0.78,-4.7,29.67,30.54,27.73,2.49,0,0.0,0.0,10.4,0.0,28.9,8
FCX,unknown,Basic Materials,Copper,copper,0,0.0,2.066,0.795,-7.3,38.279999999999994,30.33,15.14,0.0,0,0.95,27.1,11.39,2.0,11.66,8
ALC,Alcon Inc.,Healthcare,Medical Instruments & Supplies,medical-instruments-supplies,33419642880,3.14,2.204,1.221,9.4,56.14,41.03,17.27,1.25,0,0.52,-44.6,7.7,0.0,4.45,8
COP,ConocoPhillips,Energy,Oil & Gas E&P,oil-gas-e-p,144672407552,2.44,1.289,1.066,-5.3,45.59,20.13,13.19,2.57,0,2.82,-20.200000000000003,12.33,1.7000000000000002,12.39,8
COO,unknown,Healthcare,Medical Instruments & Supplies,medical-instruments-supplies,0,0.0,1.274,0.525,7.9,65.55,60.49,14.29,0.0,0,0.0,0.0,5.57,4.63,4.55,8
ROL,unknown,Consumer Cyclical,Personal Services,personal-services,18172862464,4.63,0.629,0.424,7.9,52.370000000000005,34.34,28.78,2.03,0,1.9,3.1,13.55,4.47,38.32,8
BEKE,KE Holdings Inc.,Real Estate,Real Estate Services,real-estate-services,18482323456,0.21,1.634,1.255,-19.0,22.13,38.02,14.87,0.24,0,1.62,54.2,3.7699999999999996,5.08,4.51,8
MCO,Moody's Corporation,Financial Services,Financial Data & Stock Exchanges,financial-data-stock-exchanges,82832465920,10.15,1.19,1.043,15.1,74.97,30.33,25.34,2.16,0,0.85,56.699999999999996,34.25,2.15,60.66,8
LAMR,Lamar Advertising Company,Real Estate,REIT - Specialty,reit-specialty,16084817920,7.03,0.58,0.494,4.3999999999999995,67.22,29.25,24.81,2.2,0,3.98,-26.1,24.02,9.19,58.04,8
CNH,CNH Industrial N.V.,Industrials,Farm & Heavy Construction Machinery,farm-heavy-construction-machinery,12635096064,0.7,4.899,3.934,-0.1,18.48,31.84,13.92,0.7,0,0.97,-94.39999999999999,2.13,8.72,6.6,8
CMS,unknown,Utilities,Utilities - Regulated Electric,utilities-regulated-electric,22728073216,2.58,0.936,0.413,-0.5,40.32,21.83,17.43,2.59,0,3.16,-43.9,11.64,0.0,12.01,8
CMG,unknown,Consumer Cyclical,Restaurants,restaurants,47879901184,3.94,0.919,0.781,7.3999999999999995,39.65,34.97,27.64,2.2,0,0.0,-17.9,11.959999999999999,4.47,54.26,8
ERIE,Erie Indemnity Company,Financial Services,Insurance Brokers,insurance-brokers,12158440448,2.95,1.246,1.148,2.8000000000000003,17.9,21.08,16.6,2.36,0,2.5,3.2,14.01,11.76,24.5,8
LNT,Alliant Energy Corporation,Utilities,Utilities - Regulated Electric,utilities-regulated-electric,18353166336,4.14,0.466,0.01,1.0,44.5,22.35,19.28,2.28,0,3.02,-4.0,18.45,12.4,11.04,8
RVTY,"Revvity, Inc.",Healthcare,Diagnostics & Research,diagnostics-research,12388713472,4.27,1.718,1.253,7.000000000000001,54.32,53.39,19.05,1.81,0,0.25,3.5000000000000004,8.260000000000002,9.99,3.33,8
MAA,"Mid-America Apartment Communities, Inc.",Real Estate,REIT - Residential,reit-residential,15779158016,7.13,0.076,0.044,0.8,58.5,38.55,40.32,2.93,0,4.45,-31.5,17.599999999999998,3.94,7.86,8
ATO,Atmos Energy Corporation,Utilities,Utilities - Regulated Gas,utilities-regulated-gas,29069086720,5.96,1.003,0.612,0.6,60.99,21.45,19.31,2.31,0,2.3,14.499999999999998,27.58,2.3800000000000003,8.84,8
RRX,Regal Rexnord Corporation,Industrials,Specialty Industrial Machinery,specialty-industrial-machinery,13634113536,2.27,2.174,0.868,4.3,37.57,47.74,15.16,1.36,0,0.69,11.600000000000001,4.78,4.74,4.08,8
CRBG,"Corebridge Financial, Inc.",Financial Services,Asset Management,asset-management,14235374592,0.76,1.175,0.191,2.1,18.41,79.0,5.49,0.61,0,3.07,0.0,1.31,7.8100000000000005,-2.88,8
HBANM,Huntington Bancshares Incorporated,Financial Services,Banks - Regional,banks-regional,0,0.0,0.0,0.0,47.599999999999994,0.0,26.76,0.0,0.0,0,6.84,-2.9000000000000004,26.13,0.0,10.23,8
GRMN,Garmin Ltd.,Technology,Scientific & Technical Instruments,scientific-technical-instruments,56968638464,7.43,3.028,1.845,11.4,60.08,30.45,27.45,2.63,0,1.41,35.3,24.47,2.39,18.54,8
VRTX,Vertex Pharmaceuticals Incorporated,Healthcare,Biotechnology,biotechnology,119483973632,9.78,3.023,2.382,7.8,54.39000000000001,27.92,22.06,4.11,0,0.0,61.4,35.510000000000005,2.22,21.18,8
VRSK,"Verisk Analytics, Inc.",Industrials,Consulting Services,consulting-services,25376518144,8.09,1.005,0.903,4.3999999999999995,70.17999999999999,29.95,22.46,2.31,0,1.0,-3.4000000000000004,28.24,5.56,293.95,8
VMC,Vulcan Materials Company,Basic Materials,Building Materials,building-materials,35291348992,4.35,1.757,1.051,2.5,27.51,32.08,25.24,3.07,0,0.77,2.7,13.750000000000002,5.83,12.63,8
VLYPP,Valley National Bancorp,Financial Services,Banks - Regional,banks-regional,0,0.0,0.0,0.0,15.0,0.0,22.55,0.0,0.0,0,7.99,31.8,34.54,0.0,8.02,8
ECL,Ecolab Inc.,Basic Materials,Specialty Chemicals,specialty-chemicals,77561364480,4.61,1.841,1.435,9.700000000000001,44.21,36.94,29.23,2.32,0,1.05,3.3000000000000003,12.57,1.34,21.24,8
A,unknown,Healthcare,Diagnostics & Research,diagnostics-research,38631038976,5.34,2.099,1.457,10.0,52.64,27.47,20.69,2.28,0,0.74,60.0,19.55,3.0300000000000002,19.33,8
ZS,"Zscaler, Inc.",Technology,Software - Infrastructure,software-infrastructure,23764832256,7.49,1.861,1.718,25.4,76.74,0.0,31.97,1.3,0,0.0,0.0,-2.44,7.6499999999999995,-2.31,8
XYZ,"Block, Inc.",Technology,Software - Infrastructure,software-infrastructure,48227516416,1.97,1.986,0.974,4.9,45.08,63.3,15.98,1.03,0,0.0,0.0,3.3000000000000003,3.46,5.88,8
WMB,"The Williams Companies, Inc.",Energy,Oil & Gas Midstream,oil-gas-midstream,86967410688,7.18,0.829,0.623,9.0,63.51,31.19,27.74,2.39,0,2.96,25.0,23.06,1.8900000000000001,20.5,8
WM,"Waste Management, Inc.",Industrials,Waste Management,waste-management,90349625344,3.52,0.907,0.801,4.0,40.6,59.48,24.71,2.01,0,1.56,8.3,11.12,1.55,27.11,6
WCN,unknown,Industrials,Waste Management,waste-management,42213257216,4.32,0.657,0.55,6.4,42.53,40.45,27.0,2.33,0,0.84,4.3999999999999995,10.86,1.4000000000000001,13.06,6
VRT,Vertiv Holdings Co,Industrials,Electrical Equipment & Parts,electrical-equipment-parts,93602177024,8.15,1.379,0.947,24.099999999999998,38.04,55.13,26.82,3.83,0,0.11,53.0,15.09,2.92,33.82,6
GLW,unknown,Technology,Electronic Components,electronic-components,120731836416,7.12,1.813,0.978,16.6,36.4,65.02,32.62,3.78,0,0.83,18.5,11.200000000000001,2.5100000000000002,13.52,6
ARES,Ares Management Corporation,Financial Services,Asset Management,asset-management,41455124480,7.02,0.488,0.415,28.299999999999997,37.56,57.92,17.4,3.14,0,4.33,770.5,10.54,15.75,18.73,6
KEYS,"Keysight Technologies, Inc.",Technology,Scientific & Technical Instruments,scientific-technical-instruments,54902702080,9.02,1.903,1.334,31.5,62.13999999999999,51.65,26.95,2.34,0,0.0,35.6,17.31,2.09,14.45,6
EQIX,"Equinix, Inc.",Real Estate,REIT - Specialty,reit-specialty,102022578176,10.3,1.131,0.607,16.7,51.980000000000004,66.71,55.51,4.12,0,1.97,28.799999999999997,15.479999999999999,2.18,9.54,6
SITM,SiTime Corporation,Technology,Semiconductors,semiconductors,16703646720,44.04,12.476,11.089,88.3,55.7,0.0,45.23,2.28,0,0.0,0.0,-6.38,4.95,-3.71,6
SKM,"SK Telecom Co., Ltd.",Communication Services,Telecom Services,telecom-services,12226837504,0.0,1.169,0.7,-1.4000000000000001,70.43,51.37,13.41,0.0,0,3.27,-11.600000000000001,2.15,1.47,3.18,6
SBUX,Starbucks Corporation,Consumer Cyclical,Restaurants,restaurants,119714242560,3.12,0.76,0.496,-1.4000000000000001,22.34,60.7,33.91,3.17,0,2.34,85.7,5.17,4.569999999999999,-22.93,6
ATI,ATI Inc.,Industrials,Metal Fabrication,metal-fabrication,25369851904,5.52,2.672,1.076,0.6,23.200000000000003,60.16,34.3,4.22,0,0.0,26.900000000000002,9.26,4.16,22.41,6
ESLT,Elbit Systems Ltd.,Industrials,Aerospace & Defense,aerospace-defense,37695987712,4.58,1.406,0.857,15.5,24.7,64.78,44.55,2.91,0,0.51,42.1,7.140000000000001,0.79,12.94,6
ESS,"Essex Property Trust, Inc.",Real Estate,REIT - Residential,reit-residential,19382734848,9.79,0.477,0.106,3.1,68.77,43.73,45.7,2.96,0,3.68,-71.8,20.89,5.0200000000000005,12.08,6
LFUS,"Littelfuse, Inc.",Technology,Electronic Components,electronic-components,11197673472,4.28,2.761,1.838,20.4,39.34,0.0,21.94,2.07,0,0.72,51.7,-0.31,5.800000000000001,-2.96,6
KNX,Knight-Swift Transportation Holdings Inc.,Industrials,Trucking,trucking,11474297856,1.48,0.877,0.634,12.6,24.33,261.11,17.62,0.98,0,1.15,23.799999999999997,0.5599999999999999,6.38,0.93,6
WWD,"Woodward, Inc.",Industrials,Aerospace & Defense,aerospace-defense,21544267776,5.14,1.645,1.077,21.2,29.630000000000003,40.27,33.7,2.85,0,0.36,36.4,13.170000000000002,2.64,17.23,6
AEIS,"Advanced Energy Industries, Inc.",Industrials,Electrical Equipment & Parts,electrical-equipment-parts,11557877760,6.07,1.588,1.076,26.3,39.0,60.18,23.51,2.73,0,0.15,144.79999999999998,10.0,6.13,10.89,6
AAL,American Airlines Group Inc.,Industrials,Airlines,airlines,10138068992,0.17,0.534,0.383,16.3,21.240000000000002,0.0,6.1,0.11,0,0.0,-88.2,-0.5599999999999999,9.66,-2.98,6
FTAI,FTAI Aviation Ltd.,Industrials,Aerospace & Defense,aerospace-defense,20602054656,6.62,5.281,1.07,40.9,32.21,43.83,14.25,2.65,0,1.01,-28.000000000000004,15.939999999999998,10.57,149.97,6
ON,ON Semiconductor Corporation,Technology,Semiconductors,semiconductors,32808347648,5.41,4.873,2.797,4.7,42.67,61.99,19.41,2.96,0,0.0,0.0,9.46,11.05,1.58,6
OWL,Blue Owl Capital Inc.,Financial Services,Asset Management,asset-management,16050423808,5.46,2.529,2.448,10.299999999999999,58.64,85.79,10.5,2.03,0,9.63,636.5999999999999,2.96,22.07,3.57,6
OXY,Occidental Petroleum Corporation,Energy,Oil & Gas E&P,oil-gas-e-p,55848738816,2.64,1.21,0.905,-8.3,69.76,75.88,14.29,2.86,0,1.86,315.6,22.42,0.01,8.38,6
ODFL,"Old Dominion Freight Line, Inc.",Industrials,Trucking,trucking,44117352448,7.87,1.889,1.889,10.4,39.57,40.72,32.14,4.26,0,0.55,32.300000000000004,19.439999999999998,5.21,23.75,6
ULS,UL Solutions Inc.,Industrials,Specialty Business Services,specialty-business-services,18404728832,5.93,1.165,1.087,7.5,49.94,53.09,35.45,2.74,0,0.63,36.4,11.27,6.370000000000001,25.75,6
U,Unity Software Inc.,Technology,Software - Application,software-application,13560960000,7.05,1.947,1.862,16.8,74.69,0.0,23.61,1.48,0,0.0,0.0,-34.99,7.8,-12.44,6
TYL,unknown,Technology,Software - Application,software-application,12799837184,5.27,1.554,1.47,8.200000000000001,47.199999999999996,41.13,20.48,2.55,0,0.0,15.5,13.36,9.969999999999999,8.52,6
WST,"West Pharmaceutical Services, Inc.",Healthcare,Medical Instruments & Supplies,medical-instruments-supplies,23640274944,7.11,2.822,1.819,13.8,36.79,43.01,33.8,3.87,0,0.26,18.099999999999998,16.98,3.92,15.54,6
FLUT,Flutter Entertainment plc,Consumer Cyclical,Gambling,gambling,17663848448,1.04,0.904,0.429,17.4,44.25,0.0,11.57,0.48,0,0.0,-21.7,-2.1999999999999997,10.07,-4.2,6
FORM,"FormFactor, Inc.",Technology,Semiconductor Equipment & Materials,semiconductor-equipment-materials,8416776192,9.33,4.078,3.054,31.900000000000002,46.160000000000004,74.46,31.07,3.42,0,0.0,502.50000000000006,12.8,5.07,5.25,6
BWXT,"BWX Technologies, Inc.",Industrials,Aerospace & Defense,aerospace-defense,15195205632,4.5,2.397,2.241,26.1,22.66,44.35,31.93,2.57,0,0.63,20.7,10.2,4.130000000000001,26.69,6
DOW,Dow Inc.,Basic Materials,Chemicals,chemicals,21659387904,0.52,1.749,0.894,19.7,9.790000000000001,0.0,16.26,0.38,0,4.6,0.0,-3.1300000000000003,5.29,-16.39,6
IDXX,"IDEXX Laboratories, Inc.",Healthcare,Diagnostics & Research,diagnostics-research,43567079424,9.8,1.119,0.691,14.299999999999999,62.050000000000004,40.67,33.44,3.19,0,0.0,17.2,24.63,3.04,65.99,6
DOCN,"DigitalOcean Holdings, Inc.",Technology,Software - Infrastructure,software-infrastructure,13836657664,14.59,1.46,1.309,22.400000000000002,58.489999999999995,51.91,63.35,4.7,0,0.0,-61.7,24.959999999999997,14.219999999999999,-903.67,6
HWM,Howmet Aerospace Inc.,Industrials,Aerospace & Defense,aerospace-defense,111966076928,12.98,2.444,1.458,19.1,35.05,65.08,46.23,6.82,0,0.2,71.39999999999999,20.23,1.9800000000000002,28.17,6
CTAS,Cintas Corporation,Industrials,Specialty Business Services,specialty-business-services,81646600192,7.25,1.434,0.686,8.9,50.67,43.5,33.49,3.26,0,1.01,15.6,17.75,4.07,38.91,6
Q,"Qnity Electronics, Inc.",Technology,Semiconductor Equipment & Materials,semiconductor-equipment-materials,27532292096,5.56,2.124,1.234,17.599999999999998,46.089999999999996,42.29,26.83,2.47,0,0.25,-21.7,13.13,2.42,9.76,6
CCJ,unknown,Energy,Uranium,uranium,0,0.0,3.078,1.837,7.1,36.78,80.54,44.59,0.0,0,0.2,87.5,18.39,0.0,8.54,6
APO,"Apollo Global Management, Inc.",Financial Services,Asset Management,asset-management,69824053248,2.23,2.024,1.98,-9.2,35.22,75.7,11.35,2.44,0,1.87,0.0,3.66,5.52,15.91,6
APG,APi Group Corporation,Industrials,Engineering & Construction,engineering-construction,17034524672,2.02,1.389,1.254,13.3,31.430000000000003,0.0,19.9,1.2,0,0.0,25.0,4.1000000000000005,3.1,8.86,6
CX,unknown,Basic Materials,Building Materials,building-materials,0,0.0,0.923,0.553,12.2,32.97,0.0,12.82,0.0,0,0.83,0.0,2.83,0.0,7.2,6
DD,unknown,Basic Materials,Specialty Chemicals,specialty-chemicals,0,0.0,2.683,1.076,4.3,35.010000000000005,121.31,17.56,0.0,0,1.74,0.0,-0.42,3.54,-5.6,6
PPLC,PPL Corporation,Utilities,Utilities - Regulated Electric,utilities-regulated-electric,0,0.0,1.003,0.714,10.8,43.29,0.0,0.0,0.0,0,0.0,7.3,13.089999999999998,0.0,7.94,6
FIX,unknown,Industrials,Engineering & Construction,engineering-construction,61146632192,5.45,1.214,1.172,1.0,25.66,42.81,28.94,4.01,0,0.21,38.800000000000004,12.78,2.75,41.76,6
IREN,IREN Limited,Financial Services,Capital Markets,capital-markets,13037174784,17.22,3.722,3.504,-0.0,68.4,47.38,-38.81,17.22,0,0.0,0.0,20.880000000000003,27.089999999999996,4.78,6
IP,unknown,Consumer Cyclical,Packaging & Containers,packaging-containers,0,0.0,1.213,0.767,13.4,29.69,0.0,14.68,0.0,0,4.34,0.0,-13.77,17.849999999999998,-23.71,6
STLA,Stellantis N.V.,Consumer Cyclical,Auto Manufacturers,auto-manufacturers,17062554624,0.11,0.0,0.0,13.100000000000001,7.48,0.0,4.21,0.09,0,10.58,0.0,-12.09,3.7900000000000005,-41.77,6
ISRG,"Intuitive Surgical, Inc.",Healthcare,Medical Instruments & Supplies,medical-instruments-supplies,125490470912,11.37,4.963,3.636,18.5,66.67999999999999,40.17,29.02,3.09,0,0.0,26.5,28.449999999999996,1.9,0.0,6
TAK,Takeda Pharmaceutical Company Limited,Healthcare,Drug Manufacturers - Specialty & Generic,drug-manufacturers-specialty-generic,54497128448,0.01,1.14,0.513,10.2,64.47,0.0,32.2,0.0,0,3.57,-9.8,-3.54,0.12,-2.05,6
TEVA,Teva Pharmaceutical Industries Limited,Healthcare,Drug Manufacturers - Specialty & Generic,drug-manufacturers-specialty-generic,40498769920,2.34,0.879,0.457,-0.8,52.459999999999994,57.97,11.31,2.36,0,0.0,0.0,4.08,2.83,17.83,6
RBLX,Roblox Corporation,Communication Services,Electronic Gaming & Multimedia,electronic-gaming-multimedia,25098635264,4.41,0.821,0.636,35.9,25.679999999999996,0.0,-27.59,2.1,0,0.0,0.0,-17.599999999999998,4.52,-269.99,6
CGNX,Cognex Corporation,Technology,Scientific & Technical Instruments,scientific-technical-instruments,10700771328,10.22,3.643,2.574,24.3,68.02,75.65,36.04,2.47,0,0.58,122.30000000000001,13.62,5.64,7.67,6
MKSI,MKS Inc.,Technology,Scientific & Technical Instruments,scientific-technical-instruments,20346654720,5.0,1.111,0.587,15.2,46.650000000000006,63.02,19.5,2.26,0,0.34,53.2,8.03,8.68,10.85,6
FAST,Fastenal Company,Industrials,Industrial Distribution,industrial-distribution,54075826176,6.18,4.18,1.998,14.7,44.7,40.28,33.76,2.92,0,2.06,14.6,15.45,3.1300000000000003,31.91,6
MNST,Monster Beverage Corporation,Consumer Defensive,Beverages - Non-Alcoholic,beverages-non-alcoholic,94284873728,10.72,3.257,2.682,26.900000000000002,55.47,46.57,37.13,3.49,0,0.0,28.9,23.11,2.67,23.08,6
RBC,RBC Bearings Incorporated,Industrials,Tools & Accessories,tools-accessories,17993244672,9.62,2.178,0.746,18.3,45.190000000000005,62.5,34.71,4.31,0,0.0,25.6,15.370000000000001,1.6,8.56,6
ENTG,"Entegris, Inc.",Technology,Semiconductor Equipment & Materials,semiconductor-equipment-materials,18551662592,5.73,3.215,1.75,5.0,44.78,70.41,25.93,3.01,0,0.34,46.300000000000004,8.18,7.1499999999999995,5.96,6
JAZZ,Jazz Pharmaceuticals plc,Healthcare,Biotechnology,biotechnology,15845118976,3.57,2.04,1.652,19.1,91.5,2522.4,9.81,0.25,0,0.0,0.0,0.66,6.239999999999999,-8.25,6
JCI,unknown,Industrials,Building Products & Equipment,building-products-equipment,87747706880,3.51,1.0,0.675,9.3,36.65,40.81,24.52,2.02,0,1.11,15.299999999999999,14.32,2.0,25.46,6
ROK,"Rockwell Automation, Inc.",Industrials,Specialty Industrial Machinery,specialty-industrial-machinery,52726607872,5.99,1.091,0.616,11.899999999999999,48.92,49.31,32.39,2.7,0,1.17,39.6,12.36,3.88,23.78,6
HLT,Hilton Worldwide Holdings Inc.,Consumer Cyclical,Lodging,lodging,72162566144,14.14,0.649,0.551,2.5,79.03999999999999,47.22,30.69,2.89,0,0.19,14.099999999999998,31.03,2.5700000000000003,-27.04,6
POWL,"Powell Industries, Inc.",Industrials,Electrical Equipment & Parts,electrical-equipment-parts,7875648000,6.96,2.254,2.004,6.5,30.099999999999998,42.14,31.45,4.55,0,0.17,-1.6,16.509999999999998,9.73,28.21,6
NVMI,Nova Ltd.,Technology,Semiconductor Equipment & Materials,semiconductor-equipment-materials,12762857472,14.14,1.579,1.351,10.299999999999999,57.31,50.41,30.95,5.42,0,0.0,0.5,29.21,4.130000000000001,19.66,6
PEN,"Penumbra, Inc.",Healthcare,Medical Devices,medical-devices,12547314688,8.34,5.75,3.633,14.899999999999999,67.84,78.58,51.04,2.28,0,0.0,-23.5,10.67,6.21,12.45,6
BN,Brookfield Corporation,Financial Services,Asset Management,asset-management,94648614912,1.2,0.892,0.529,7.9,32.269999999999996,83.09,7.22,0.75,0,0.67,158.8,1.69,0.0,2.98,6
DKNG,DraftKings Inc.,Consumer Cyclical,Gambling,gambling,11587088384,1.84,1.019,0.701,16.8,76.7,259.5,13.88,0.36,0,0.0,0.0,0.9299999999999999,8.16,0.59,6
ELAN,Elanco Animal Health Incorporated,Healthcare,Drug Manufacturers - Specialty & Generic,drug-manufacturers-specialty-generic,12915766272,2.64,2.156,0.952,14.899999999999999,55.059999999999995,0.0,21.62,1.01,0,0.0,-15.4,-4.95,11.4,-3.54,6
FTNT,"Fortinet, Inc.",Technology,Software - Infrastructure,software-infrastructure,114117304320,15.16,1.282,1.141,25.6,80.2,54.65,41.8,2.23,0,0.0,43.9,28.17,2.39,149.77,6
VICR,Vicor Corporation,Technology,Electronic Components,electronic-components,9739586560,20.55,13.249,10.525,49.3,56.63,67.71,38.04,4.52,0,0.0,14.299999999999999,30.64,6.3,16.66,6
GFL,GFL Environmental Inc.,Industrials,Waste Management,waste-management,15076194304,2.16,0.753,0.641,16.3,20.21,0.0,44.03,1.44,0,0.16,0.0,-2.87,10.530000000000001,52.5,6
FWONK,Formula One Group,Communication Services,Entertainment,entertainment,24622010368,6.12,1.247,0.964,18.3,32.58,42.9,46.09,3.37,0,0.0,-49.7,5.52,3.7199999999999998,7.15,6
STRK,Strategy Inc,Technology,Software - Application,software-application,0,0.0,5.39,5.194,6.9,67.60000000000001,0.0,0.0,0.0,0,12.71,0.0,0.0,0.0,-8.72,4
HMC,unknown,Consumer Cyclical,Auto Manufacturers,auto-manufacturers,0,0.0,1.281,0.95,8.6,16.75,0.0,0.0,0.0,0,4.34,0.0,-1.95,0.16,-3.59,4
DLR,"Digital Realty Trust, Inc.",Real Estate,REIT - Specialty,reit-specialty,71921934336,10.64,0.831,0.831,29.9,56.99999999999999,93.24,65.17,3.21,0,2.53,-58.8,11.82,0.01,5.9,4
MTSI,"MACOM Technology Solutions Holdings, Inc.",Technology,Semiconductors,semiconductors,19340980224,18.01,7.522,5.507,22.5,55.67999999999999,108.33,36.56,6.19,0,0.0,42.9,16.46,3.01,-4.08,4
TSEM,Tower Semiconductor Ltd.,Technology,Semiconductors,semiconductors,25430898688,15.68,5.63,4.752,15.5,24.77,104.65,38.65,9.97,0,0.0,62.9,15.129999999999999,2.44,7.55,4
BAX,Baxter International Inc.,Healthcare,Medical Instruments & Supplies,medical-instruments-supplies,13611540480,1.2,1.854,1.025,2.9000000000000004,34.65,0.0,12.86,0.76,0,0.81,0.0,-9.700000000000001,11.26,-15.61,4
W,unknown,Consumer Cyclical,Internet Retail,internet-retail,0,0.0,0.763,0.594,7.3999999999999995,30.380000000000003,0.0,22.9,0.0,0,0.0,0.0,-2.41,18.07,11.25,4
ONTO,Onto Innovation Inc.,Technology,Semiconductor Equipment & Materials,semiconductor-equipment-materials,12934819840,12.55,6.154,4.48,9.5,54.190000000000005,120.94,26.15,5.2,0,0.0,-48.5,10.32,6.84,6.51,4
WELL,Welltower Inc.,Real Estate,REIT - Healthcare Facilities,reit-healthcare-facilities,169471344640,13.28,1.317,0.946,39.1,39.56,105.0,70.0,4.89,0,1.44,35.6,12.15,3.0700000000000003,2.22,4
P,unknown,Technology,Computer Hardware,computer-hardware,0,0.0,1.617,1.428,0.0,70.23,116.17,25.51,0.0,0,0.0,0.0,5.75,4.43,13.02,4
ICLR,ICON Public Limited Company,Healthcare,Diagnostics & Research,diagnostics-research,12637086720,1.52,0.953,0.924,2.3,23.91,251.98,13.8,1.13,0,0.0,-59.099999999999994,0.33,3.8,2.49,4
EL,unknown,Consumer Defensive,Household & Personal Products,household-personal-products,0,0.0,1.268,0.824,4.6,74.65,0.0,26.41,0.0,0,1.65,-45.5,-1.67,3.63,-29.31,4
PSKY,Paramount Skydance Corporation,Communication Services,Entertainment,entertainment,8645612544,0.3,1.1,0.837,2.1999999999999997,32.56,386.25,8.62,0.2,0,2.56,-31.8,-2.08,15.479999999999999,-52.94,4
INIO,Innio N.V.,Industrials,Specialty Industrial Machinery,specialty-industrial-machinery,18686251008,6.05,1.251,0.695,42.199999999999996,33.52,830.5,31.65,2.32,0,0.0,0.0,0.79,8.450000000000001,66.25,4
STRC,Strategy Inc,Technology,Software - Application,software-application,0,0.0,5.39,5.194,6.9,67.60000000000001,0.0,0.0,0.0,0,11.34,0.0,0.0,0.0,-8.72,4
FANG,"Diamondback Energy, Inc.",Energy,Oil & Gas E&P,oil-gas-e-p,56529907712,3.91,0.561,0.485,4.2,72.25,205.05,11.58,1.04,0,2.21,-98.4,1.96,4.6899999999999995,4.5,4
MPWR,"Monolithic Power Systems, Inc.",Technology,Semiconductors,semiconductors,71557849088,21.86,4.975,3.529,47.599999999999994,55.2,88.54,47.61,5.13,0,0.61,87.8,24.5,6.7299999999999995,17.6,4
SOMN,The Southern Company,Utilities,Utilities - Regulated Electric,utilities-regulated-electric,0,0.0,0.787,0.441,0.1,48.29,0.0,0.0,0.0,0,0.0,30.4,15.43,0.0,12.05,4
MDB,"MongoDB, Inc.",Technology,Software - Infrastructure,software-infrastructure,26341859328,10.12,4.949,4.553,25.2,71.97,0.0,44.63,2.12,0,0.0,0.0,-1.1199999999999999,3.62,-2.41,4
EXR,Extra Space Storage Inc.,Real Estate,REIT - Industrial,reit-industrial,32618147840,9.29,0.507,0.507,3.8,74.92,100.54,31.06,2.24,0,4.37,6.2,27.279999999999998,2.97,7.25,4
CIEN,Ciena Corporation,Technology,Communication Equipment,communication-equipment,54071799808,9.71,2.727,1.849,39.5,43.05,126.91,39.63,3.35,0,0.0,2383.2999999999997,7.870000000000001,4.44,4.52,4
CAVA,"CAVA Group, Inc.",Consumer Cyclical,Restaurants,restaurants,7699504640,5.99,2.655,2.529,32.1,37.74,127.13,87.89,2.53,0,0.0,-9.1,4.79,12.19,8.18,4
GIS,unknown,Consumer Defensive,Packaged Foods,packaged-foods,0,0.0,0.682,0.346,2.1999999999999997,33.73,0.0,11.25,0.0,0,6.7,-14.499999999999998,-0.48,13.28,-1.19,4
CPNG,"Coupang, Inc.",Consumer Cyclical,Internet Retail,internet-retail,28954384384,0.82,0.973,0.691,7.5,28.810000000000002,0.0,55.72,0.54,0,0.0,0.0,-0.47000000000000003,6.29,4.5,4
VTRS,Viatris Inc.,Healthcare,Drug Manufacturers - Specialty & Generic,drug-manufacturers-specialty-generic,20391317504,1.4,1.603,0.902,8.1,39.82,0.0,6.67,0.77,0,2.7,0.0,-2.04,4.07,-23.89,4
GPC,unknown,Consumer Cyclical,Auto Parts,auto-parts,17233848320,0.69,1.159,0.419,6.0,37.56,500.04,15.04,0.4,0,3.4,-9.8,0.13,7.580000000000001,1.49,4
VTR,unknown,Real Estate,REIT - Healthcare Facilities,reit-healthcare-facilities,47303880704,7.37,0.169,0.133,21.7,39.97,167.67,108.92,3.46,0,2.18,-6.7,4.09,5.89,2.01,4
SHOP,Shopify Inc.,Technology,Software - Application,software-application,152227856384,12.31,6.196,4.528,34.300000000000004,47.97,115.01,50.31,4.21,0,0.0,0.0,10.77,2.18,9.14,4
LYV,unknown,Communication Services,Entertainment,entertainment,0,0.0,0.852,0.681,9.4,25.779999999999998,0.0,78.32,0.0,0,0.0,156.1,0.51,16.09,183.01,4
CNC,Centene Corporation,Healthcare,Healthcare Plans,healthcare-plans,30188036096,0.17,1.145,1.106,4.6,11.42,0.0,11.83,0.14,0,0.0,0.0,-2.83,3.1199999999999997,-33.45,4
SJM,The J. M. Smucker Company,Consumer Defensive,Packaged Foods,packaged-foods,12894086144,1.42,0.777,0.282,5.800000000000001,34.260000000000005,0.0,11.27,0.88,0,3.55,0.0,-1.53,5.34,-2.5,4
KHC,The Kraft Heinz Company,Consumer Defensive,Packaged Foods,packaged-foods,30883579904,1.24,1.195,0.716,0.8,33.97,0.0,12.41,0.81,0,5.79,13.600000000000001,-23.05,10.76,-14.03,4
COHR,Coherent Corp.,Technology,Scientific & Technical Instruments,scientific-technical-instruments,51425751040,7.79,3.05,1.709,20.5,36.99,125.77,31.71,3.9,0,0.0,0.0,7.1,5.21,0.87,4
SUI,"Sun Communities, Inc.",Real Estate,REIT - Residential,reit-residential,15779941376,6.77,0.597,0.463,0.2,53.68000000000001,158.22,44.77,3.13,0,3.47,0.0,-37.36,3.75,19.57,4
BRKRP,Bruker Corporation,Healthcare,Medical Devices,medical-devices,0,0.0,1.552,0.652,2.7,47.620000000000005,0.0,0.0,0.0,0,2.56,-81.8,-0.33999999999999997,0.0,-0.35,4
TPG,TPG Inc.,Financial Services,Asset Management,asset-management,16446646272,4.41,4.172,4.127,-56.8,100.0,186.07,11.89,6.91,0,5.31,0.0,4.2299999999999995,8.48,15.57,4
BROS,Dutch Bros Inc.,Consumer Cyclical,Restaurants,restaurants,11476699136,6.57,1.334,1.108,30.8,25.259999999999998,102.66,52.06,3.4,0,0.0,-0.1,4.61,34.67,11.73,4
STRF,Strategy Inc,Technology,Software - Application,software-application,0,0.0,5.39,5.194,6.9,67.60000000000001,0.0,0.0,0.0,0,10.22,0.0,0.0,0.0,-8.72,4
STRD,Strategy Inc,Technology,Software - Application,software-application,0,0.0,5.39,5.194,6.9,67.60000000000001,0.0,0.0,0.0,0,16.63,0.0,0.0,0.0,-8.72,4
WLK,Westlake Corporation,Basic Materials,Specialty Chemicals,specialty-chemicals,8979495936,0.82,2.17,1.519,-6.800000000000001,6.3100000000000005,0.0,20.68,0.87,0,2.96,0.0,-14.91,16.04,-17.15,2
AGNCO,AGNC Investment Corp.,Real Estate,REIT - Mortgage,reit-mortgage,0,0.0,0.191,0.179,0.0,100.0,0.0,0.0,0.0,0,9.14,0.0,94.38,0.0,16.02,2
AGNCM,AGNC Investment Corp.,Real Estate,REIT - Mortgage,reit-mortgage,0,0.0,0.191,0.179,0.0,100.0,0.0,0.0,0.0,0,8.62,0.0,94.38,0.0,16.02,2
AGNCN,AGNC Investment Corp.,Real Estate,REIT - Mortgage,reit-mortgage,0,0.0,0.191,0.179,0.0,100.0,0.0,0.0,0.0,0,9.16,0.0,94.38,0.0,16.02,2
AGNCL,unknown,Real Estate,REIT - Mortgage,reit-mortgage,0,0.0,0.191,0.179,0.0,100.0,0.0,0.0,0.0,0,7.77,0.0,94.38,0.0,16.02,2
BIPJ,Brookfield Infrastructure Finance ULC,unknown,unknown,unknown,0,0.0,0.0,0.0,0.0,0.0,0.0,0.0,0.0,0,0.0,0.0,0.0,0.0,0.0,2
GLXY,Galaxy Digital,Financial Services,Capital Markets,capital-markets,8176204800,0.14,1.699,0.402,-20.599999999999998,100.0,0.0,287.18,0.17,0,0.0,0.0,-0.27999999999999997,16.16,-12.34,2
VOD,Vodafone Group Public Limited Company,Communication Services,Telecom Services,telecom-services,36258295808,0.9,1.137,0.953,0.0,31.47,0.0,9.02,0.0,0,3.33,0.0,-0.98,0.38999999999999996,-0.78,2
HBANL,Huntington Bancshares Incorporated,Financial Services,Banks - Regional,banks-regional,0,0.0,0.0,0.0,47.599999999999994,0.0,0.0,0.0,0.0,0,6.87,-2.9000000000000004,26.13,0.0,10.23,2
GSAT,"Globalstar, Inc.",Communication Services,Telecom Services,telecom-services,10657284096,37.66,1.604,1.492,16.7,63.739999999999995,0.0,270.16,11.37,0,0.0,0.0,-3.09,6.260000000000001,-2.43,2
CRCL,Circle Internet Group,Financial Services,Capital Markets,capital-markets,16057488384,5.61,1.033,0.024,20.0,8.110000000000001,0.0,30.69,4.12,0,0.0,-80.9,-2.76,12.030000000000001,-2.09,2
CRWD,"CrowdStrike Holdings, Inc.",Technology,Software - Infrastructure,software-infrastructure,189126377472,37.13,1.531,1.333,25.6,75.14,0.0,118.86,6.87,0,0.0,0.0,-0.6,2.74,-3.67,2
ARWR,"Arrowhead Pharmaceuticals, Inc.",Healthcare,Biotechnology,biotechnology,12220755968,19.65,6.232,6.09,-86.4,100.0,0.0,-19.02,36.62,0,0.0,0.0,-48.38,9.53,-0.35,2
ARXS,"Arxis, Inc.",Industrials,Aerospace & Defense,aerospace-defense,21291192320,12.75,3.699,2.202,20.7,49.55,637.5,49.79,5.1,0,0.0,0.0,6.21,4.36,-1.19,2
RIVN,"Rivian Automotive, Inc.",Consumer Cyclical,Auto Manufacturers,auto-manufacturers,22868424704,3.89,2.104,1.569,27.200000000000003,7.51,0.0,-8.63,2.62,0,0.0,0.0,-54.96,12.389999999999999,-79.85,2
SOJD,unknown,unknown,unknown,unknown,0,0.0,0.0,0.0,0.0,0.0,0.0,0.0,0.0,0,0.0,0.0,0.0,0.0,0.0,2
SOJC,The Southern Company JR 2017B NT 77,unknown,unknown,unknown,0,0.0,0.0,0.0,0.0,0.0,0.0,0.0,0.0,0,0.0,0.0,0.0,0.0,0.0,2
KTOS,"Kratos Defense & Security Solutions, Inc.",Industrials,Aerospace & Defense,aerospace-defense,8507781632,6.01,5.626,4.852,22.6,22.89,266.88,41.58,3.59,0,0.0,130.6,2.08,6.36,1.1,2
KKRS,unknown,unknown,unknown,unknown,0,0.0,0.0,0.0,0.0,0.0,0.0,0.0,0.0,0,0.0,0.0,0.0,0.0,0.0,2
SMTC,Semtech Corporation,Technology,Semiconductors,semiconductors,11170688000,10.25,2.37,1.235,15.9,52.39,0.0,30.58,4.1,0,0.0,22.7,-3.04,8.14,-7.34,2
COIN,"Coinbase Global, Inc.",Financial Services,Financial Data & Stock Exchanges,financial-data-stock-exchanges,37072879616,6.02,2.423,1.264,-14.099999999999998,86.08,0.0,39.77,6.87,0,0.0,0.0,-16.04,11.41,8.52,2
SNOW,Snowflake Inc.,Technology,Software - Application,software-application,102546808832,20.38,1.053,0.941,33.5,67.14,0.0,109.91,4.45,0,0.0,0.0,-23.79,6.419999999999999,-69.21,2
RVMD,"Revolution Medicines, Inc.",Healthcare,Biotechnology,biotechnology,39966011392,0.0,6.795,6.589,0.0,0.0,0.0,-32.41,0.0,0,0.0,0.0,0.0,6.959999999999999,-69.35,2
SATS,EchoStar Corporation,Communication Services,Telecom Services,telecom-services,30115971072,2.03,0.302,0.236,-5.2,27.08,0.0,-911.54,2.14,0,0.0,0.0,-97.56,36.49,-251.43,2
LYB,unknown,Basic Materials,Specialty Chemicals,specialty-chemicals,0,0.0,1.538,0.823,-6.3,9.229999999999999,0.0,9.65,0.0,0,6.82,-29.5,-2.69,4.859999999999999,-7.39,2
MCHP,Microchip Technology Incorporated,Technology,Semiconductors,semiconductors,41105731584,8.72,2.092,0.999,35.099999999999994,57.74,344.09,18.02,2.39,0,2.55,0.0,4.88,8.68,3.58,2
SMMT,Summit Therapeutics Inc.,Healthcare,Biotechnology,biotechnology,10578160640,0.0,6.958,6.669,0.0,0.0,0.0,-11.16,0.0,0,0.0,0.0,0.0,24.58,-163.86,2
LI,Li Auto Inc.,Consumer Cyclical,Auto Manufacturers,auto-manufacturers,13210782720,0.12,1.879,1.659,-11.4,15.98,0.0,13.05,0.13,0,0.0,0.0,-1.66,5.06,1.55,2
LSCC,Lattice Semiconductor Corporation,Technology,Semiconductors,semiconductors,17731409920,30.89,3.481,2.382,42.199999999999996,68.44,893.5,53.86,5.64,0,0.0,337.2,3.46,6.88,0.43,2
AQNB,unknown,unknown,unknown,unknown,0,0.0,0.0,0.0,0.0,0.0,0.0,0.0,0.0,0,0.0,0.0,0.0,0.0,0.0,2
AAOI,"Applied Optoelectronics, Inc.",Technology,Communication Equipment,communication-equipment,7548436992,14.89,3.826,2.847,51.4,29.64,0.0,19.71,5.09,0,0.0,0.0,-8.55,12.86,-5.21,2
AGNCZ,AGNC Investment Corp.,Real Estate,REIT - Mortgage,reit-mortgage,0,0.0,0.191,0.179,0.0,100.0,0.0,0.0,0.0,0,7.33,0.0,94.38,0.0,16.02,2
AGNCP,AGNC Investment Corp.,Real Estate,REIT - Mortgage,reit-mortgage,0,0.0,0.191,0.179,0.0,100.0,0.0,0.0,0.0,0,8.98,0.0,94.38,0.0,16.02,2
RKLB,Rocket Lab Corporation,Industrials,Aerospace & Defense,aerospace-defense,40369541120,59.4,4.475,3.874,63.5,36.559999999999995,0.0,1242.5,13.76,0,0.0,0.0,-26.87,7.969999999999999,-11.51,2
BEP,unknown,Utilities,Utilities - Renewable,utilities-renewable,15897156608,2.51,0.748,0.339,-4.2,52.580000000000005,0.0,-18.25,2.61,0,4.8,0.0,0.35000000000000003,0.4,-0.8,2
BEPC,Brookfield Renewable Corporation,Utilities,Utilities - Renewable,utilities-renewable,6035006464,1.63,0.333,0.19,-2.6,58.37,0.0,-17.23,1.67,0,4.73,0.0,-122.44,0.0,577.34,2
BIDU,"Baidu, Inc.",Communication Services,Internet Content & Information,internet-content-information,37039169536,0.29,1.852,1.572,-1.2,42.08,0.0,12.71,0.29,0,0.0,-59.3,1.02,3.6700000000000004,2.1,2
ENLT,Enlight Renewable Energy Ltd,Utilities,Utilities - Renewable,utilities-renewable,11738939392,21.93,0.774,0.67,42.6,72.77,204.79,98.79,3.43,0,0.0,-78.7,11.53,0.6799999999999999,7.83,2
ALGM,"Allegro MicroSystems, Inc.",Technology,Semiconductors,semiconductors,7806349824,8.77,3.451,1.944,26.1,46.489999999999995,598.57,27.31,3.47,0,0.0,0.0,-1.67,12.78,-1.56,2
SOJE,unknown,unknown,unknown,unknown,0,0.0,0.0,0.0,0.0,0.0,0.0,0.0,0.0,0,0.0,0.0,0.0,0.0,0.0,2
EQH,"Equitable Holdings, Inc.",Financial Services,Asset Management,asset-management,13252117504,1.17,2.341,1.931,-7.6,13.19,0.0,5.44,1.26,0,2.36,1244.3,-7.26,0.01,120.84,2
MOH,"Molina Healthcare, Inc.",Healthcare,Healthcare Plans,healthcare-plans,10186307584,0.24,1.679,1.61,-5.7,8.43,1219.62,20.04,0.25,0,0.0,-75.3,-0.02,7.470000000000001,11.6,2
RIOT,"Riot Platforms, Inc.",Financial Services,Capital Markets,capital-markets,8043276800,12.31,1.078,0.667,3.5999999999999996,32.35,0.0,-29.88,8.03,0,0.0,0.0,-132.76,15.32,-23.2,2
MSTR,Strategy Inc,Technology,Software - Application,software-application,33057771520,66.33,5.39,5.194,6.9,67.60000000000001,0.0,20.28,20.01,0,0.0,0.0,0.0,11.76,-8.72,2
CIFR,Cipher Digital Inc.,Technology,Information Technology Services,information-technology-services,9301778432,44.33,3.126,0.581,-28.799999999999997,12.379999999999999,0.0,43.94,57.1,0,0.0,0.0,0.0,16.74,-102.07,2
SREA,unknown,unknown,unknown,unknown,0,0.0,0.0,0.0,0.0,0.0,0.0,0.0,0.0,0,0.0,0.0,0.0,0.0,0.0,2
FISV,"Fiserv, Inc.",unknown,unknown,unknown,28342450176,0.0,0.0,0.0,0.0,0.0,0.0,0.0,0.0,0,0.0,0.0,0.0,0.0,13.49,2
QNT,Quantinuum Inc.,Technology,Software - Application,software-application,13604714496,796.39,11.035,10.657,-72.6,74.38,0.0,-33.52,1374.57,0,0.0,0.0,0.0,6.65,-41.19,2
APOS,unknown,unknown,unknown,unknown,0,0.0,0.0,0.0,0.0,0.0,0.0,0.0,0.0,0,0.0,0.0,0.0,0.0,0.0,2
CBRS,Cerebras Systems Inc.,Technology,Semiconductors,semiconductors,44966785024,74.46,2.509,1.636,94.39999999999999,40.35,448.4,209.91,2.49,0,0.0,0.0,41.02,11.32,-41.1,2
PS,Pershing Square Inc.,Financial Services,Asset Management,asset-management,13463999488,17.54,1.224,1.143,9.9,30.2,0.0,36.27,11.03,0,1.45,0.0,10.74,0.8,-12.32,2
IONS,"Ionis Pharmaceuticals, Inc.",Healthcare,Biotechnology,biotechnology,8594222080,9.83,7.893,6.847,-40.699999999999996,-6.93,0.0,-40.19,13.83,0,0.0,0.0,-64.66,16.09,-77.98,2
SYM,Symbotic Inc.,Industrials,Specialty Industrial Machinery,specialty-industrial-machinery,25491453952,10.13,1.446,1.284,23.1,20.41,0.0,58.54,6.2,0,0.0,0.0,-0.29,29.79,-7.65,2
TBB,AT&T Inc. 5.35% GLB NTS 66,unknown,unknown,unknown,0,0.0,0.0,0.0,0.0,0.0,0.0,0.0,0.0,0,0.0,0.0,0.0,0.0,19.86,2
ROIV,Roivant Sciences Ltd.,Healthcare,Biotechnology,biotechnology,24475125760,2963.09,18.373,17.999,-66.7,0.0,0.0,-21.73,4939.47,0,0.0,0.0,0.0,6.7299999999999995,-6.62,2
MRNA,"Moderna, Inc.",Healthcare,Biotechnology,biotechnology,22858856448,10.27,2.409,2.235,260.2,-69.89,0.0,-12.43,-27.96,0,0.0,0.0,-143.55,16.150000000000002,-32.62,2
F,unknown,Consumer Cyclical,Auto Manufacturers,auto-manufacturers,57760321536,0.31,1.089,0.877,-3.8,7.12,0.0,7.64,0.32,0,4.04,0.0,-3.94,0.0,-22.76,2
FRVO,Fervo Energy Company,Utilities,Utilities - Renewable,utilities-renewable,6623618560,33284.52,1.525,1.474,0.0,-210.55,0.0,-120.73,0.0,0,0.0,0.0,0.0,0.0,23.44,2
AXON,"Axon Enterprise, Inc.",Industrials,Aerospace & Defense,aerospace-defense,41778479104,14.0,2.271,1.699,33.7,59.46,209.85,49.29,3.76,0,0.0,89.8,6.9,5.47,3.84,2
DUKB,unknown,unknown,unknown,unknown,0,0.0,0.0,0.0,0.0,0.0,0.0,0.0,0.0,0,0.0,0.0,0.0,0.0,0.0,2
PL,Planet Labs PBC,Industrials,Aerospace & Defense,aerospace-defense,7281303552,21.7,2.806,2.619,42.1,55.58,0.0,6135.14,5.58,0,0.0,0.0,-111.16999999999999,11.0,-131.01,2
NET,"Cloudflare, Inc.",Technology,Software - Infrastructure,software-infrastructure,98446032896,42.28,1.956,1.895,33.5,73.33,0.0,175.33,7.5,0,0.0,0.0,-3.7199999999999998,3.47,-7.01,2
BNJ,unknown,unknown,unknown,unknown,0,0.0,0.0,0.0,0.0,0.0,0.0,0.0,0.0,0,0.0,0.0,0.0,0.0,0.0,2
BNH,NASDAQ DM Ex US Industrials Ind,unknown,unknown,unknown,0,0.0,0.0,0.0,0.0,0.0,0.0,0.0,0.0,0,0.0,0.0,0.0,0.0,0.0,2
TWLO,Twilio Inc.,Technology,Software - Infrastructure,software-infrastructure,29336367104,5.53,4.656,4.129,20.0,48.72,288.49,29.08,2.27,0,0.0,375.0,1.96,3.5999999999999996,0.43,2
TTWO,"Take-Two Interactive Software, Inc.",Communication Services,Electronic Gaming & Multimedia,electronic-gaming-multimedia,45037047808,6.77,1.236,1.1,6.1,57.67,0.0,24.08,2.69,0,0.0,0.0,-4.4799999999999995,4.590000000000001,-8.49,2
NTRA,"Natera, Inc.",Healthcare,Diagnostics & Research,diagnostics-research,37793177600,15.11,2.959,2.697,38.800000000000004,65.07,0.0,-1289.22,3.23,0,0.0,0.0,-9.049999999999999,3.5700000000000003,-12.16,2
BPYPM,Brookfield Property Preferred L.P.,Financial Services,Asset Management,asset-management,0,0.0,0.0,0.0,0.0,0.0,0.0,0.0,0.0,0,9.89,0.0,0.0,0.0,0.0,2
BNTX,BioNTech SE,Healthcare,Biotechnology,biotechnology,23151554560,8.25,8.8,8.113,-35.4,78.64999999999999,0.0,-18.45,11.17,0,0.0,0.0,-44.64,3.32,-5.91,2
OKLO,Oklo Inc.,Utilities,Utilities - Independent Power Producers,utilities-independent-power-producers,6879604224,0.0,59.933,59.735,0.0,0.0,0.0,-46.87,0.0,0,0.0,0.0,0.0,18.39,-7.16,2
AUR,"Aurora Innovation, Inc.",Consumer Cyclical,Auto Parts,auto-parts,12306549760,3076.64,9.493,9.142,0.0,0.0,0.0,-13.94,0.0,0,0.0,0.0,0.0,16.74,-38.13,2
DDOG,"Datadog, Inc.",Technology,Software - Application,software-application,94678294528,25.78,3.397,3.285,32.2,79.91,664.95,92.49,3.51,0,0.0,104.0,3.6900000000000004,4.35,2.89,2
GH,"Guardant Health, Inc.",Healthcare,Diagnostics & Research,diagnostics-research,21621743616,18.28,4.026,3.533,44.3,65.01,0.0,-376.41,3.56,0,0.0,0.0,-38.33,8.98,419.18,2
VLYPN,Valley National Bancorp,Financial Services,Banks - Regional,banks-regional,0,0.0,0.0,0.0,15.0,0.0,0.0,0.0,0.0,0,8.02,31.8,34.54,0.0,8.02,2
HBANZ,Huntington Bancshares Incorporated,Financial Services,Banks - Regional,banks-regional,0,0.0,0.0,0.0,47.599999999999994,0.0,0.0,0.0,0.0,0,6.96,-2.9000000000000004,26.13,0.0,10.23,2
WBD,"Warner Bros. Discovery, Inc.",Communication Services,Entertainment,entertainment,64094953472,1.72,0.729,0.413,-1.0,45.75,0.0,1162.05,1.74,0,0.0,0.0,-4.66,2.6,2.02,2
WULF,TeraWulf Inc.,Financial Services,Capital Markets,capital-markets,8993916928,53.52,1.202,1.105,-1.0999999999999999,64.02,0.0,93.08,54.1,0,0.0,0.0,0.0,24.8,-470.94,2
XPEV,XPeng Inc.,Consumer Cyclical,Auto Manufacturers,auto-manufacturers,12378320896,0.17,1.138,0.656,-17.599999999999998,20.02,0.0,28.73,0.2,0,0.0,0.0,-3.06,5.94,-3.75,2
