Symbol,Name,Last Sale,Net Change,% Change,Market Cap,Country,IPO Year,Volume,Sector,Industry
A,Agilent Technologies Inc. Common Stock,$130.59,0.75,0.578%,36882787567.00,United States,1999,1530090,Industrials,Biotechnology: Laboratory Analytical Instruments
AA,Alcoa Corporation Common Stock ,$64.16,-4.61,-6.704%,16931174380.00,United States,2016,12465584,Industrials,Aluminum
AAL,American Airlines Group Inc. Common Stock,$15.46,0.48,3.204%,10225014218.00,United States,,180214794,Consumer Discretionary,Air Freight/Delivery Services
AAOI,Applied Optoelectronics Inc. Common Stock,$191.55,22.50,13.31%,15370502019.00,United States,2013,14574438,Technology,Semiconductors
AAON,AAON Inc. Common Stock,$131.26,4.07,3.20%,10751731055.00,United States,,852247,Industrials,Industrial Machinery/Components
ABEV,Ambev S.A. American Depositary Shares (Each representing 1 Common Share),$3.25,0.00,0.00%,51225325957.00,Brazil,2013,24415881,Consumer Staples,Beverages (Production/Distribution)
ABNB,Airbnb Inc. Class A Common Stock,$138.96,6.68,5.05%,83751876100.00,United States,2020,4694114,Consumer Discretionary,Diversified Commercial Services
ABT,Abbott Laboratories Common Stock,$88.67,0.49,0.556%,154446508079.00,United States,,10947448,Health Care,Biotechnology: Pharmaceutical Preparations
ACGL,Arch Capital Group Ltd. Common Stock,$91.50,-0.16,-0.175%,31969147302.00,Bermuda,,2084519,Finance,Property-Casualty Insurers
ACN,Accenture plc Class A Ordinary Shares (Ireland),$165.36,-4.92,-2.889%,109987887734.00,Ireland,2001,6025238,Consumer Discretionary,Business Services
ADBE,Adobe Inc. Common Stock,$206.36,2.34,1.147%,83410712000.00,United States,1986,9666585,Technology,Computer Software: Prepackaged Software
ADM,Archer-Daniels-Midland Company Common Stock,$79.27,-0.97,-1.209%,38204693895.00,United States,,3456608,Consumer Staples,Packaged Foods
ADP,Automatic Data Processing Inc. Common Stock,$223.22,-2.99,-1.322%,89878274932.00,United States,,2314708,Industrials,Diversified Commercial Services
ADSK,Autodesk Inc. Common Stock,$198.60,0.17,0.086%,41904600000.00,United States,,3303513,Technology,Computer Software: Prepackaged Software
AEE,Ameren Corporation Common Stock,$109.57,0.57,0.523%,30323674565.00,United States,,1470019,Utilities,Power Generation
AEG,Aegon Ltd. New York Registry Shares,$8.52,-0.14,-1.617%,16264258345.00,Netherlands,,4708748,Finance,Life Insurance
AEIS,Advanced Energy Industries Inc. Common Stock,$370.66,16.29,4.597%,14096443324.00,United States,1995,1712276,Technology,Industrial Machinery/Components
AEM,Agnico Eagle Mines Limited Common Stock,$171.80,9.16,5.632%,85984073594.00,Canada,,3619449,Basic Materials,Precious Metals
AEP,American Electric Power Company Inc. Common Stock,$129.31,0.08,0.062%,70358221688.00,United States,,5285764,Utilities,Electric Utilities: Central
AER,AerCap Holdings N.V. Ordinary Shares,$141.49,1.49,1.064%,25332898631.00,Netherlands,2006,1478485,Consumer Discretionary,Diversified Commercial Services
AES,The AES Corporation Common Stock,$14.68,0.00,0.00%,10469155227.00,United States,,5581443,Utilities,Electric Utilities: Central
AFG,American Financial Group Inc. Common Stock,$133.80,-0.30,-0.224%,11116917905.00,United States,,746249,Finance,Property-Casualty Insurers
AFL,AFLAC Incorporated Common Stock,$116.96,-0.84,-0.713%,59530874372.00,United States,,2439233,Finance,Accident &Health Insurance
AFRM,Affirm Holdings Inc. Class A Common Stock,$71.90,5.73,8.66%,24079206824.00,United States,2021,6537332,Finance,Finance: Consumer Services
AGI,Alamos Gold Inc. Class A Common Shares,$37.64,2.44,6.932%,15807498070.00,Canada,2015,6015819,Basic Materials,Precious Metals
AGNC,AGNC Investment Corp. Common Stock,$10.46,0.15,1.455%,12007340185.00,United States,2008,13223843,Real Estate,Real Estate Investment Trusts
AGNCL,AGNC Investment Corp. Depositary Shares Each Representing a 1/1000th Interest in a Share of 7.75% Series G Fixed-Rate Reset Cumulative Redeemable Preferred Stock,$25.10,0.1454,0.583%,28813024727.00,United States,,7692,Real Estate,Real Estate Investment Trusts
AGNCM,AGNC Investment Corp. Depositary Shares rep 6.875% Series D Fixed-to-Floating Cumulative Redeemable Preferred Stock,$25.18,0.06,0.239%,28904859069.00,United States,,14026,Real Estate,Real Estate Investment Trusts
AGNCN,AGNC Investment Corp. Depositary Shares Each Representing a 1/1000th Interest in a Share of 7.00% Series C Fixed-To-Floating Rate Cumulative Redeemable Preferred Stock,$25.92,-0.02,-0.077%,29754326730.00,United States,,16828,Real Estate,Real Estate Investment Trusts
AGNCO,AGNC Investment Corp. Depositary Shares each representing a 1/1000th interest in a share of 6.50% Series E Fixed-to-Floating Cumulative Redeemable Preferred Stock,$25.62,0.06,0.235%,29409947949.00,United States,,18067,Real Estate,Real Estate Investment Trusts
AGNCP,AGNC Investment Corp. Depositary Shares Each Representing a 1/1000th Interest in a Share of 6.125% Series F Fixed-to-Floating Rate Cumulative Redeemable Preferred Stock,$25.31,0.07,0.277%,29054089874.00,United States,,59451,Real Estate,Real Estate Investment Trusts
AGNCZ,AGNC Investment Corp. Depositary Shares Each Representing a 1/1000th Interest in a Share of 8.75% Series H Fixed-Rate Cumulative Redeemable Preferred Stock,$25.44,0.03,0.118%,29203320680.00,United States,,31501,,
AIG,American International Group Inc. New Common Stock,$74.88,-0.86,-1.135%,39701841828.00,United States,,2633058,Finance,Life Insurance
AIT,Applied Industrial Technologies Inc. Common Stock,$316.18,-3.93,-1.228%,11685867673.00,United States,,491917,Consumer Discretionary,Industrial Specialties
AIZ,Assurant Inc. Common Stock,$259.46,-1.53,-0.586%,12855629896.00,United States,2004,359691,Finance,Property-Casualty Insurers
AJG,Arthur J. Gallagher & Co. Common Stock,$215.74,-2.95,-1.349%,55423606000.00,United States,,1545135,Finance,Specialty Insurers
AKAM,Akamai Technologies Inc. Common Stock,$134.20,0.70,0.524%,19510727524.00,United States,1999,2851677,Consumer Discretionary,Business Services
ALAB,Astera Labs Inc. Common Stock,$389.20,22.05,6.006%,66711969859.00,United States,2024,5319588,Technology,Semiconductors
ALB,Albemarle Corporation Common Stock,$168.90,-1.52,-0.892%,19919162554.00,United States,,2842013,Industrials,Major Chemicals
ALC,Alcon Inc. Ordinary Shares,$66.29,-0.56,-0.838%,33125113000.00,Switzerland,2019,1838022,Health Care,Ophthalmic Goods
ALGM,Allegro MicroSystems Inc. Common Stock,$55.00,4.595,9.116%,10242232330.00,United States,2020,2657728,Technology,Semiconductors
ALGN,Align Technology Inc. Common Stock,$178.26,3.42,1.956%,12766647319.00,United States,2001,1091797,Health Care,Industrial Specialties
ALL,Allstate Corporation (The) Common Stock,$221.81,0.18,0.081%,57098536483.00,United States,,1310414,Finance,Property-Casualty Insurers
ALLE,Allegion plc Ordinary Shares,$133.70,-0.27,-0.202%,11489624616.00,United States,2013,702858,Consumer Discretionary,Diversified Commercial Services
ALLY,Ally Financial Inc. Common Stock,$45.44,1.07,2.412%,13928407937.00,United States,2014,3415905,Finance,Major Banks
ALNY,Alnylam Pharmaceuticals Inc. Common Stock,$287.80,4.95,1.75%,38424918509.00,United States,2004,1118536,Health Care,Biotechnology: Pharmaceutical Preparations
AM,Antero Midstream Corporation Common Stock,$21.33,-0.34,-1.569%,10131323400.00,United States,2017,1741788,Utilities,Natural Gas Distribution
AMCR,Amcor plc Ordinary Shares,$41.11,0.51,1.256%,19007031316.00,United Kingdom,2019,3393294,Consumer Discretionary,Miscellaneous manufacturing industries
AME,AMETEK Inc.,$230.45,3.33,1.466%,52819831811.00,United States,,1676815,Industrials,Industrial Machinery/Components
AMGN,Amgen Inc. Common Stock,$350.53,-4.67,-1.315%,189183941285.00,United States,1983,4370695,Health Care,Biotechnology: Biological Products (No Diagnostic Substances)
AMH,American Homes 4 Rent Common Shares of Beneficial Interest,$32.62,-0.67,-2.013%,11762628211.00,United States,2013,3154617,Real Estate,Real Estate Investment Trusts
AMKR,Amkor Technology Inc. Common Stock,$85.44,2.66,3.213%,21178227938.00,United States,1998,6093258,Technology,Semiconductors
AMP,Ameriprise Financial Inc. Common Stock,$459.88,0.75,0.163%,41341870990.00,United States,,588317,Finance,Investment Managers
AMRZ,Amrize Ltd Ordinary Shares,$54.02,0.85,1.599%,29902047618.00,Switzerland,2025,2930133,Industrials,Building Materials
AMT,American Tower Corporation (REIT) Common Stock,$185.76,-1.42,-0.759%,86544296497.00,United States,,3906331,Real Estate,Real Estate Investment Trusts
AMX,America Movil S.A.B. de C.V. American Depositary Shares (each representing the right to receive twenty (20) Series B Shares,$27.18,-0.57,-2.054%,81805005000.00,Mexico,2023,1335792,Telecommunications,Telecommunications Equipment
AON,Aon plc Class A Ordinary Shares (Ireland),$329.51,-5.80,-1.73%,70375740465.00,United States,,1405759,Finance,Specialty Insurers
APA,APA Corporation Common Stock,$34.77,-2.25,-6.078%,12290159793.00,United States,,7712517,Energy,Oil & Gas Production
APD,Air Products and Chemicals Inc. Common Stock,$282.96,1.34,0.476%,63009726911.00,United States,,1164451,Basic Materials,Major Chemicals
APG,APi Group Corporation Common Stock,$41.66,-0.68,-1.606%,18048278022.00,United States,2020,4938505,Consumer Discretionary,Engineering & Construction
APH,Amphenol Corporation Common Stock,$158.59,4.79,3.114%,195102880633.00,United States,,9031941,Technology,Electrical Products
APLD,Applied Digital Corporation Common Stock,$46.47,3.77,8.829%,13279710477.00,United States,2022,18715518,Health Care,Medical/Dental Instruments
APO,Apollo Global Management Inc. (New) Common Stock,$136.11,2.23,1.666%,78469798694.00,United States,,3186839,Finance,Investment Managers
APOS,Apollo Global Management Inc. 7.625% Fixed-Rate Resettable Junior Subordinated Notes due 2053,$25.56,0.09,0.353%,14557295967.00,United States,1987,36133,Finance,Investment Managers
APP,Applovin Corporation Class A Common Stock,$520.86,24.09,4.849%,174977708400.00,United States,2021,7518891,Technology,Computer Software: Programming Data Processing
APTV,Aptiv PLC Ordinary Shares,$66.62,-1.43,-2.101%,14098159509.00,United Kingdom,,2707774,Consumer Discretionary,Auto Parts:O.E.M.
AQNB,Algonquin Power & Utilities Corp. 6.20% Fixed-to-Floating Subordinated Notes Series 2019-A due July 1 2079,$25.62,-0.46,-1.764%,19676800526.00,United States,2019,16388,Utilities,Electric Utilities: Central
AR,Antero Resources Corporation Common Stock,$34.03,-0.80,-2.297%,10543719080.00,United States,2013,4637919,Energy,Oil & Gas Production
ARCC,Ares Capital Corporation Common Stock,$18.62,-0.16,-0.852%,13369585374.00,United States,2004,6659103,Finance,Finance: Consumer Services
ARES,Ares Management Corporation Class A Common Stock,$135.36,0.46,0.341%,44648174655.00,United States,2014,2319959,Finance,Investment Managers
ARGX,argenx SE American Depositary Shares,$884.20,-9.32,-1.043%,54876005570.00,Netherlands,2017,423309,Health Care,Biotechnology: Biological Products (No Diagnostic Substances)
ARMK,Aramark Common Stock,$54.20,-0.07,-0.129%,14252083169.00,United States,2013,1767408,Consumer Discretionary,Restaurants
ARW,Arrow Electronics Inc. Common Stock,$229.27,2.49,1.098%,11723479799.00,United States,,399647,Technology,Electronic Components
ARWR,Arrowhead Pharmaceuticals Inc. Common Stock,$77.15,2.63,3.529%,10867119170.00,United States,,1115864,Health Care,Biotechnology: Pharmaceutical Preparations
ARXS,Arxis Inc. Class A Common Stock,$40.97,-0.015,-0.037%,16811414011.00,United States,2026,417252,Industrials,Military/Government/Technical
AS,Amer Sports Inc. Ordinary Shares,$35.89,0.43,1.213%,20014682519.00,,2024,4328040,Consumer Discretionary,Apparel
ASND,Ascendis Pharma A/S Ordinary Share,$223.29,5.23,2.398%,13838935432.00,Denmark,2015,638117,Health Care,Biotechnology: Pharmaceutical Preparations
ASTS,AST SpaceMobile Inc. Class A Common Stock,$87.57,5.16,6.261%,33988068770.00,United States,2019,23924512,Consumer Discretionary,Telecommunications Equipment
ASX,ASE Technology Holding Co. Ltd. American Depositary Shares (each representing Two Common Shares) ,$38.50,0.38,0.997%,85735603454.00,Taiwan,2018,11442212,Technology,Semiconductors
ATI,ATI Inc. Common Stock,$195.81,-2.67,-1.345%,26722274311.00,United States,,1963210,Industrials,Steel/Iron Ore
ATO,Atmos Energy Corporation Common Stock,$169.60,-0.36,-0.212%,28309601811.00,United States,,1577379,Utilities,Oil/Gas Transmission
AU,AngloGold Ashanti PLC Ordinary Shares,$92.29,5.99,6.941%,46470511629.00,South Africa,,3353155,Basic Materials,Precious Metals
AUR,Aurora Innovation Inc. Class A Common Stock,$6.39,0.26,4.241%,12532087739.00,United States,2021,34643092,Technology,EDP Services
AVB,AvalonBay Communities Inc. Common Stock,$184.48,-2.55,-1.363%,25663394489.00,United States,,1146378,Real Estate,Real Estate Investment Trusts
AVY,Avery Dennison Corporation Common Stock,$159.82,0.57,0.358%,12224693331.00,United States,,625094,Consumer Discretionary,Containers/Packaging
AWK,American Water Works Company Inc. Common Stock,$126.87,0.56,0.443%,24775239699.00,United States,2008,3111803,Utilities,Water Supply
AXIA,AXIA Energia American Depositary Shares (Each representing one Common Share),$10.47,0.19,1.848%,29643288933.00,Brazil,2016,2249834,Utilities,Electric Utilities: Central
AXON,Axon Enterprise Inc. Common Stock,$443.21,1.48,0.335%,35723646547.00,United States,2001,958987,Industrials,Ordnance And Accessories
AXSM,Axsome Therapeutics Inc. Common Stock,$253.40,-1.77,-0.694%,13039904704.00,United States,2015,628295,Health Care,Biotechnology: Pharmaceutical Preparations
AZO,AutoZone Inc. Common Stock,$3105.48,-10.82,-0.347%,51168434974.00,United States,,205358,Consumer Discretionary,Auto & Home Supply Stores
B,Barrick Mining Corporation Common Shares,$41.83,1.63,4.055%,70086514699.00,Canada,,12151724,Basic Materials,Precious Metals
BA,Boeing Company (The) Common Stock,$228.95,9.90,4.52%,180481818682.00,United States,,8585162,Industrials,Aerospace
BALL,Ball Corporation Common Stock,$57.35,0.37,0.649%,15269237406.00,United States,,3025021,Industrials,Containers/Packaging
BAM,Brookfield Asset Management Inc Class A Limited Voting Shares,$48.19,1.06,2.249%,78944894769.00,,2022,3006143,Consumer Discretionary,Other Consumer Services
BAP,Credicorp Ltd. Common Stock,$362.32,-7.23,-1.956%,34196601095.00,Peru,,654333,Finance,Commercial Banks
BAX,Baxter International Inc. Common Stock,$20.81,-0.05,-0.24%,10747720056.00,United States,,6022401,Health Care,Medical/Dental Instruments
BBD,Banco Bradesco Sa American Depositary Shares,$3.47,-0.03,-0.857%,36702231737.00,Brazil,,23861212,Finance,Major Banks
BBDO,Banco Bradesco Sa American Depositary Shares (each representing one Common Share),$3.00,-0.02,-0.662%,31731036084.00,Brazil,,52308,Finance,Major Banks
BBIO,BridgeBio Pharma Inc. Common Stock,$68.00,1.20,1.796%,13308123736.00,United States,2019,3087198,Health Care,Biotechnology: Pharmaceutical Preparations
BBVA,Banco Bilbao Vizcaya Argentaria S.A. Common Stock,$23.83,0.49,2.099%,136044724121.00,Spain,,1674905,Finance,Commercial Banks
BBY,Best Buy Co. Inc. Common Stock,$77.41,-1.12,-1.426%,16315483224.00,United States,,3718537,Consumer Discretionary,Consumer Electronics/Video Chains
BCE,BCE Inc. Common Stock,$24.04,-0.55,-2.237%,22417920641.00,Canada,,3575223,Telecommunications,Telecommunications Equipment
BCH,Banco De Chile ADS,$40.95,0.77,1.916%,20683247376.00,Chile,,376900,Finance,Commercial Banks
BCS,Barclays PLC Common Stock,$25.64,0.17,0.667%,89138050643.00,United Kingdom,,3832817,Finance,Commercial Banks
BDX,Becton Dickinson and Company Common Stock,$145.52,-0.72,-0.492%,40096642937.00,United States,,1760185,Health Care,Medical/Dental Instruments
BE,Bloom Energy Corporation Class A Common Stock,$274.50,14.28,5.488%,78079841766.00,United States,2018,9135830,Energy,Industrial Machinery/Components
BEKE,KE Holdings Inc American Depositary Shares (each representing three Class A Ordinary Shares),$16.57,-0.32,-1.895%,18721447375.00,China,2020,3475585,Finance,Real Estate
BEN,Franklin Resources Inc. Common Stock,$32.51,0.38,1.183%,16893404137.00,United States,,3360164,Finance,Investment Managers
BEP,Brookfield Renewable Partners L.P. Limited Partnership Units,$34.63,0.31,0.903%,23553438423.00,Canada,,585773,Utilities,Electric Utilities: Central
BEPC,Brookfield Renewable Corporation Brookfield Renewable Corporation Class A Subordinate Voting Shares,$36.63,0.14,0.384%,13805342751.00,United States,,1759603,Utilities,Electric Utilities: Central
BG,Bunge Limited Common Shares,$123.00,-4.17,-3.279%,23864228145.00,United States,,1809045,Consumer Staples,Packaged Foods
BIDU,Baidu Inc. ADS,$116.75,0.98,0.847%,39724497938.00,China,2005,1675214,Technology,Computer Software: Programming Data Processing
BIIB,Biogen Inc. Common Stock,$198.64,-1.41,-0.705%,29326636921.00,United States,,883948,Health Care,Biotechnology: Biological Products (No Diagnostic Substances)
BIP,Brookfield Infrastructure Partners LP Limited Partnership Units,$38.10,-0.18,-0.47%,17544622823.00,Bermuda,,479362,Consumer Discretionary,Marine Transportation
BIPJ,Brookfield Infrastructure Corporation 7.250% Subordinated Notes due 2084,$24.93,-0.12,-0.479%,11501305222.00,Canada,2024,6533,Utilities,Oil & Gas Production
BJ,BJ's Wholesale Club Holdings Inc. Common Stock,$90.21,-0.83,-0.912%,11519274567.00,United States,2018,1912064,Consumer Discretionary,Department/Specialty Retail Stores
BKNG,Booking Holdings Inc. Common Stock,$174.64,9.70,5.881%,135324770063.00,United States,,9469804,Consumer Discretionary,Transportation Services
BKR,Baker Hughes Company Class A Common Stock,$62.46,-0.68,-1.077%,61964610815.00,United States,,7436629,Consumer Discretionary,Oil and Gas Field Machinery
BLD,TopBuild Corp. Common Stock,$412.04,0.96,0.234%,11595696018.00,United States,2015,590538,Consumer Discretionary,Engineering & Construction
BLK,BlackRock Inc. Common Stock,$1042.87,10.87,1.053%,161888870108.00,United States,1999,543087,Finance,Investment Bankers/Brokers/Service
BMO,Bank Of Montreal Common Stock,$168.40,0.10,0.059%,118708513349.00,Canada,,483801,Finance,Commercial Banks
BMRN,BioMarin Pharmaceutical Inc. Common Stock,$55.65,-0.30,-0.536%,10756278975.00,United States,1999,1428914,Health Care,Biotechnology: Pharmaceutical Preparations
BMY,Bristol-Myers Squibb Company Common Stock,$56.24,-0.89,-1.558%,114846086931.00,United States,,13559792,Health Care,Biotechnology: Pharmaceutical Preparations
BN,Brookfield Corporation Class A Limited Voting Shares,$45.68,0.47,1.04%,111950244697.00,Canada,1925,3988620,Real Estate,Building operators
BNH,Brookfield Finance Inc. 4.625% Subordinated Notes due October 16 2080,$15.45,-0.05,-0.323%,23295463094.00,Canada,2020,16111,Real Estate,Building operators
BNJ,Brookfield Finance Inc. 4.50% Perpetual Subordinated Notes,$15.18,-0.03,-0.197%,22888357914.00,Canada,2020,14385,Real Estate,Building operators
BNS,Bank Nova Scotia Halifax Pfd 3 Ordinary Shares,$84.62,0.63,0.75%,103810746403.00,Canada,,3253672,Finance,Major Banks
BNT,Brookfield Wealth Solutions Ltd. Class A Exchangeable Limited Voting Shares,$45.61,0.50,1.108%,15416831767.00,,2021,21125,Finance,Property-Casualty Insurers
BNTX,BioNTech SE American Depositary Share,$90.80,0.26,0.287%,22820340872.00,Germany,2019,825038,Health Care,Biotechnology: Biological Products (No Diagnostic Substances)
BNY,The Bank of New York Mellon Corporation Common Stock,$142.50,-1.48,-1.028%,97809013913.00,United States,,2521186,Finance,Major Banks
BP,BP p.l.c. Common Stock,$41.59,-1.19,-2.782%,108496683308.00,United Kingdom,,7504680,Energy,Integrated oil Companies
BPOP,Popular Inc. Common Stock,$159.31,-1.64,-1.019%,10281502421.00,United States,,480327,Finance,Major Banks
BPYPM,Brookfield Property Partners L.P. 6.25% Class A Cumulative Redeemable Preferred Units Series 1,$16.63,-0.03,-0.18%,19340931368.00,Bermuda,,14783,Finance,Real Estate
BPYPN,Brookfield Property Partners L.P. 5.750% Class A Cumulative Redeemable Perpetual Preferred Units Series 3,$13.795,-0.155,-1.111%,16043785221.00,Bermuda,,3589,Finance,Real Estate
BPYPO,Brookfield Property Partners L.P. 6.375% Class A Cumulative Redeemable Perpetual Preferred Units Series 2,$15.29,0.18,1.191%,17782491919.00,Bermuda,,22259,Finance,Real Estate
BPYPP,Brookfield Property Partners L.P. 6.50% Class A Cumulative Redeemable Perpetual Preferred Units,$15.62,0.148,0.957%,18166286709.00,Bermuda,,6637,Finance,Real Estate
BR,Broadridge Financial Solutions Inc. Common Stock,$142.78,-2.09,-1.443%,16513691646.00,United States,,1042772,Consumer Discretionary,Business Services
BRKRP,Bruker Corporation 6.375% Mandatory Convertible Preferred Stock Series A,$420.40,19.09,4.757%,65155956330.00,United States,,309,Industrials,Biotechnology: Laboratory Analytical Instruments
BRO,Brown & Brown Inc. Common Stock,$59.28,-0.71,-1.184%,20092828014.00,United States,,2821043,Finance,Specialty Insurers
BROS,Dutch Bros Inc. Class A Common Stock,$66.51,0.62,0.941%,11615855307.00,United States,2021,3791883,Consumer Discretionary,Restaurants
BSAC,Banco Santander - Chile ADS,$33.18,0.67,2.061%,15631606218.00,Chile,,389233,Finance,Commercial Banks
BSBR,Banco Santander Brasil SA American Depositary Shares each representing one unit,$5.40,-0.02,-0.369%,40344469907.00,Brazil,2009,1624194,Finance,Commercial Banks
BSX,Boston Scientific Corporation Common Stock,$46.76,-0.15,-0.32%,69501968170.00,United States,,16266356,Health Care,Medical/Dental Instruments
BTI,British American Tobacco  Industries p.l.c. Common Stock ADR,$61.06,-1.26,-2.022%,133223460218.00,United Kingdom,1998,6058077,Health Care, Medicinal Chemicals and Botanical Products 
BTSG,BrightSpring Health Services Inc. Common Stock,$64.08,0.85,1.344%,12642014918.00,United States,2024,2550023,Health Care,Medical/Nursing Services
BTSGU,BrightSpring Health Services Inc. Tangible Equity Unit,$209.75,3.37,1.633%,41380502951.00,United States,2024,628,Health Care,Medical/Nursing Services
BUD,Anheuser-Busch Inbev SA Sponsored ADR (Belgium),$81.48,-1.43,-1.725%,146435855511.00,Belgium,,1376778,Consumer Staples,Beverages (Production/Distribution)
BURL,Burlington Stores Inc. Common Stock,$336.60,-1.85,-0.547%,21186346540.00,United States,2013,531043,Consumer Discretionary,Department/Specialty Retail Stores
BWA,BorgWarner Inc. Common Stock,$73.52,-0.99,-1.329%,15080050462.00,United States,,2961449,Consumer Discretionary,Auto Parts:O.E.M.
BWXT,BWX Technologies Inc. Common Stock,$193.94,0.49,0.253%,17767745027.00,United States,,724541,Industrials,Industrial Machinery/Components
BX,Blackstone Inc. Common Stock,$124.63,1.84,1.498%,92585110346.00,United States,2007,5702170,Finance,Investment Managers
BXP,BXP Inc. Common Stock,$65.98,-0.30,-0.453%,10522318258.00,United States,1997,1096556,Real Estate,Real Estate Investment Trusts
CACI,CACI International Inc. Class A Common Stock,$507.56,-11.84,-2.28%,11212662766.00,United States,,270715,Technology,EDP Services
CAH,Cardinal Health Inc. Common Stock,$226.40,2.55,1.139%,53024205572.00,United States,,2397204,Health Care,Other Pharmaceuticals
CARR,Carrier Global Corporation Common Stock ,$71.13,1.22,1.745%,59453575327.00,United States,2020,5412148,Industrials,Industrial Machinery/Components
CASY,Casey's General Stores Inc. Common Stock,$872.39,-22.75,-2.542%,32242688182.00,United States,1983,584230,Consumer Discretionary,Retail-Auto Dealers and Gas Stations
CAVA,CAVA Group Inc. Common Stock,$89.52,-1.47,-1.616%,10426739589.00,United States,2023,4748303,Consumer Discretionary,Restaurants
CB,Chubb Limited  Common Stock,$326.95,-1.19,-0.363%,126810861657.00,Switzerland,,1408572,Finance,Property-Casualty Insurers
CBOE,Cboe Global Markets Inc. Common Stock,$292.91,-2.00,-0.678%,32752830063.00,,2010,1571120,Finance,Investment Bankers/Brokers/Service
CBRE,CBRE Group Inc Common Stock Class A,$134.16,0.75,0.562%,39284272239.00,United States,,1696149,Finance,Real Estate
CBRS,Cerebras Systems Inc. Class A Common Stock,$218.03,4.03,1.883%,46926278794.00,United States,2026,5049821,Technology,Semiconductors
CCEP,Coca-Cola Europacific Partners plc Ordinary Shares,$99.41,0.07,0.07%,45130393665.00,United Kingdom,,1558760,Consumer Staples,Beverages (Production/Distribution)
CCI,Crown Castle Inc. Common Stock,$88.74,-3.42,-3.711%,38730748971.00,United States,,5846711,Real Estate,Real Estate Investment Trusts
CCJ,Cameco Corporation Common Stock,$107.02,6.06,6.002%,46610739306.00,Canada,1996,3351307,Basic Materials,Other Metals and Minerals
CCK,Crown Holdings Inc.,$100.08,1.13,1.142%,11183601429.00,United States,,1291748,Industrials,Containers/Packaging
CCL,Carnival Corporation Ltd. Common Shares,$30.12,0.94,3.221%,43011837372.00,United States,1987,37863267,Consumer Discretionary,Marine Transportation
CDE,Coeur Mining Inc. Common Stock,$18.66,1.46,8.488%,19303970894.00,United States,,29937020,Basic Materials,Precious Metals
CDNS,Cadence Design Systems Inc. Common Stock,$394.50,9.54,2.478%,108809412000.00,United States,,1846491,Technology,Computer Software: Prepackaged Software
CDW,CDW Corporation Common Stock,$131.30,-0.89,-0.673%,16774028116.00,United States,2013,2851214,Technology,Retail: Computer Software & Peripheral Equipment
CEG,Constellation Energy Corporation Common Stock ,$262.35,8.59,3.385%,94758213028.00,United States,,3829055,Utilities,Electric Utilities: Central
CET,Central Securities Corporation Common Stock,$53.11,-0.07,-0.132%,12853958372.00,United States,1951,37999,Finance,Finance/Investors Services
CF,CF Industries Holdings Inc. Common Stock,$106.90,-2.58,-2.357%,16422969391.00,United States,2005,3299604,Industrials,Agricultural Chemicals
CFG,Citizens Financial Group Inc. Common Stock,$66.65,-1.00,-1.478%,28185081434.00,United States,2014,4408811,Finance,Major Banks
CG,The Carlyle Group Inc. Common Stock,$46.24,0.49,1.071%,16645217504.00,United States,2012,2202323,Finance,Investment Managers
CGNX,Cognex Corporation Common Stock,$65.90,2.29,3.60%,10967041821.00,United States,1989,1542556,Industrials,Industrial Machinery/Components
CHD,Church & Dwight Company Inc. Common Stock,$98.32,0.76,0.779%,23296294949.00,United States,,1891197,Consumer Discretionary,Package Goods/Cosmetics
CHKP,Check Point Software Technologies Ltd. Ordinary Shares,$123.46,-0.60,-0.484%,13036886481.00,Israel,1996,934212,Technology,Computer Software: Prepackaged Software
CHRW,C.H. Robinson Worldwide Inc. Common Stock,$190.25,-3.49,-1.801%,22425346241.00,United States,1997,1141191,Industrials,Integrated Freight & Logistics
CHT,Chunghwa Telecom Co. Ltd.,$45.99,-0.10,-0.217%,35676496637.00,Taiwan,,94349,Telecommunications,Telecommunications Equipment
CHTR,Charter Communications Inc. Class A Common Stock New,$143.71,-2.11,-1.447%,19973467812.00,United States,,2614871,Telecommunications,Cable & Other Pay Television Services
CI,The Cigna Group Common Stock,$293.83,-4.17,-1.399%,77727556267.00,United States,,1125082,Health Care,Medical Specialities
CIB,Grupo Cibest S.A. American Depositary Shares each representing four Preferred Shares,$80.14,-0.06,-0.075%,10199881250.00,Colombia,2025,399372,Finance,Commercial Banks
CIEN,Ciena Corporation Common Stock,$463.41,17.43,3.908%,65597039584.00,United States,1997,3952836,Utilities,Telecommunications Equipment
CIFR,Cipher Digital Inc. Common Stock,$26.03,1.53,6.245%,10647550598.00,United States,2020,23498647,Finance,Finance: Consumer Services
CINF,Cincinnati Financial Corporation Common Stock,$169.34,0.33,0.195%,26194652890.00,United States,,748361,Finance,Property-Casualty Insurers
CL,Colgate-Palmolive Company Common Stock,$90.58,1.13,1.263%,72481147700.00,United States,,5627110,Consumer Discretionary,Package Goods/Cosmetics
CLH,Clean Harbors Inc. Common Stock,$284.03,-3.75,-1.303%,15009858469.00,United States,,531463,Industrials,Environmental Services
CLS,Celestica Inc. Common Stock,$403.45,10.33,2.628%,46385900019.00,Canada,1998,1544108,Technology,Electrical Products
CLX,Clorox Company (The) Common Stock,$95.98,-0.84,-0.868%,11606031269.00,United States,,2129751,Consumer Discretionary,Specialty Chemicals
CM,Canadian Imperial Bank of Commerce Common Stock,$113.67,0.21,0.185%,103986166365.00,Canada,,693317,Finance,Commercial Banks
CMCSA,Comcast Corporation Class A Common Stock,$23.97,-0.53,-2.163%,85664500636.00,United States,,23582156,Telecommunications,Cable & Other Pay Television Services
CME,CME Group Inc. Class A Common Stock,$266.08,-3.45,-1.28%,96416575050.00,United States,2002,2658292,Finance,Investment Bankers/Brokers/Service
CMG,Chipotle Mexican Grill Inc. Common Stock,$32.73,0.50,1.551%,41983883820.00,United States,2006,19522458,Consumer Discretionary,Restaurants
CMI,Cummins Inc. Common Stock,$679.71,20.13,3.052%,93792548731.00,United States,,856695,Industrials,Industrial Machinery/Components
CMS,CMS Energy Corporation Common Stock,$73.65,0.08,0.109%,22751928687.00,United States,,2985601,Utilities,Power Generation
CNA,CNA Financial Corporation Common Stock,$44.92,-0.20,-0.443%,12152271611.00,United States,,534136,Finance,Property-Casualty Insurers
CNC,Centene Corporation Common Stock,$63.40,-1.79,-2.746%,31306729800.00,United States,,6467513,Health Care,Medical Specialities
CNH,CNH Industrial N.V. Common Shares,$10.67,0.07,0.66%,13230272230.00,United Kingdom,2013,7737204,Industrials,Construction/Ag Equipment/Trucks
CNI,Canadian National Railway Company Common Stock,$117.54,-1.44,-1.21%,71430834735.00,Canada,,1728530,Industrials,Railroads
CNP,CenterPoint Energy Inc (Holding Co) Common Stock,$43.07,0.17,0.396%,28175079504.00,United States,,3984781,Utilities,Electric Utilities: Central
CNQ,Canadian Natural Resources Limited Common Stock,$44.01,-1.29,-2.848%,91803627720.00,Canada,,11448240,Energy,Oil & Gas Production
COF,Capital One Financial Corporation Common Stock,$194.62,9.89,5.354%,119889711392.00,United States,1994,7222232,Finance,Major Banks
COHR,Coherent Corp. Common Stock,$413.84,28.81,7.483%,80963376603.00,United States,,5149626,Technology,Electronic Components
COIN,Coinbase Global Inc. Class A Common Stock,$169.62,9.84,6.158%,44679793157.00,United States,,8952644,Finance,Finance: Consumer Services
COKE,Coca-Cola Consolidated Inc. Common Stock,$185.43,-2.46,-1.309%,12343017036.00,United States,1972,426528,Consumer Staples,Beverages (Production/Distribution)
COO,The Cooper Companies Inc. Common Stock,$67.76,-0.12,-0.177%,13215275489.00,United States,,2641606,Health Care,Ophthalmic Goods
COP,ConocoPhillips Common Stock,$112.26,-4.72,-4.035%,136765685226.00,United States,,10859503,Energy,Integrated oil Companies
COR,Cencora Inc. Common Stock,$281.43,-0.24,-0.085%,54755319116.00,United States,,1817986,Health Care,Other Pharmaceuticals
CP,Canadian Pacific Kansas City Limited Common Shares,$89.27,-0.81,-0.899%,79652398085.00,Canada,,2286554,Industrials,Railroads
CPAY,Corpay Inc. Common Stock,$353.47,-2.64,-0.741%,23103477509.00,United States,,537357,Consumer Discretionary,Business Services
CPNG,Coupang Inc. Class A Common Stock,$17.13,0.31,1.843%,30749449763.00,United States,2021,23564683,Consumer Discretionary,Catalog/Specialty Distribution
CPRT,Copart Inc. (DE) Common Stock,$30.30,-0.45,-1.463%,28052087905.00,United States,1994,13339516,Consumer Discretionary,Retail-Auto Dealers and Gas Stations
CPT,Camden Property Trust Common Stock,$113.50,-1.48,-1.287%,11408989582.00,United States,1993,1221419,Real Estate,Real Estate Investment Trusts
CQP,Cheniere Energy Partners LP Common Units,$60.34,-2.85,-4.51%,29207825782.00,United States,2007,251235,Utilities,Oil/Gas Transmission
CR,Crane Company Common Stock,$206.57,0.00,0.00%,11928526357.00,United States,2023,745829,Industrials,Metal Fabrications
CRBG,Corebridge Financial Inc. Common Stock,$29.46,0.72,2.505%,13455357745.00,United States,2022,8499425,Finance,Life Insurance
CRCL,Circle Internet Group Inc. Class A Common Stock,$83.37,5.53,7.104%,20723783621.00,United States,2025,15399912,Finance,Finance: Consumer Services
CRDO,Credo Technology Group Holding Ltd Ordinary Shares,$259.41,8.60,3.429%,47848158935.00,United States,2022,7900126,Technology,Semiconductors
CRH,CRH PLC Ordinary Shares,$109.59,3.11,2.921%,73352908353.00,Ireland,,5296205,Industrials,Building Materials
CRM,Salesforce Inc. Common Stock,$164.55,-1.34,-0.808%,134766450000.00,United States,2004,13517388,Technology,Computer Software: Prepackaged Software
CRS,Carpenter Technology Corporation Common Stock,$563.60,2.11,0.376%,28002810923.00,United States,,695198,Industrials,Steel/Iron Ore
CRWD,CrowdStrike Holdings Inc. Class A Common Stock,$692.91,10.11,1.481%,176390509426.00,United States,2019,2543313,Technology,Computer Software: Prepackaged Software
CRWV,CoreWeave Inc. Class A Common Stock,$106.71,6.16,6.126%,58217811622.00,United States,2025,21899436,Technology,Computer Software: Prepackaged Software
CSGP,CoStar Group Inc. Common Stock,$32.04,-0.80,-2.436%,13083717109.00,United States,1998,6018634,Finance,Real Estate
CSL,Carlisle Companies Incorporated Common Stock,$353.55,9.78,2.845%,14306427620.00,United States,,385604,Industrials,Specialty Chemicals
CSX,CSX Corporation Common Stock,$47.39,-0.18,-0.378%,88057200386.00,United States,,13764778,Industrials,Railroads
CTAS,Cintas Corporation Common Stock,$174.74,-1.54,-0.874%,69919918586.00,United States,1983,1914136,Industrials,Garments and Clothing
CTSH,Cognizant Technology Solutions Corporation Class A Common Stock,$50.82,-1.35,-2.588%,24082046415.00,United States,1998,11621785,Technology,EDP Services
CTVA,Corteva Inc. Common Stock ,$75.71,-0.43,-0.565%,50636362200.00,United States,2019,4117344,Consumer Staples,Farming/Seeds/Milling
CVE,Cenovus Energy Inc Common Stock,$27.11,-1.16,-4.103%,50831250000.00,Canada,,8107897,Energy,Oil & Gas Production
CVNA,Carvana Co. Class A Common Stock,$68.90,4.80,7.488%,75571982486.00,United States,2017,15284190,Consumer Discretionary,Retail-Auto Dealers and Gas Stations
CVS,CVS Health Corporation Common Stock,$100.68,-1.28,-1.255%,128460361269.00,United States,,7416475,Consumer Staples,Retail-Drug Stores and Proprietary Stores
CW,Curtiss-Wright Corporation Common Stock,$762.59,4.59,0.606%,28170962255.00,United States,,231757,Technology,Industrial Machinery/Components
CX,Cemex S.A.B. de C.V. Sponsored ADR,$12.89,-0.09,-0.693%,19540158722.00,Mexico,,4354560,Industrials,Building Materials
D,Dominion Energy Inc. Common Stock,$68.15,0.24,0.353%,59934885714.00,United States,,7790014,Utilities,Electric Utilities: Central
DAL,Delta Air Lines Inc. Common Stock,$84.07,1.01,1.216%,55233514164.00,United States,,9772082,Consumer Discretionary,Air Freight/Delivery Services
DASH,DoorDash Inc. Class A Common Stock,$168.09,17.51,11.628%,73239959981.00,United States,,6826888,Technology,EDP Services
DB,Deutsche Bank AG Common Stock,$34.50,1.19,3.573%,64908300000.00,Germany,,4070046,Finance,Major Banks
DCI,Donaldson Company Inc. Common Stock,$86.43,0.03,0.035%,10018192570.00,United States,,975089,Industrials,Pollution Control Equipment
DD,DuPont de Nemours Inc. Common Stock,$48.54,0.28,0.58%,19897580193.00,United States,2017,4231053,Industrials,Major Chemicals
DDOG,Datadog Inc. Class A Common Stock,$233.09,3.19,1.388%,82970760454.00,United States,2019,5808796,Technology,Computer Software: Prepackaged Software
DE,Deere & Company Common Stock,$575.47,-2.01,-0.348%,155340889965.00,United States,,1541293,Industrials,Industrial Machinery/Components
DECK,Deckers Outdoor Corporation Common Stock,$112.50,-1.33,-1.168%,15624107663.00,United States,1993,2037111,Consumer Discretionary,Shoe Manufacturing
DEO,Diageo plc Common Stock,$80.29,-1.50,-1.834%,44689666512.00,United Kingdom,,1360389,Consumer Staples,Beverages (Production/Distribution)
DG,Dollar General Corporation Common Stock,$116.39,1.59,1.385%,25674079844.00,United States,2009,3617404,Consumer Discretionary,Department/Specialty Retail Stores
DGX,Quest Diagnostics Incorporated Common Stock,$202.18,-0.88,-0.433%,22380604015.00,United States,,1009697,Health Care,Medical Specialities
DHI,D.R. Horton Inc. Common Stock,$155.09,1.00,0.649%,43980362180.00,United States,,2105176,Consumer Discretionary,Homebuilding
DHR,Danaher Corporation Common Stock,$181.10,1.00,0.555%,128177260550.00,United States,,3931628,Industrials,Industrial Machinery/Components
DINO,HF Sinclair Corporation Common Stock,$67.25,-4.01,-5.627%,12123523138.00,United States,1960,2632099,Energy,Natural Gas Distribution
DIS,Walt Disney Company (The) Common Stock,$101.69,1.65,1.649%,176585846707.00,United States,,10261838,Consumer Discretionary,Services-Misc. Amusement & Recreation
DKNG,DraftKings Inc. Class A Common Stock,$28.79,-0.21,-0.724%,14283548641.00,United States,2019,10591744,Consumer Discretionary,Services-Misc. Amusement & Recreation
DKS,Dick's Sporting Goods Inc Common Stock,$220.04,-0.95,-0.43%,19694138241.00,United States,2002,939191,Consumer Discretionary,Other Specialty Stores
DLR,Digital Realty Trust Inc. Common Stock,$184.90,0.70,0.38%,64974982343.00,United States,2004,2887408,Real Estate,Real Estate Investment Trusts
DLTR,Dollar Tree Inc. Common Stock,$112.88,-1.12,-0.982%,21692667493.00,United States,1995,2188726,Consumer Discretionary,Department/Specialty Retail Stores
DOC,Healthpeak Properties Inc. Common Stock,$20.43,-0.26,-1.257%,14084844512.00,United States,,9183213,Real Estate,Real Estate Investment Trusts
DOCN,DigitalOcean Holdings Inc. Common Stock,$181.29,10.85,6.366%,18920182373.00,United States,2021,3401417,Technology,Computer Software: Programming Data Processing
DOV,Dover Corporation Common Stock,$220.67,3.24,1.49%,29715734227.00,United States,,810997,Industrials,Industrial Machinery/Components
DOW,Dow Inc. Common Stock ,$33.23,-0.62,-1.832%,23950237985.00,United States,2019,15288076,Industrials,Major Chemicals
DPZ,Domino's Pizza Inc Common Stock,$316.52,-5.37,-1.668%,10528047092.00,United States,2004,852019,Consumer Discretionary,Food Distributors
DRI,Darden Restaurants Inc. Common Stock,$208.76,-2.71,-1.282%,23910327226.00,United States,,1235219,Consumer Discretionary,Restaurants
DRS,Leonardo DRS Inc. Common Stock,$46.68,-1.85,-3.812%,12452454221.00,Israel,,1003926,Industrials,Industrial Machinery/Components
DT,Dynatrace Inc. Common Stock,$41.19,0.44,1.08%,12005885442.00,United States,2019,4620814,Technology,Computer Software: Prepackaged Software
DTE,DTE Energy Company Common Stock,$148.04,0.62,0.421%,30796511457.00,United States,,954143,Utilities,Electric Utilities: Central
DTM,DT Midstream Inc. Common Stock ,$140.69,-1.63,-1.145%,14352366261.00,United States,2021,771785,Utilities,Natural Gas Distribution
DUK,Duke Energy Corporation (Holding Company) Common Stock,$125.28,0.31,0.248%,97667814066.00,United States,,4018820,Utilities,Power Generation
DUKB,Duke Energy Corporation 5.625% Junior Subordinated Debentures due 2078,$23.6101,0.0701,0.298%,18406344643.00,United States,2018,32088,Utilities,Power Generation
DVA,DaVita Inc. Common Stock,$209.75,1.09,0.522%,13465950000.00,United States,,846300,Health Care,Misc Health and Biotechnology Services
DVN,Devon Energy Corporation Common Stock,$43.53,-1.78,-3.928%,50207637248.00,United States,1985,17043129,Energy,Oil & Gas Production
DXCM,DexCom Inc. Common Stock,$74.22,-1.15,-1.526%,28639492353.00,United States,2005,5387183,Health Care,Medical/Dental Instruments
DY,Dycom Industries Inc. Common Stock,$471.30,2.30,0.49%,14153824742.00,United States,,435552,Industrials,Water Sewer Pipeline Comm & Power Line Construction
E,ENI S.p.A. Common Stock,$51.27,-2.23,-4.168%,80667323697.00,Italy,,390371,Energy,Oil & Gas Production
EA,Electronic Arts Inc. Common Stock,$203.12,-0.15,-0.074%,50932641430.00,United States,,1092547,Consumer Discretionary,Services-Misc. Amusement & Recreation
EBAY,eBay Inc. Common Stock,$109.18,0.57,0.525%,48586320742.00,United States,1998,4768960,Consumer Discretionary,Business Services
EC,Ecopetrol S.A. American Depositary Shares,$15.69,-0.89,-5.368%,32256046992.00,Colombia,,3168750,Energy,Oil & Gas Production
ECL,Ecolab Inc. Common Stock,$268.58,3.17,1.194%,75588484287.00,United States,,2046156,Consumer Discretionary,Package Goods/Cosmetics
ED,Consolidated Edison Inc. Common Stock,$107.72,-0.02,-0.019%,39698019823.00,United States,,2228710,Utilities,Power Generation
EDU,New Oriental Education & Technology Group Inc. Sponsored ADR representing 10 Ordinary Share (Cayman Islands),$47.06,0.39,0.836%,18723497158.00,China,2006,380026,Real Estate,Other Consumer Services
EFX,Equifax Inc. Common Stock,$165.13,1.42,0.867%,19662426898.00,United States,,1645757,Finance,Finance: Consumer Services
EG,Everest Group Ltd. Common Stock,$338.60,-0.80,-0.236%,13398944437.00,Bermuda,,340518,Finance,Property-Casualty Insurers
EGP,EastGroup Properties Inc. Common Stock,$205.29,2.63,1.298%,11035410961.00,United States,,252084,Real Estate,Real Estate Investment Trusts
EIX,Edison International Common Stock,$72.14,-0.81,-1.11%,27759034904.00,United States,,1886341,Utilities,Electric Utilities: Central
EL,Estee Lauder Companies Inc. (The) Common Stock,$90.00,0.32,0.357%,32561542350.00,United States,1995,3553913,Consumer Discretionary,Package Goods/Cosmetics
ELAN,Elanco Animal Health Incorporated Common Stock,$24.29,0.12,0.496%,12131630371.00,United States,2018,4476744,Health Care,Biotechnology: Pharmaceutical Preparations
ELS,Equity Lifestyle Properties Inc. Common Stock,$64.22,-0.61,-0.941%,12454669654.00,United States,,1187295,Real Estate,Real Estate Investment Trusts
ELV,Elevance Health Inc. Common Stock,$401.89,-2.18,-0.54%,87275388898.00,United States,,1019883,Health Care,Medical Specialities
EMA,Emera Incorporated Common Shares,$52.82,0.26,0.495%,16159831139.00,Canada,2025,765325,Utilities,Electric Utilities: Central
EMBJ,Embraer S.A. Common Stock,$61.50,3.70,6.401%,11112529403.00,Brazil,,3072723,Industrials,Aerospace
EME,EMCOR Group Inc. Common Stock,$842.30,19.25,2.339%,37432046159.00,United States,,404294,Industrials,Engineering & Construction
EMR,Emerson Electric Company Common Stock,$146.52,3.45,2.411%,82065852000.00,United States,,2517834,Technology,Consumer Electronics/Appliances
ENB,Enbridge Inc Common Stock,$55.94,-0.56,-0.991%,122150466470.00,Canada,,3178328,Energy,Natural Gas Distribution
ENLT,Enlight Renewable Energy Ltd. Ordinary Shares,$96.44,0.71,0.742%,13447985146.00,Israel,2023,182588,Utilities,Electric Utilities: Central
ENTG,Entegris Inc. Common Stock,$162.89,12.37,8.218%,24840725000.00,United States,2000,5286663,Industrials,Plastic Products
EOG,EOG Resources Inc. Common Stock,$131.98,-4.67,-3.417%,70296313389.00,United States,,4867601,Energy,Oil & Gas Production
EPD,Enterprise Products Partners L.P. Common Stock,$36.50,-0.75,-2.013%,78968416892.00,United States,,3670379,Utilities,Natural Gas Distribution
EQH,Equitable Holdings Inc. Common Stock,$45.20,1.18,2.681%,12724676428.00,United States,2018,3552195,Finance,Specialty Insurers
EQIX,Equinix Inc. Common Stock REIT,$1064.38,8.53,0.808%,104973677086.00,United States,2000,672850,Real Estate,Real Estate Investment Trusts
EQNR,Equinor ASA,$34.26,-1.92,-5.307%,85659285488.00,Norway,,4872003,Energy,Integrated oil Companies
EQR,Equity Residential Common Shares of Beneficial Interest,$66.18,-1.16,-1.723%,24795775422.00,United States,,4916278,Real Estate,Real Estate Investment Trusts
EQT,EQT Corporation Common Stock,$50.75,-1.19,-2.291%,31743008500.00,United States,,7792758,Energy,Oil & Gas Production
ERIC,Ericsson American Depositary Shares,$12.22,-0.06,-0.489%,41197918202.00,Sweden,,5103682,Technology,Radio And Television Broadcasting And Communications Equipment
ERIE,Erie Indemnity Company Class A Common Stock,$224.04,-2.63,-1.16%,10348768304.00,United States,,141428,Finance,Specialty Insurers
ES,Eversource Energy (D/B/A) Common Stock,$69.26,0.57,0.83%,26047302532.00,United States,,2456666,Utilities,Electric Utilities: Central
ESI,Element Solutions Inc. Common Stock,$45.08,1.38,3.158%,10981812486.00,United States,2014,2936071,Industrials,Major Chemicals
ESLT,Elbit Systems Ltd. Ordinary Shares,$814.65,-39.41,-4.614%,37888502268.00,Israel,,134810,Industrials,Military/Government/Technical
ESS,Essex Property Trust Inc. Common Stock,$281.39,-2.36,-0.832%,18082927864.00,United States,1994,414933,Real Estate,Real Estate Investment Trusts
ET,Energy Transfer LP Common Units ,$18.91,-0.16,-0.839%,65072321928.00,United States,,10862500,Utilities,Natural Gas Distribution
ETN,Eaton Corporation PLC Ordinary Shares,$407.06,15.67,4.004%,158061398000.00,Ireland,,2336720,Technology,Industrial Machinery/Components
ETR,Entergy Corporation Common Stock,$111.08,-0.03,-0.027%,50862070965.00,United States,,2769749,Utilities,Electric Utilities: Central
EVR,Evercore Inc. Class A Common Stock,$365.53,8.15,2.28%,14139608377.00,United States,2006,269325,Finance,Investment Managers
EVRG,Evergy Inc. Common Stock,$83.44,-0.41,-0.489%,19234006806.00,United States,,2169616,Utilities,Power Generation
EW,Edwards Lifesciences Corporation Common Stock,$86.28,1.17,1.375%,49680024000.00,United States,,2927935,Health Care,Industrial Specialties
EWBC,East West Bancorp Inc. Common Stock,$131.32,-1.31,-0.988%,17990349126.00,United States,,965146,Finance,Major Banks
EXC,Exelon Corporation Common Stock,$46.18,-0.03,-0.065%,47251751998.00,United States,,6809579,Utilities,Power Generation
EXE,Expand Energy Corporation Common Stock,$87.90,-0.88,-0.991%,21028215827.00,United States,,3971518,Energy,Oil & Gas Production
EXEL,Exelixis Inc. Common Stock,$53.00,-0.13,-0.245%,13321819399.00,United States,2000,2025734,Health Care,Biotechnology: Biological Products (No Diagnostic Substances)
EXPD,Expeditors International of Washington Inc. Common Stock,$163.23,-3.39,-2.035%,21349036640.00,United States,,1718167,Industrials,Integrated Freight & Logistics
EXPE,Expedia Group Inc. Common Stock,$236.98,12.09,5.376%,28442831807.00,United States,,1675859,Consumer Discretionary,Transportation Services
EXR,Extra Space Storage Inc Common Stock,$146.65,-3.95,-2.623%,30981416264.00,United States,2004,1249065,Real Estate,Real Estate Investment Trusts
F,Ford Motor Company Common Stock,$14.77,-0.07,-0.472%,58853910145.00,United States,,48506745,Industrials,Auto Manufacturing
FANG,Diamondback Energy Inc. Common Stock,$189.96,-2.17,-1.129%,53438273898.00,United States,2012,3360386,Energy,Oil & Gas Production
FAST,Fastenal Company Common Stock,$46.10,-0.47,-1.009%,52924416312.00,United States,1987,5959972,Consumer Discretionary,RETAIL: Building Materials
FCNCA,First Citizens BancShares Inc. Class A Common Stock,$2068.75,-39.86,-1.89%,23970552463.00,United States,,110901,Finance,Major Banks
FCX,Freeport-McMoRan Inc. Common Stock,$70.13,1.72,2.514%,100816073332.00,United States,,16631417,Basic Materials,Metal Mining
FDX,FedEx Corporation Common Stock,$338.75,0.44,0.13%,80828038595.00,United States,,1955476,Consumer Discretionary,Air Freight/Delivery Services
FDXF,FedEx Freight Holding Company Inc. Common Stock,$167.16,-7.60,-4.349%,19937813924.00,United States,2026,1707710,Consumer Discretionary,Air Freight/Delivery Services
FE,FirstEnergy Corp. Common Stock,$47.34,0.31,0.659%,27382931825.00,United States,,4278526,Utilities,Electric Utilities: Central
FER,Ferrovial N.V. Ordinary Shares,$68.51,0.57,0.839%,49290050590.00,Netherlands,,1622172,Industrials,Military/Government/Technical
FERG,Ferguson Enterprises Inc. Common Stock,$235.56,5.48,2.382%,46062805631.00,United Kingdom,2021,2012411,Miscellaneous,Miscellaneous
FFIV,F5 Inc. Common Stock,$396.81,0.65,0.164%,22387721402.00,United States,1999,544648,Telecommunications,Computer Communications Equipment
FHN,First Horizon Corporation Common Stock,$24.73,-0.41,-1.631%,11737298515.00,United States,,8033085,Finance,Major Banks
FICO,Fair Isaac Corporation Common Stock,$1181.62,2.43,0.206%,27402838348.00,United States,,333392,Consumer Discretionary,Business Services
FIS,Fidelity National Information Services Inc. Common Stock,$38.97,-0.23,-0.587%,20142780514.00,United States,,6870015,Consumer Discretionary,Business Services
FISV,Fiserv Inc. Common Stock,$47.91,-5.87,-10.915%,25548198469.00,United States,1986,26862469,Consumer Discretionary,Business Services
FITB,Fifth Third Bancorp Common Stock,$53.00,-1.73,-3.161%,48034512044.00,United States,,10265732,Finance,Major Banks
FIVE,Five Below Inc. Common Stock,$193.92,-4.57,-2.302%,10722874466.00,United States,2012,1242075,Consumer Discretionary,Department/Specialty Retail Stores
FIX,Comfort Systems USA Inc. Common Stock,$1952.02,74.41,3.963%,68715835696.00,United States,1997,382833,Industrials,Engineering & Construction
FLEX,Flex Ltd. Ordinary Shares,$149.22,-0.49,-0.327%,54670913670.00,Singapore,1994,4654830,Technology,Electrical Products
FLS,Flowserve Corporation Common Stock,$79.99,1.92,2.459%,10223283610.00,United States,,2259582,Industrials,Fluid Controls
FLUT,Flutter Entertainment plc Ordinary Shares,$108.98,-1.67,-1.509%,19091237804.00,Ireland,2024,2686271,Technology,Computer Software: Programming Data Processing
FMS,Fresenius Medical Care AG American Depositary Shares (Each representing 1/2 of an Ordinary Share),$23.45,0.43,1.868%,13098648707.00,Germany,,730409,Health Care,Misc Health and Biotechnology Services
FMX,Fomento Economico Mexicano S.A.B. de C.V. Common Stock,$126.34,-3.03,-2.342%,43041696667.00,Mexico,,709787,Consumer Staples,Beverages (Production/Distribution)
FN,Fabrinet Ordinary Shares,$635.58,24.57,4.021%,22772666149.00,Cayman Islands,2010,663438,Utilities,Telecommunications Equipment
FNF,Fidelity National Financial Inc. Common Stock,$48.06,0.14,0.292%,12935711372.00,United States,2014,1482039,Finance,Specialty Insurers
FNV,Franco-Nevada Corporation,$222.35,12.89,6.154%,42891315000.00,Canada,,1627997,Basic Materials,Precious Metals
FORM,FormFactor Inc. FormFactor Inc. Common Stock,$152.60,13.39,9.619%,11895898207.00,United States,2003,1736950,Technology,Semiconductors
FOX,Fox Corporation Class B Common Stock,$49.955,-8.965,-15.216%,20990407366.00,United States,,6962953,Industrials,Broadcasting
FOXA,Fox Corporation Class A Common Stock,$54.76,-11.09,-16.841%,23009402609.00,United States,,33601010,Industrials,Broadcasting
FPS,Forgent Power Solutions Inc. Class A Common Stock,$60.51,1.48,2.507%,18420992073.00,,2026,4616716,Energy,Industrial Machinery/Components
FRT,Federal Realty Investment Trust Common Stock,$124.71,-1.13,-0.898%,10773596758.00,United States,,1091795,Real Estate,Real Estate Investment Trusts
FRVO,Fervo Energy Company Class A common stock,$35.32,0.13,0.369%,10015421602.00,United States,2026,966142,Utilities,Electric Utilities: Central
FSLR,First Solar Inc. Common Stock,$273.51,6.20,2.319%,29389569314.00,United States,2006,2059842,Technology,Semiconductors
FTAI,FTAI Aviation Ltd. Common Stock,$263.52,21.56,8.911%,27032664781.00,United States,,1034349,Industrials,Misc Corporate Leasing Services
FTI,TechnipFMC plc Ordinary Share,$68.51,-2.28,-3.221%,27315066963.00,,,4689175,Consumer Discretionary,Oil and Gas Field Machinery
FTNT,Fortinet Inc. Common Stock,$149.49,3.19,2.18%,109523607971.00,United States,2009,5206309,Technology,Computer peripheral equipment
FTS,Fortis Inc. Common Shares,$57.26,0.35,0.615%,29152955294.00,United States,2016,815607,Utilities,Electric Utilities: Central
FTV,Fortive Corporation Common Stock ,$60.28,0.14,0.233%,18377022346.00,United States,2016,3108269,Industrials,Industrial Machinery/Components
FUTU,Futu Holdings Limited American Depositary Shares,$100.12,2.58,2.645%,14033582815.00,Hong Kong,2019,2218481,Finance,Investment Bankers/Brokers/Service
FWONA,Liberty Media Corporation Series A Liberty Formula One Common Stock,$83.26,1.27,1.549%,20865431248.00,United States,,127826,Industrials,Broadcasting
FWONK,Liberty Media Corporation Series C Liberty Formula One Common Stock,$90.04,1.11,1.248%,22564537948.00,United States,,2306575,Industrials,Broadcasting
GD,General Dynamics Corporation Common Stock,$359.53,-0.69,-0.192%,97227765132.00,United States,,1585755,Industrials,Marine Transportation
GDDY,GoDaddy Inc. Class A Common Stock,$77.49,1.25,1.64%,10260439044.00,United States,2015,3063564,Technology,EDP Services
GEHC,GE HealthCare Technologies Inc. Common Stock ,$64.76,-0.42,-0.644%,29458792061.00,United States,,3406705,Health Care,Medical Electronics
GEN,Gen Digital Inc. Common Stock,$24.41,0.09,0.37%,14705410376.00,United States,,4718834,Technology,Computer Software: Prepackaged Software
GFI,Gold Fields Limited American Depositary Shares,$39.59,3.09,8.466%,35434009939.00,South Africa,,4944854,Basic Materials,Precious Metals
GFL,GFL Environmental Inc. Subordinate voting shares no par value,$35.95,-0.02,-0.056%,12894869550.00,Canada,2020,1362634,Utilities,Environmental Services
GFS,GlobalFoundries Inc. Ordinary Shares,$83.98,2.60,3.195%,46727921159.00,United States,2021,2063364,Technology,Semiconductors
GGG,Graco Inc. Common Stock,$75.15,0.55,0.737%,12472508502.00,United States,,1155062,Industrials,Fluid Controls
GH,Guardant Health Inc. Common Stock,$129.82,-1.80,-1.368%,17214122783.00,United States,2018,1649220,Health Care,Medical Specialities
GIB,CGI Inc. Common Stock,$65.78,-0.91,-1.365%,13909716055.00,Canada,,378584,Consumer Discretionary,Professional Services
GIL,Gildan Activewear Inc. Class A Sub. Vot. Common Stock,$61.97,1.19,1.958%,11475663657.00,Canada,2000,2122493,Consumer Discretionary,Apparel
GILD,Gilead Sciences Inc. Common Stock,$124.30,-0.47,-0.377%,154327135338.00,United States,1992,6650869,Health Care,Biotechnology: Biological Products (No Diagnostic Substances)
GIS,General Mills Inc. Common Stock,$34.27,-0.24,-0.695%,18289255341.00,United States,,8658984,Consumer Staples,Packaged Foods
GL,Globe Life Inc. Common Stock,$167.39,0.63,0.378%,12996956544.00,United States,,688198,Finance,Life Insurance
GLPI,Gaming and Leisure Properties Inc. Common Stock,$46.74,-0.73,-1.538%,13247089407.00,United States,,1946126,Real Estate,Real Estate Investment Trusts
GLW,Corning Incorporated Common Stock,$187.88,8.68,4.844%,161696634561.00,United States,,9170388,Industrials,Telecommunications Equipment
GLXY,Galaxy Digital Inc. Class A Common Stock,$33.63,0.27,0.809%,13136225398.00,United States,,7008160,Finance,Investment Bankers/Brokers/Service
GM,General Motors Company Common Stock,$84.07,2.57,3.153%,75802992944.00,United States,2010,7884780,Industrials,Auto Manufacturing
GMAB,Genmab A/S ADS,$24.58,-0.50,-1.994%,15789800686.00,Denmark,2019,1023279,Health Care,Biotechnology: Pharmaceutical Preparations
GMED,Globus Medical Inc. Class A Common Stock,$77.32,-3.07,-3.819%,10495774482.00,United States,2012,1653397,Health Care,Medical/Dental Instruments
GNRC,Generac Holdlings Inc. Common Stock,$270.10,7.74,2.95%,15900430738.00,United States,2010,857489,Consumer Discretionary,Metal Fabrications
GPC,Genuine Parts Company Common Stock,$104.64,0.89,0.858%,14401032389.00,United States,,2239879,Consumer Discretionary,Automotive Aftermarket
GPN,Global Payments Inc. Common Stock,$67.48,-0.23,-0.34%,18458715852.00,United States,,3597598,Consumer Discretionary,Business Services
GRAB,Grab Holdings Limited Class A Ordinary Shares,$3.46,0.16,4.848%,14187666969.00,Singapore,,81914133,Consumer Discretionary,Business Services
GRMN,Garmin Ltd. Common Stock (Switzerland),$238.17,0.07,0.029%,45932562583.00,Switzerland,2000,878054,Industrials,Industrial Machinery/Components
GSAT,Globalstar Inc. Common Stock,$81.77,0.61,0.752%,10531070888.00,United States,2025,1347079,Consumer Discretionary,Telecommunications Equipment
GSK,GSK plc American Depositary Shares (Each representing two Ordinary Shares),$52.23,-0.81,-1.527%,106518517695.00,United Kingdom,2022,3434078,Health Care,Biotechnology: Pharmaceutical Preparations
GWW,W.W. Grainger Inc. Common Stock,$1313.92,-1.95,-0.148%,62034261316.00,United States,,244302,Industrials,Office Equipment/Supplies/Services
H,Hyatt Hotels Corporation Class A Common Stock,$198.95,-0.41,-0.206%,18733626789.00,United States,2009,1113950,Consumer Discretionary,Hotels/Resorts
HAL,Halliburton Company Common Stock,$38.18,-1.42,-3.586%,31895485522.00,United States,,14414688,Energy,Oilfield Services/Equipment
HAS,Hasbro Inc. Common Stock,$84.99,1.09,1.299%,12025293913.00,United States,,1875321,Consumer Discretionary,Recreational Games/Products/Toys
HBAN,Huntington Bancshares Incorporated Common Stock,$17.21,-0.31,-1.769%,34886917402.00,United States,,28429417,Finance,Major Banks
HBANL,Huntington Bancshares Incorporated Depositary Shares Each Representing a 1/40th Interest in a Share of 6.875% Series J Non-Cumulative Perpetual Preferred Stock,$25.16,0.05,0.199%,51002605569.00,United States,,8901,Finance,Major Banks
HBANM,Huntington Bancshares Incorporated Depositary Shares each representing a 1/1000th interest in a share of Huntington Series I Preferred Stock,$20.75,0.00,0.00%,42062959680.00,United States,,12576,Finance,Major Banks
HBANP,Huntington Bancshares Incorporated Depositary Shares 4.500% Series H Non-Cumulative Perpetual Preferred Stock,$16.21,0.01,0.062%,32859786815.00,United States,,50648,Finance,Major Banks
HBANZ,Huntington Bancshares Incorporated Depositary Shares Each Representing a 1/1000th Interest in a Share of 5.50% Series L Non-Cumulative Perpetual Preferred Stock,$20.1264,0.1564,0.783%,40798841046.00,United States,,4492,Finance,Major Banks
HBM,Hudbay Minerals Inc. Ordinary Shares (Canada),$28.75,0.93,3.343%,11419990820.00,Canada,,6805338,Basic Materials,Metal Mining
HCA,HCA Healthcare Inc. Common Stock,$389.97,2.79,0.721%,86510866806.00,United States,2011,1883690,Health Care,Hospital/Nursing Management
HDB,HDFC Bank Limited Common Stock,$24.74,0.57,2.358%,126619975783.00,India,2001,10036542,Finance,Commercial Banks
HEI,Heico Corporation Common Stock,$336.18,4.57,1.378%,46950655742.00,United States,2000,535966,Industrials,Aerospace
HIG,The Hartford Insurance Group Inc. Common Stock,$129.82,0.20,0.154%,35587663052.00,United States,,1512755,Finance,Property-Casualty Insurers
HII,Huntington Ingalls Industries Inc. Common Stock,$299.66,1.98,0.665%,11807811330.00,United States,,417780,Industrials,Marine Transportation
HL,Hecla Mining Company Common Stock,$16.66,1.37,8.96%,11174068634.00,United States,,31153393,Industrials,Mining & Quarrying of Nonmetallic Minerals (No Fuels)
HLN,Haleon plc American Depositary Shares (Each representing two Ordinary Shares),$9.07,-0.06,-0.657%,40390848207.00,United Kingdom,2022,10763897,Consumer Discretionary,Package Goods/Cosmetics
HLT,Hilton Worldwide Holdings Inc. Common Stock ,$347.11,1.16,0.335%,79019026405.00,United States,2016,1146104,Consumer Discretionary,Hotels/Resorts
HMC,Honda Motor Company Ltd. Common Stock,$26.97,0.53,2.005%,39075121052.00,Japan,,1977993,Industrials,Auto Manufacturing
HMY,Harmony Gold Mining Company Limited,$17.52,1.66,10.467%,11121130524.00,South Africa,,5474603,Basic Materials,Precious Metals
HON,Honeywell International Inc. Common Stock,$227.41,7.10,3.223%,144099055792.00,United States,,8333122,Industrials,Aerospace
HOOD,Robinhood Markets Inc. Class A Common Stock,$98.12,4.93,5.29%,88357556193.00,United States,2021,36468102,Finance,Investment Bankers/Brokers/Service
HPE,Hewlett Packard Enterprise Company Common Stock,$49.02,0.85,1.765%,64912456599.00,United States,2015,30433225,Technology,Retail: Computer Software & Peripheral Equipment
HPQ,HP Inc. Common Stock,$24.60,-0.64,-2.536%,22497258174.00,United States,,15032807,Technology,Computer Manufacturing
HRL,Hormel Foods Corporation Common Stock,$24.58,-0.17,-0.687%,13526741692.00,United States,,3877863,Consumer Staples,Meat/Poultry/Fish
HST,Host Hotels & Resorts Inc. Common Stock,$24.81,-0.08,-0.321%,16991854962.00,United States,,11070371,Real Estate,Real Estate Investment Trusts
HSY,The Hershey Company Common Stock,$181.11,-0.55,-0.303%,36736963103.00,United States,,2984116,Consumer Staples,Specialty Foods
HTHT,H World Group Limited American Depositary Shares,$44.86,0.20,0.448%,13795518520.00,China,2010,2861390,Consumer Discretionary,Hotels/Resorts
HUBB,Hubbell Inc Common Stock,$489.73,12.84,2.692%,25878203450.00,United States,2015,673083,Technology,Electrical Products
HUM,Humana Inc. Common Stock,$380.26,1.04,0.274%,45654585990.00,United States,,1784553,Health Care,Medical Specialities
HUT,Hut 8 Corp. Common Stock,$120.18,1.32,1.111%,13531560380.00,United States,,3640054,Finance,Finance: Consumer Services
HWM,Howmet Aerospace Inc. Common Stock,$270.44,5.77,2.18%,108205067703.00,United States,,2256711,Industrials,Metal Fabrications
IAG,Iamgold Corporation Ordinary Shares,$17.93,1.28,7.688%,10401193000.00,Canada,,7448193,Basic Materials,Precious Metals
IBKR,Interactive Brokers Group Inc. Class A Common Stock,$92.76,1.95,2.147%,157353773108.00,United States,2019,3529840,Finance,Investment Bankers/Brokers/Service
IBN,ICICI Bank Limited Common Stock,$27.81,0.02,0.072%,99219676914.00,India,,6026442,Finance,Commercial Banks
ICE,Intercontinental Exchange Inc. Common Stock,$140.10,-0.43,-0.306%,79228300550.00,United States,2005,3519445,Finance,Investment Bankers/Brokers/Service
ICLR,ICON plc Ordinary Shares,$147.72,1.54,1.053%,11310525249.00,Ireland,1998,598108,Health Care,Biotechnology: Commercial Physical & Biological Resarch
IDXX,IDEXX Laboratories Inc. Common Stock,$570.00,9.12,1.626%,44963308290.00,United States,1991,556849,Health Care,Biotechnology: In Vitro & In Vivo Diagnostic Substances
IESC,IES Holdings Inc. Common Stock,$726.41,-23.42,-3.123%,14472910756.00,United States,,178902,Industrials,Engineering & Construction
IEX,IDEX Corporation Common Stock,$222.04,3.55,1.625%,16434302146.00,United States,1989,581655,Industrials,Fluid Controls
IFF,International Flavors & Fragrances Inc. Common Stock,$78.36,0.09,0.115%,20005580144.00,United States,,1580586,Industrials,Major Chemicals
IHG,Intercontinental Hotels Group American Depositary Shares (Each representing one Ordinary Share),$168.55,1.43,0.856%,25517054686.00,United Kingdom,,337571,Consumer Discretionary,Hotels/Resorts
ILMN,Illumina Inc. Common Stock,$166.89,5.92,3.678%,25250457000.00,United States,2000,2158017,Health Care,Medical Specialities
IMO,Imperial Oil Limited Common Stock,$120.20,-1.09,-0.899%,58127878600.00,Canada,1929,705589,Energy,Integrated oil Companies
INCY,Incyte Corp. Common Stock,$101.98,-6.55,-6.035%,20371295141.00,United States,,2815422,Health Care,Biotechnology: Commercial Physical & Biological Resarch
INFY,Infosys Limited American Depositary Shares,$11.60,-0.14,-1.193%,48188874442.00,India,,15026325,Technology,EDP Services
ING,ING Group N.V. Common Stock,$30.43,0.22,0.728%,88321178846.00,Netherlands,1997,5202486,Finance,Commercial Banks
INIO,INNIO N.V. Ordinary Shares,$34.72,2.35,7.26%,26040000000.00,Germany,2026,3454518,Consumer Discretionary,Metal Fabrications
INSM,Insmed Incorporated Common Stock,$97.46,-0.39,-0.399%,21124693874.00,United States,,3788621,Health Care,Biotechnology: Pharmaceutical Preparations
INTU,Intuit Inc. Common Stock,$281.77,5.04,1.821%,77074520490.00,United States,1993,5094632,Technology,Computer Software: Prepackaged Software
INVH,Invitation Homes Inc. Common Stock,$29.17,-0.51,-1.718%,17328203857.00,United States,2017,8774838,Finance,Real Estate
IONQ,IonQ Inc. Common Stock,$61.18,3.33,5.756%,22836655419.00,United States,2021,25231493,Technology,EDP Services
IONS,Ionis Pharmaceuticals Inc. Common Stock,$73.96,0.685,0.935%,12222818642.00,United States,,1506332,Health Care,Biotechnology: Pharmaceutical Preparations
IOT,Samsara Inc. Class A Common Stock,$33.54,-0.12,-0.357%,19544096150.00,United States,2021,6256586,Technology,EDP Services
IP,International Paper Company Common Stock,$36.39,0.24,0.664%,19269122684.00,United States,,7482491,Basic Materials,Paper
IQV,IQVIA Holdings Inc. Common Stock,$178.39,-3.07,-1.692%,29773291000.00,United States,2013,1732224,Health Care,Biotechnology: Commercial Physical & Biological Resarch
IR,Ingersoll Rand Inc. Common Stock,$76.77,2.77,3.743%,30042928746.00,United States,2017,5643859,Industrials,Industrial Machinery/Components
IREN,IREN Limited Ordinary Shares,$60.85,1.08,1.807%,21746492313.00,Australia,2021,33085178,Technology,EDP Services
IRM,Iron Mountain Incorporated (Delaware)Common Stock REIT,$126.28,-0.96,-0.754%,37571416717.00,United States,,1257411,Real Estate,Real Estate Investment Trusts
ISRG,Intuitive Surgical Inc. Common Stock,$416.55,5.49,1.336%,147526531835.00,United States,2000,2600480,Health Care,Industrial Specialties
ITT,ITT Inc. Common Stock ,$195.18,6.05,3.199%,17449092000.00,United States,2011,1374780,Industrials,Fluid Controls
ITUB,Itau Unibanco Banco Holding SA American Depositary Shares (Each repstg 500 Preferred shares),$7.95,-0.04,-0.501%,87660870014.00,Brazil,,22138644,Finance,Major Banks
ITW,Illinois Tool Works Inc. Common Stock,$262.51,5.08,1.973%,75524127000.00,United States,,1725880,Industrials,Industrial Machinery/Components
IVZ,Invesco Ltd Common Stock,$29.10,0.18,0.622%,12899931904.00,United States,,3339995,Finance,Investment Managers
IX,ORIX Corporation American Depositary Shares,$38.41,-0.26,-0.672%,44669379792.00,Japan,,267934,Finance,Diversified Financial Services
J,Jacobs Solutions Inc. Common Stock,$124.57,-2.43,-1.913%,14709335097.00,United States,2022,1352087,Industrials,Military/Government/Technical
JAZZ,Jazz Pharmaceuticals plc Common Stock (Ireland),$230.59,0.03,0.013%,14485116841.00,Ireland,2007,691112,Health Care,Biotechnology: Pharmaceutical Preparations
JBHT,J.B. Hunt Transport Services Inc. Common Stock,$283.16,-6.20,-2.143%,26701762321.00,United States,,868145,Industrials,Trucking Freight/Courier Services
JBL,Jabil Inc. Common Stock,$385.63,0.81,0.21%,40684976122.00,United States,1993,1212054,Technology,Electrical Products
JBS,JBS N.V. Class A Common Shares,$12.19,-0.35,-2.791%,13053988960.00,,2025,7746785,Consumer Staples,Meat/Poultry/Fish
JCI,Johnson Controls International plc Ordinary Share,$146.06,1.10,0.759%,89113484974.00,Switzerland,,3602505,Industrials,Industrial Machinery/Components
JD,JD.com Inc. American Depositary Shares,$28.68,0.12,0.42%,39171738594.00,China,2014,5674943,Consumer Discretionary,Other Specialty Stores
JEF,Jefferies Financial Group Inc. Common Stock,$61.95,0.29,0.47%,12664581419.00,United States,,1654612,Finance,Investment Bankers/Brokers/Service
JHX,James Hardie Industries plc. Ordinary Shares,$25.17,1.04,4.31%,14606517953.00,Ireland,2025,9443436,Industrials,Building Materials
JLL,Jones Lang LaSalle Incorporated Common Stock,$298.24,-1.71,-0.57%,13836419808.00,United States,,322638,Finance,Real Estate
KB,KB Financial Group Inc,$113.63,5.83,5.408%,40746322851.00,South Korea,,319734,Finance,Commercial Banks
KDP,Keurig Dr Pepper Inc. Common Stock,$31.77,0.06,0.189%,43224974394.00,United States,,15745212,Consumer Staples,Beverages (Production/Distribution)
KEP,Korea Electric Power Corporation Common Stock,$13.60,0.84,6.583%,17461422894.00,South Korea,1994,1488187,Utilities,Electric Utilities: Central
KEY,KeyCorp Common Stock,$22.42,-0.28,-1.233%,24308339925.00,United States,,12559253,Finance,Major Banks
KEYS,Keysight Technologies Inc. Common Stock,$356.94,6.27,1.788%,60999392654.00,United States,2014,946189,Industrials,Industrial Machinery/Components
KGC,Kinross Gold Corporation Common Stock,$27.34,1.76,6.88%,32646694000.00,Canada,2001,9906491,Basic Materials,Precious Metals
KHC,The Kraft Heinz Company Common Stock,$23.99,-0.40,-1.64%,28446805536.00,United States,,10698787,Consumer Staples,Packaged Foods
KIM,Kimco Realty Corporation (HC) Common Stock,$25.35,-0.56,-2.161%,17095781227.00,United States,,7404520,Real Estate,Real Estate Investment Trusts
KKR,KKR & Co. Inc. Common Stock,$98.08,1.84,1.912%,88063378053.00,United States,,3554005,Finance,Investment Managers
KKRS,KKR Group Finance Co. IX LLC 4.625% Subordinated Notes due 2061,$16.35,-0.03,-0.183%,14680222585.00,United States,2021,60626,Finance,Investment Managers
KLAR,Klarna Group plc Ordinary Shares,$17.60,1.37,8.441%,12419343182.00,,2025,6365487,Finance,Finance: Consumer Services
KMB,Kimberly-Clark Corporation Common Stock,$103.14,0.85,0.831%,34236328421.00,United States,,4456164,Consumer Discretionary,Containers/Packaging
KMI,Kinder Morgan Inc. Common Stock,$31.46,-0.48,-1.503%,69993018315.00,United States,2011,13115517,Utilities,Natural Gas Distribution
KNX,Knight-Swift Transportation Holdings Inc.,$79.25,-2.29,-2.808%,12877649500.00,United States,2017,4326392,Industrials,Trucking Freight/Courier Services
KR,Kroger Company (The) Common Stock,$64.06,-0.65,-1.004%,39245331349.00,United States,,7604229,Consumer Staples,Food Chains
KSPI,Joint Stock Company Kaspi.kz American Depository Shares,$83.20,2.64,3.277%,15752544288.00,Kazakhstan,2024,404863,,
KTOS,Kratos Defense & Security Solutions Inc. Common Stock,$57.02,-0.73,-1.264%,10692389488.00,United States,,4009150,Industrials,Military/Government/Technical
KVUE,Kenvue Inc. Common Stock,$18.25,0.11,0.606%,35040158191.00,United States,2023,11515835,Consumer Discretionary,Specialty Chemicals
L,Loews Corporation Common Stock,$108.28,0.16,0.148%,22280653568.00,United States,,810722,Finance,Property-Casualty Insurers
LAMR,Lamar Advertising Company Class A Common Stock,$154.48,0.13,0.084%,15675873602.00,United States,1996,528110,Real Estate,Real Estate Investment Trusts
LDOS,Leidos Holdings Inc. Common Stock,$114.60,-7.56,-6.189%,14415014404.00,United States,,2582825,Technology,EDP Services
LECO,Lincoln Electric Holdings Inc. Common Shares,$267.86,9.61,3.721%,14675275285.00,United States,,432978,Industrials,Industrial Machinery/Components
LEN,Lennar Corporation Class A Common Stock,$89.75,-0.55,-0.609%,22105272066.00,United States,,4188490,Consumer Discretionary,Homebuilding
LFUS,Littelfuse Inc. Common Stock,$476.90,4.76,1.008%,12060278318.00,United States,,314306,Energy,Electrical Products
LH,Labcorp Holdings Inc. Common Stock,$265.03,-1.13,-0.425%,21732460000.00,United States,,461729,Health Care,Medical Specialities
LHX,L3Harris Technologies Inc. Common Stock,$304.17,-3.62,-1.176%,56665335246.00,United States,,1405391,Industrials,Industrial Machinery/Components
LI,Li Auto Inc. American Depositary Shares,$14.38,0.08,0.559%,15361514133.00,China,2020,3690157,Industrials,Auto Manufacturing
LII,Lennox International Inc. Common Stock,$524.17,12.02,2.347%,18241099227.00,United States,1999,286056,Industrials,Industrial Machinery/Components
LITE,Lumentum Holdings Inc. Common Stock,$957.24,35.68,3.872%,74473272000.00,United States,,5255592,Telecommunications,Telecommunications Equipment
LMT,Lockheed Martin Corporation Common Stock,$530.36,-9.97,-1.845%,122281715139.00,United States,,1196890,Industrials,Military/Government/Technical
LNG,Cheniere Energy Inc. Common Stock,$235.25,-6.03,-2.499%,49297076947.00,United States,2001,2353022,Utilities,Oil/Gas Transmission
LNT,Alliant Energy Corporation Common Stock,$73.55,0.44,0.602%,18996276071.00,United States,,1551891,Utilities,Power Generation
LOGI,Logitech International S.A. Ordinary Shares,$110.90,0.09,0.081%,15918096377.00,United States,1997,685478,Technology,Computer peripheral equipment
LOW,Lowe's Companies Inc. Common Stock,$220.19,-0.59,-0.267%,123462083358.00,United States,,2860853,Consumer Discretionary,RETAIL: Building Materials
LPLA,LPL Financial Holdings Inc. Common Stock,$295.32,-0.34,-0.115%,23620538511.00,United States,2010,715925,Finance,Investment Bankers/Brokers/Service
LSCC,Lattice Semiconductor Corporation Common Stock,$148.97,4.44,3.072%,20410060457.00,United States,,1640113,Technology,Semiconductors
LTM,LATAM Airlines Group S.A. American Depositary Shares (each representing two thousand (2000) shares of Common Stock),$54.86,1.61,3.023%,15750744441.00,Chile,2024,1618734,Consumer Discretionary,Air Freight/Delivery Services
LULU,lululemon athletica inc. Common Stock,$116.21,-2.56,-2.155%,12601574983.00,Canada,2007,3341131,Consumer Discretionary,Apparel
LUV,Southwest Airlines Company Common Stock,$46.08,0.61,1.342%,22522692695.00,United States,,6763712,Consumer Discretionary,Air Freight/Delivery Services
LVS,Las Vegas Sands Corp. Common Stock,$49.74,-0.93,-1.835%,32959580546.00,United States,2004,6614716,Consumer Discretionary,Hotels/Resorts
LYB,LyondellBasell Industries NV Ordinary Shares Class A (Netherlands),$63.30,-1.28,-1.982%,20432276131.00,Netherlands,,5820072,Industrials,Major Chemicals
LYG,Lloyds Banking Group Plc American Depositary Shares,$5.49,-0.01,-0.182%,81367366388.00,United Kingdom,,31444323,Finance,Commercial Banks
LYV,Live Nation Entertainment Inc. Common Stock,$175.85,3.34,1.936%,41420951380.00,United States,,2574434,Consumer Discretionary,Services-Misc. Amusement & Recreation
MAA,Mid-America Apartment Communities Inc. Common Stock,$137.33,-1.60,-1.152%,15983124859.00,United States,1994,974317,Real Estate,Real Estate Investment Trusts
MAIR,Madison Air Solutions Corporation Class A Common Stock,$38.90,-0.12,-0.308%,19499324111.00,,2026,1407618,Industrials,Pollution Control Equipment
MAR,Marriott International Class A Common Stock,$400.63,-1.91,-0.474%,105641573032.00,United States,,1515629,Consumer Discretionary,Hotels/Resorts
MAS,Masco Corporation Common Stock,$74.33,0.30,0.405%,14994920702.00,United States,,1973493,Industrials,Industrial Specialties
MCHP,Microchip Technology Incorporated Common Stock,$100.32,5.08,5.334%,54381393470.00,United States,1993,11609328,Technology,Semiconductors
MCHPP,Microchip Technology Incorporated Depositary Shares Each Representing a 1/20th Interest in a Share of 7.50% Series A Mandatory Convertible Preferred Stock,$83.94,4.03,5.043%,45502134847.00,United States,,208398,Technology,Semiconductors
MCK,McKesson Corporation Common Stock,$779.78,-4.27,-0.545%,93732714889.00,United States,,824588,Health Care,Other Pharmaceuticals
MCO,Moody's Corporation Common Stock,$454.06,6.21,1.387%,79324282000.00,United States,,964745,Finance,Finance: Consumer Services
MDB,MongoDB Inc. Class A Common Stock,$354.18,11.38,3.32%,28487379905.00,United States,2017,1269666,Technology,Computer Software: Prepackaged Software
MDGL,Madrigal Pharmaceuticals Inc. Common Stock,$499.76,18.99,3.95%,11522296142.00,United States,2007,284644,Health Care,Biotechnology: Pharmaceutical Preparations
MDLN,Medline Inc. Class A Common Stock,$37.33,0.72,1.967%,49039979162.00,United States,2025,15056059,Health Care,Medical/Dental Instruments
MDLZ,Mondelez International Inc. Class A Common Stock,$61.50,-1.49,-2.365%,78944460609.00,United States,,10084505,Consumer Staples,Packaged Foods
MDT,Medtronic plc. Ordinary Shares,$80.38,0.18,0.224%,103198673406.00,United States,,6490863,Health Care,Biotechnology: Electromedical & Electrotherapeutic Apparatus
MEDP,Medpace Holdings Inc. Common Stock,$467.50,0.16,0.034%,13351654608.00,United States,2016,266024,Health Care,Biotechnology: Commercial Physical & Biological Resarch
MELI,MercadoLibre Inc. Common Stock,$1646.36,56.76,3.571%,83465812558.00,Argentina,2007,532095,Consumer Discretionary,Business Services
MET,MetLife Inc. Common Stock,$87.66,-1.18,-1.328%,56403668047.00,United States,2000,3159643,Finance,Life Insurance
MFC,Manulife Financial Corporation Common Stock,$40.74,0.43,1.067%,67990599540.00,Canada,,982925,Finance,Life Insurance
MFG,Mizuho Financial Group Inc. Sponosred ADR (Japan),$9.68,0.00,0.00%,121621776892.00,Japan,,3425306,Finance,Major Banks
MGA,Magna International Inc. Common Stock,$67.06,0.33,0.495%,18396204323.00,Canada,,1315864,Consumer Discretionary,Auto Parts:O.E.M.
MGM,MGM Resorts International Common Stock,$48.62,-0.35,-0.715%,12439487046.00,United States,,4959713,Consumer Discretionary,Hotels/Resorts
MICC,The Magnum Ice Cream Company N.V. Ordinary Shares,$17.82,-0.10,-0.558%,10910468549.00,,2025,1204900,Consumer Staples,Specialty Foods
MKC,McCormick & Company Incorporated Common Stock,$47.87,-1.08,-2.206%,12863864314.00,United States,,3799535,Consumer Staples,Packaged Foods
MKL,Markel Group Inc. Common Stock,$1854.05,8.05,0.436%,23201044026.00,United States,1986,101304,Finance,Property-Casualty Insurers
MKSI,MKS Inc. Common Stock,$375.32,19.63,5.519%,25350662496.00,United States,1999,914906,Industrials,Industrial Machinery/Components
MLI,Mueller Industries Inc. Common Stock,$137.75,-0.34,-0.246%,15231101941.00,United States,,594895,Industrials,Metal Fabrications
MLM,Martin Marietta Materials Inc. Common Stock,$588.89,11.56,2.002%,35484278329.00,United States,1994,572801,Industrials,Mining & Quarrying of Nonmetallic Minerals (No Fuels)
MMM,3M Company Common Stock,$158.23,-0.09,-0.057%,82527587708.00,United States,,4425191,Health Care,Medical/Dental Instruments
MNST,Monster Beverage Corporation,$93.23,0.40,0.431%,91179696095.00,United States,,4762146,Consumer Staples,Beverages (Production/Distribution)
MO,Altria Group Inc.,$69.59,-2.35,-3.267%,116207731044.00,United States,,11459181,Health Care, Medicinal Chemicals and Botanical Products 
MOD,Modine Manufacturing Company Common Stock,$285.72,11.22,4.087%,15090526090.00,United States,,1126164,Consumer Discretionary,Auto Parts:O.E.M.
MOH,Molina Healthcare Inc Common Stock,$201.87,1.59,0.794%,10517427000.00,United States,2003,879508,Health Care,Medical Specialities
MP,MP Materials Corp. Common Stock,$58.26,0.71,1.234%,10371573255.00,United States,2020,4792043,Basic Materials,Metal Mining
MPC,Marathon Petroleum Corporation Common Stock,$250.86,-12.72,-4.826%,73235224256.00,United States,,3455430,Energy,Integrated oil Companies
MPLX,MPLX LP Common Units Representing Limited Partner Interests,$55.67,-1.20,-2.11%,56490226137.00,United States,2012,2085887,Energy,Natural Gas Distribution
MPWR,Monolithic Power Systems Inc. Common Stock,$1652.29,74.97,4.753%,81177007700.00,United States,2004,761222,Technology,Semiconductors
MRNA,Moderna Inc. Common Stock,$52.13,2.22,4.448%,20684467682.00,United States,2018,6334446,Health Care,Biotechnology: Biological Products (No Diagnostic Substances)
MRSH,Marsh Common Stock,$166.19,-2.49,-1.476%,80069428121.00,United States,,2331568,Finance,Specialty Insurers
MSCI,MSCI Inc. Common Stock,$611.17,12.05,2.011%,44493176000.00,United States,,539538,Consumer Discretionary,Business Services
MSI,Motorola Solutions Inc. Common Stock,$411.72,-0.53,-0.129%,68343701021.00,United States,,1345349,Technology,Radio And Television Broadcasting And Communications Equipment
MSTR,Strategy Inc Common Stock Class A,$131.14,7.17,5.784%,45957733934.00,United States,1998,19874655,Technology,Computer Software: Prepackaged Software
MT,Arcelor Mittal NY Registry Shares NEW,$69.21,-1.60,-2.26%,52677517933.00,Luxembourg,,1584834,Industrials,Steel/Iron Ore
MTB,M&T Bank Corporation Common Stock,$225.94,-5.94,-2.562%,33087796856.00,United States,,1317885,Finance,Major Banks
MTD,Mettler-Toledo International Inc. Common Stock,$1154.47,22.98,2.031%,23329069126.00,Switzerland,1997,207049,Industrials,Biotechnology: Laboratory Analytical Instruments
MTSI,MACOM Technology Solutions Holdings Inc. Common Stock,$384.77,4.90,1.29%,29356324962.00,United States,2012,1444083,Technology,Semiconductors
MTZ,MasTec Inc. Common Stock,$371.85,8.88,2.446%,29383050049.00,United States,,944247,Industrials,Water Sewer Pipeline Comm & Power Line Construction
MUSA,Murphy USA Inc. Common Stock,$586.83,-35.70,-5.735%,10839152079.00,United States,2013,420346,Consumer Discretionary,Retail-Auto Dealers and Gas Stations
NBIS,Nebius Group N.V. Class A Ordinary Shares,$260.07,27.71,11.925%,66031303314.00,Netherlands,2011,16652077,Technology,Computer Software: Programming Data Processing
NBIX,Neurocrine Biosciences Inc. Common Stock,$159.51,-0.25,-0.156%,16038727788.00,United States,1996,1243791,Health Care,Biotechnology: Biological Products (No Diagnostic Substances)
NDAQ,Nasdaq Inc. Common Stock,$91.04,2.06,2.315%,51486834250.00,United States,,3288510,Finance,Investment Bankers/Brokers/Service
NDSN,Nordson Corporation Common Stock,$292.24,4.03,1.398%,16283013124.00,United States,,816034,Industrials,Industrial Machinery/Components
NEE,NextEra Energy Inc. Common Stock,$86.12,0.13,0.151%,179589606191.00,United States,,10281368,Technology,EDP Services
NEM,Newmont Corporation,$105.80,5.57,5.557%,112947082431.00,United States,,9212518,Basic Materials,Precious Metals
NET,Cloudflare Inc. Class A Common Stock,$235.71,7.23,3.164%,83315535916.00,United States,2019,3354923,Technology,Computer Software: Prepackaged Software
NGG,National Grid Transco PLC National Grid PLC (NEW) American Depositary Shares,$81.57,-0.27,-0.33%,80942643254.00,United Kingdom,,896225,Utilities,Natural Gas Distribution
NI,NiSource Inc Common Stock,$47.47,0.26,0.551%,22652471762.00,United States,,3521985,Utilities,Power Generation
NIO,NIO Inc. American depositary shares each  representing one Class A ordinary share,$5.20,-0.01,-0.192%,13029468514.00,United States,2018,22746919,Industrials,Auto Manufacturing
NKE,Nike Inc. Common Stock,$45.20,0.27,0.601%,66936093892.00,United States,,14332547,Consumer Discretionary,Shoe Manufacturing
NLY,Annaly Capital Management Inc. Common Stock,$22.24,0.24,1.091%,16290370901.00,United States,,7419723,Real Estate,Real Estate Investment Trusts
NMR,Nomura Holdings Inc ADR American Depositary Shares,$8.81,0.08,0.916%,26044218602.00,Japan,,1858632,Finance,Investment Bankers/Brokers/Service
NOC,Northrop Grumman Corporation Common Stock,$544.73,-5.60,-1.018%,77369895381.00,United States,,1073315,Industrials,Industrial Machinery/Components
NOK,Nokia Corporation Sponsored American Depositary Shares,$14.82,0.02,0.135%,85099992295.00,Finland,1994,130645257,Technology,Radio And Television Broadcasting And Communications Equipment
NOW,ServiceNow Inc. Common Stock,$104.15,2.00,1.958%,107378650000.00,United States,2012,22934044,Technology,Computer Software: Prepackaged Software
NRG,NRG Energy Inc. Common Stock,$130.40,4.93,3.929%,27512635688.00,United States,,1905439,Utilities,Electric Utilities: Central
NSC,Norfolk Southern Corporation Common Stock,$310.28,-3.63,-1.156%,69687026630.00,United States,,1002807,Industrials,Railroads
NTAP,NetApp Inc. Common Stock,$161.82,0.21,0.13%,31703762587.00,United States,1995,3001070,Technology,Electronic Components
NTES,NetEase Inc. American Depositary Shares,$125.93,0.11,0.087%,80359472263.00,China,,771623,Technology,Computer Software: Prepackaged Software
NTNX,Nutanix Inc. Class A Common Stock,$49.40,0.09,0.183%,13353833145.00,United States,2016,2250637,Technology,Computer Software: Prepackaged Software
NTR,Nutrien Ltd. Common Shares,$66.13,-1.49,-2.203%,31872162468.00,Canada,2004,3563822,Industrials,Agricultural Chemicals
NTRA,Natera Inc. Common Stock,$216.97,4.90,2.311%,31073441433.00,United States,2015,1017163,Health Care,Medical Specialities
NTRS,Northern Trust Corporation Common Stock,$172.72,-1.62,-0.929%,31961362402.00,United States,,894664,Finance,Major Banks
NU,Nu Holdings Ltd. Class A Ordinary Shares,$12.43,0.24,1.969%,60356023246.00,Cayman Islands,2021,63807714,Finance,Finance: Consumer Services
NUE,Nucor Corporation Common Stock,$259.32,-7.03,-2.639%,59057783154.00,United States,,2180225,Industrials,Steel/Iron Ore
NVMI,Nova Ltd. Ordinary Shares,$605.65,22.60,3.876%,19249356992.00,Israel,2000,555361,Technology,Electronic Components
NVO,Novo Nordisk A/S Common Stock,$43.92,0.04,0.091%,196102800000.00,Denmark,,10217837,Health Care,Biotechnology: Pharmaceutical Preparations
NVR,NVR Inc. Common Stock,$6335.00,-39.93,-0.626%,17100014820.00,United States,1998,22253,Consumer Discretionary,Homebuilding
NVT,nVent Electric plc Ordinary Shares ,$169.00,3.16,1.905%,27330756388.00,United Kingdom,2018,1615417,Industrials,Industrial Machinery/Components
NWG,NatWest Group plc American Depositary Shares (each representing two (2) Ordinary Shares),$16.48,-0.10,-0.603%,67790824086.00,United Kingdom,2022,7880763,Finance,Commercial Banks
NWS,News Corporation Class B Common Stock,$29.25,-0.01,-0.034%,16012817730.00,United States,,2276423,Consumer Discretionary,Newspapers/Magazines
NWSA,News Corporation Class A Common Stock,$25.70,0.02,0.078%,14069381732.00,United States,,7544915,Consumer Discretionary,Newspapers/Magazines
NXPI,NXP Semiconductors N.V. Common Stock,$315.88,11.02,3.615%,79750564435.00,Netherlands,2010,3543821,Technology,Semiconductors
NXT,Nextpower Inc. Class A Common Stock,$125.83,3.95,3.241%,18909036812.00,United States,2023,1987306,Industrials,Industrial Machinery/Components
NYT,New York Times Company (The) Common Stock,$73.80,0.42,0.572%,11945467186.00,United States,,1378581,Consumer Discretionary,Newspapers/Magazines
O,Realty Income Corporation Common Stock,$62.14,-0.58,-0.925%,57945085814.00,United States,,5319121,Real Estate,Real Estate Investment Trusts
ODFL,Old Dominion Freight Line Inc. Common Stock,$237.42,-8.33,-3.39%,49375829750.00,United States,1991,1980298,Industrials,Trucking Freight/Courier Services
OHI,Omega Healthcare Investors Inc. Common Stock,$45.21,-0.56,-1.224%,13463628420.00,United States,1992,3449694,Real Estate,Real Estate Investment Trusts
OKE,ONEOK Inc. Common Stock,$87.45,-3.14,-3.466%,55096372907.00,United States,,3943526,Utilities,Oil & Gas Production
OKLO,Oklo Inc. Class A common stock,$60.74,3.25,5.653%,10568212550.00,United States,2021,9595893,Utilities,Electric Utilities: Central
OKTA,Okta Inc. Class A Common Stock,$118.12,1.83,1.574%,20530125954.00,United States,2017,2851089,Technology,Computer Software: Prepackaged Software
OMC,Omnicom Group Inc. Common Stock,$76.51,-0.17,-0.222%,21805824056.00,United States,,3698692,Consumer Discretionary,Advertising
ON,ON Semiconductor Corporation Common Stock,$125.90,9.11,7.80%,49340611747.00,United States,,11008931,Technology,Semiconductors
ONC,BeOne Medicines Ltd. American Depositary Shares,$268.20,3.72,1.407%,29816873773.00,Cayman Islands,2016,351440,Health Care,Biotechnology: Pharmaceutical Preparations
ONON,On Holding AG Class A Ordinary Shares,$38.69,0.11,0.285%,24688670627.00,,2021,3332302,Consumer Discretionary,Shoe Manufacturing
ONTO,Onto Innovation Inc. Common Stock,$335.96,12.08,3.73%,16711848769.00,United States,,1511075,Industrials,Industrial Machinery/Components
ORLY,O'Reilly Automotive Inc. Common Stock,$90.26,-0.76,-0.835%,74799823031.00,United States,1993,5940023,Consumer Discretionary,Auto & Home Supply Stores
OTIS,Otis Worldwide Corporation Common Stock ,$71.81,1.06,1.498%,27554651418.00,United States,2020,4272707,Technology,Consumer Electronics/Appliances
OVV,Ovintiv Inc. (DE),$54.31,-3.14,-5.466%,15353437000.00,Canada,,3044598,Energy,Oil & Gas Production
OWL,Blue Owl Capital Inc. Class A Common Stock,$9.61,-0.07,-0.723%,14982473469.00,United States,2020,24654766,Finance,Investment Managers
OXY,Occidental Petroleum Corporation Common Stock,$54.46,-2.08,-3.679%,54167805816.00,United States,,10643085,Energy,Oil & Gas Production
P,Everpure Inc. Class A common stock,$74.70,2.39,3.305%,24830648420.00,United States,2015,2755097,Technology,Electronic Components
PAA,Plains All American Pipeline L.P. Common Units representing Limited Partner Interests,$21.94,-0.50,-2.228%,15479365125.00,United States,1998,3846311,Energy,Natural Gas Distribution
PAAS,Pan American Silver Corp. Common Stock,$50.97,2.83,5.879%,21479984542.00,Canada,,7277088,Basic Materials,Precious Metals
PAC,Grupo Aeroportuario Del Pacifico S.A. B. de C.V. Grupo Aeroportuario Del Pacifico S.A. de C.V. (each representing 10 Series B shares),$247.45,10.56,4.458%,12503090748.00,Mexico,2006,98828,Consumer Discretionary,Aerospace
PAG,Penske Automotive Group Inc. Common Stock,$180.07,-0.89,-0.492%,11839468348.00,United States,,247493,Consumer Discretionary,Retail-Auto Dealers and Gas Stations
PAYX,Paychex Inc. Common Stock,$100.90,0.27,0.268%,36151549893.00,United States,1983,3594256,Industrials,Diversified Commercial Services
PBA,Pembina Pipeline Corp. Ordinary Shares (Canada),$47.73,-0.62,-1.282%,27747590311.00,Canada,,1057459,Energy,Oil & Gas Production
PBR,Petroleo Brasileiro S.A. Petrobras ADS,$17.34,-1.04,-5.658%,111745313047.00,Brazil,,20989925,Energy,Oil & Gas Production
PCAR,PACCAR Inc. Common Stock,$120.69,2.17,1.831%,63517484978.00,United States,,2834033,Consumer Discretionary,Motor Vehicles
PCG,Pacific Gas & Electric Co. Common Stock,$16.58,-0.37,-2.183%,44433874712.00,United States,,21602962,Utilities,Power Generation
PDD,PDD Holdings Inc. American Depositary Shares,$83.55,1.99,2.44%,118924774400.00,China,2018,7565280,Technology,EDP Services
PEG,Public Service Enterprise Group Incorporated Common Stock,$80.15,0.45,0.565%,39940460370.00,United States,,2381128,Utilities,Power Generation
PEN,Penumbra Inc. Common Stock,$318.21,-0.50,-0.157%,12515652749.00,United States,2015,446399,Health Care,Medical/Dental Instruments
PEP,PepsiCo Inc. Common Stock,$146.25,1.98,1.372%,199889866069.00,United States,,8972751,Consumer Staples,Beverages (Production/Distribution)
PFE,Pfizer Inc. Common Stock,$26.00,-0.21,-0.801%,148185548394.00,United States,,34136446,Health Care,Biotechnology: Pharmaceutical Preparations
PFG,Principal Financial Group Inc Common Stock,$110.59,-0.525,-0.472%,23888809547.00,United States,2001,976908,Finance,Accident &Health Insurance
PFGC,Performance Food Group Company Common Stock,$104.10,0.03,0.029%,16353053489.00,United States,2015,1512353,Consumer Discretionary,Food Distributors
PGR,Progressive Corporation (The) Common Stock,$203.50,0.39,0.192%,118912470424.00,United States,,2565526,Finance,Property-Casualty Insurers
PH,Parker-Hannifin Corporation Common Stock,$918.86,15.38,1.702%,115855739397.00,United States,,784359,Industrials,Metal Fabrications
PHG,Koninklijke Philips N.V. NY Registry Shares,$26.69,0.23,0.869%,26233194965.00,Netherlands,,992909,Health Care,Medical Electronics
PHM,PulteGroup Inc. Common Stock,$122.84,-0.33,-0.268%,23399343603.00,United States,,1536751,Consumer Discretionary,Homebuilding
PINS,Pinterest Inc. Class A Common Stock,$21.33,1.12,5.542%,11948155785.00,United States,2019,15504541,Technology,Computer Software: Programming Data Processing
PKG,Packaging Corporation of America Common Stock,$229.96,1.73,0.758%,20489124864.00,United States,2000,669419,Consumer Discretionary,Containers/Packaging
PKX,POSCO HOLDINGS INC. American Depositary Shares (Each representing 1/4th of a share of Common Stock),$65.21,1.89,2.985%,21110551200.00,South Korea,1994,272496,Industrials,Steel/Iron Ore
PL,Planet Labs PBC Class A Common Stock,$30.58,-0.57,-1.83%,10898789245.00,United States,2021,14874717,Technology,Radio And Television Broadcasting And Communications Equipment
PLD,Prologis Inc. Common Stock,$148.50,-0.24,-0.161%,138452193000.00,United States,,4177573,Real Estate,Real Estate Investment Trusts
PNC,PNC Financial Services Group Inc. (The) Common Stock,$230.56,-7.10,-2.987%,92584741554.00,United States,,3834306,Finance,Major Banks
PNFP,Pinnacle Financial Partners Inc. Common stock,$96.08,-0.28,-0.291%,14518342497.00,United States,,1694839,Finance,Major Banks
PNR,Pentair plc. Ordinary Share,$74.21,0.41,0.556%,11992747198.00,Switzerland,,1590279,Industrials,Industrial Machinery/Components
PNW,Pinnacle West Capital Corporation Common Stock,$103.27,-0.17,-0.164%,12514998633.00,United States,,953784,Utilities,Electric Utilities: Central
PODD,Insulet Corporation Common Stock,$148.14,-1.56,-1.042%,10260868806.00,United States,2007,1041503,Health Care,Medical/Dental Instruments
POWL,Powell Industries Inc. Common Stock,$303.53,8.78,2.979%,11058098421.00,United States,,472559,Energy,Electrical Products
PPG,PPG Industries Inc. Common Stock,$121.53,2.19,1.835%,27089037000.00,United States,,1588505,Consumer Discretionary,Paints/Coatings
PPL,PPL Corporation Common Stock,$36.17,0.32,0.893%,27212512594.00,United States,,11139282,Utilities,Electric Utilities: Central
PPLC,PPL Corporation Corporate Units,$48.93,0.41,0.845%,36812503213.00,United States,,185168,Utilities,Electric Utilities: Central
PR,Permian Resources Corporation Class A Common Stock,$18.90,-0.61,-3.127%,15824745544.00,United States,2022,16642164,Energy,Oil & Gas Production
PRU,Prudential Financial Inc. Common Stock,$108.69,0.19,0.175%,37715430000.00,United States,2001,2198371,Finance,Life Insurance
PS,Pershing Square Inc. Common Stock,$35.14,1.59,4.739%,14056000000.00,,2026,284211,Finance,Investment Managers
PSA,Public Storage Common Stock,$320.98,-4.96,-1.522%,56346674193.00,United States,,1204927,Real Estate,Real Estate Investment Trusts
PSKY,Paramount Skydance Corporation Class B Common Stock,$10.49,0.07,0.672%,11740125378.00,United States,,10864226,Industrials,Broadcasting
PSX,Phillips 66 Common Stock,$173.26,-6.19,-3.449%,69466001565.00,United States,,3028267,Energy,Integrated oil Companies
PTC,PTC Inc. Common Stock,$114.85,1.17,1.029%,13265840096.00,United States,,2978809,Technology,Computer Software: Prepackaged Software
PUK,Prudential Public Limited Company Common Stock,$27.14,0.56,2.107%,34674592714.00,United Kingdom,,3037464,Finance,Life Insurance
PWR,Quanta Services Inc. Common Stock,$724.35,16.61,2.347%,108696068928.00,United States,,1095817,Industrials,Engineering & Construction
PYPL,PayPal Holdings Inc. Common Stock,$42.49,0.96,2.312%,37480662398.00,United States,,22540929,Industrials,Diversified Commercial Services
Q,Qnity Electronics Inc. Common Stock,$161.02,10.37,6.884%,33707799111.00,United States,2025,1630015,Technology,Semiconductors
QNT,Quantinuum Inc. Class A Common Stock,$57.91,2.65,4.796%,15112815380.00,United States,2026,3113324,Technology,EDP Services
QSR,Restaurant Brands International Inc. Common Shares,$75.65,0.80,1.069%,34521886031.00,Canada,2014,3329248,Consumer Discretionary,Restaurants
QXO,QXO Inc. Common Stock,$16.69,0.06,0.361%,12105346208.00,United States,,16044275,Consumer Discretionary,RETAIL: Building Materials
R,Ryder System Inc. Common Stock,$277.23,-3.10,-1.106%,10726310920.00,United States,,649599,Consumer Discretionary,Rental/Leasing Companies
RACE,Ferrari N.V. Common Shares,$369.06,14.15,3.987%,86339569718.00,Italy,2015,700124,Industrials,Auto Manufacturing
RBA,RB Global Inc. Common Stock,$110.41,2.78,2.583%,20527326175.00,Canada,,1526624,Consumer Discretionary,Business Services
RBC,RBC Bearings Incorporated Common Stock,$616.95,13.31,2.205%,19517434735.00,United States,2022,307061,Industrials,Metal Fabrications
RBLX,Roblox Corporation Class A Common Stock,$45.66,2.35,5.426%,32691589497.00,United States,2021,9502821,Technology,Computer Software: Prepackaged Software
RBRK,Rubrik Inc. Class A Common Stock,$69.79,1.60,2.346%,14364775621.00,United States,2024,3828234,Technology,Computer Software: Prepackaged Software
RCI,Rogers Communication Inc. Common Stock,$38.86,0.30,0.778%,20993115443.00,Canada,,905920,Telecommunications,Cable & Other Pay Television Services
RCL,Royal Caribbean Cruises Ltd. Common Stock,$313.67,19.29,6.553%,84124718749.00,United States,1993,3046945,Consumer Discretionary,Marine Transportation
RDDT,Reddit Inc. Class A Common Stock,$181.88,19.78,12.202%,35000104900.00,United States,2024,4830964,Technology,EDP Services
RDY,Dr. Reddy's Laboratories Ltd Common Stock,$13.33,0.03,0.226%,11125977410.00,India,,1018243,Health Care,Biotechnology: Pharmaceutical Preparations
REG,Regency Centers Corporation Common Stock,$79.26,-1.02,-1.271%,14512251575.00,United States,1993,2295044,Real Estate,Real Estate Investment Trusts
REGN,Regeneron Pharmaceuticals Inc. Common Stock,$614.98,2.84,0.464%,64473907899.00,United States,1991,815866,Health Care,Biotechnology: Pharmaceutical Preparations
RELX,RELX PLC PLC American Depositary Shares (Each representing One Ordinary Share),$32.84,-0.90,-2.667%,59899420936.00,United Kingdom,2015,2804792,Consumer Discretionary,Business Services
RF,Regions Financial Corporation Common Stock,$28.60,-0.67,-2.289%,24406654787.00,United States,,12012222,Finance,Major Banks
RGA,Reinsurance Group of America Incorporated Common Stock,$210.39,-0.06,-0.029%,13783314364.00,United States,,213787,Finance,Life Insurance
RGLD,Royal Gold Inc. Common Stock,$215.52,7.95,3.83%,18290450063.00,United States,,1038478,Industrials,Precious Metals
RIO,Rio Tinto Plc Common Stock,$105.89,0.54,0.513%,132998932149.00,Australia,2002,2995809,Basic Materials,Metal Mining
RIOT,Riot Platforms Inc. Common Stock ,$27.38,0.77,2.894%,10344552988.00,United States,,10711807,Finance,Finance: Consumer Services
RIVN,Rivian Automotive Inc. Class A Common Stock,$16.68,-0.08,-0.477%,21023768804.00,United States,2021,20149478,Industrials,Auto Manufacturing
RJF,Raymond James Financial Inc. Common Stock,$154.71,0.31,0.201%,30150354190.00,United States,,1512607,Finance,Investment Bankers/Brokers/Service
RKLB,Rocket Lab Corporation Common Stock,$109.25,6.86,6.70%,63241271644.00,United States,2020,28814645,Industrials,Military/Government/Technical
RKT,Rocket Companies Inc. Class A Common Stock,$13.91,0.84,6.427%,39357367433.00,United States,2020,42576540,Finance,Finance: Consumer Services
RL,Ralph Lauren Corporation Common Stock,$412.36,8.38,2.074%,24542160437.00,United States,1997,1191835,Industrials,Garments and Clothing
RMBS,Rambus Inc. Common Stock,$143.29,-3.27,-2.231%,15494946001.00,United States,1997,3075355,Technology,Semiconductors
RMD,ResMed Inc. Common Stock,$192.74,-2.04,-1.047%,27958167452.00,United States,,1523725,Health Care,Medical/Dental Instruments
RNR,RenaissanceRe Holdings Ltd. Common Stock,$297.38,-3.50,-1.163%,12678213733.00,Bermuda,,283458,Finance,Property-Casualty Insurers
ROIV,Roivant Sciences Ltd. Common Shares,$30.03,-0.01,-0.033%,21599689662.00,United Kingdom,,3993050,Health Care,Biotechnology: Pharmaceutical Preparations
ROK,Rockwell Automation Inc. Common Stock,$463.57,4.23,0.921%,51583266392.00,United States,,498273,Industrials,Industrial Machinery/Components
ROKU,Roku Inc. Class A Common Stock,$140.90,-2.76,-1.921%,20794527127.00,United States,2017,27119073,Telecommunications,Cable & Other Pay Television Services
ROL,Rollins Inc. Common Stock,$46.90,-0.29,-0.615%,22580645795.00,United States,,2396735,Consumer Discretionary,Diversified Commercial Services
ROP,Roper Technologies Inc. Common Stock,$332.45,-2.52,-0.752%,33549976000.00,United States,1992,1209846,Technology,Computer Software: Programming Data Processing
ROST,Ross Stores Inc. Common Stock,$236.77,-3.36,-1.399%,75951335365.00,United States,1985,2312293,Consumer Discretionary,Clothing/Shoe/Accessory Stores
RPM,RPM International Inc. Common Stock,$108.85,1.80,1.681%,13892147464.00,United States,,678304,Consumer Discretionary,Paints/Coatings
RPRX,Royalty Pharma plc Class A Ordinary Shares ,$54.27,-0.60,-1.093%,31250413711.00,United States,2020,1948837,Health Care,Biotechnology: Pharmaceutical Preparations
RRX,Regal Rexnord Corporation Common Stock,$218.85,6.54,3.08%,14568751051.00,United States,1976,1008954,Consumer Discretionary,Metal Fabrications
RS,Reliance Inc. Common Stock,$405.92,-7.51,-1.817%,20721616050.00,United States,1994,366915,Industrials,Metal Fabrications
RSG,Republic Services Inc. Common Stock,$208.09,-1.82,-0.867%,64021819864.00,United States,1998,1379025,Utilities,Environmental Services
RVMD,Revolution Medicines Inc. Common Stock,$160.06,6.19,4.023%,34028189708.00,United States,2020,2131560,Health Care,Biotechnology: Biological Products (No Diagnostic Substances)
RVTY,Revvity Inc. Common Stock,$100.55,0.89,0.893%,11217335175.00,United States,,942466,Industrials,Biotechnology: Laboratory Analytical Instruments
RYAAY,Ryanair Holdings plc American Depositary Shares,$61.87,1.54,2.553%,32558084525.00,Ireland,1997,1287258,Consumer Discretionary,Air Freight/Delivery Services
SAIA,Saia Inc. Common Stock,$474.19,-8.68,-1.798%,12647222967.00,United States,,694698,Industrials,Trucking Freight/Courier Services
SAN,Banco Santander S.A. Sponsored ADR (Spain),$13.14,0.27,2.098%,193410595949.00,Spain,,8149918,Finance,Commercial Banks
SANM,Sanmina Corporation Common Stock,$259.82,4.62,1.81%,13925763508.00,United States,1993,601023,Technology,Electrical Products
SATS,EchoStar  Corporation Common Stock,$117.865,3.785,3.318%,34158866763.00,United States,,17711307,Consumer Discretionary,Telecommunications Equipment
SBAC,SBA Communications Corporation Class A Common Stock,$195.82,-8.97,-4.38%,20769259989.00,United States,1999,2653681,Real Estate,Real Estate Investment Trusts
SBS,Companhia de saneamento Basico Do Estado De Sao Paulo - Sabesp American Depositary Shares (Each repstg 250 Common Shares),$5.57,0.11,2.015%,19631654519.00,Brazil,2002,7447473,Utilities,Water Supply
SBUX,Starbucks Corporation Common Stock,$101.59,-1.45,-1.407%,115782123000.00,United States,1992,7053809,Consumer Discretionary,Restaurants
SCCO,Southern Copper Corporation Common Stock,$193.22,3.43,1.807%,159612287222.00,United States,,1767618,Basic Materials,Metal Mining
SCHW,Charles Schwab Corporation (The) Common Stock,$90.95,-0.15,-0.165%,158174374362.00,United States,,11479336,Finance,Investment Bankers/Brokers/Service
SCI,Service Corporation International Common Stock,$73.96,-2.96,-3.848%,10204335012.00,United States,,1711943,Consumer Discretionary,Other Consumer Services
SE,Sea Limited American Depositary Shares each representing one Class A Ordinary Share,$86.66,3.72,4.485%,53077908677.00,United States,2017,3896336,Consumer Discretionary,Other Consumer Services
SEIC,SEI Investments Company Common Stock,$89.57,0.17,0.19%,10772850460.00,United States,1981,551075,Finance,Investment Bankers/Brokers/Service
SF,Stifel Financial Corporation Common Stock,$73.18,0.52,0.716%,11225941455.00,United States,,1137805,Finance,Investment Bankers/Brokers/Service
SFD,Smithfield Foods Inc. Common Stock,$25.93,-0.84,-3.138%,10202865430.00,United States,2025,1381440,Consumer Staples,Meat/Poultry/Fish
SGI,Somnigroup International Inc. Common Stock,$74.26,2.01,2.782%,15619894738.00,United States,,4399562,Consumer Discretionary,Home Furnishings
SHG,Shinhan Financial Group Co Ltd American Depositary Shares,$69.75,2.45,3.64%,33281728580.00,South Korea,,399702,Finance,Major Banks
SHOP,Shopify Inc. Class A Subordinate Voting Shares,$112.49,4.25,3.926%,145765782202.00,Canada,,6824952,Technology,Computer Software: Prepackaged Software
SHW,Sherwin-Williams Company (The) Common Stock,$320.24,2.94,0.927%,78982591269.00,United States,,2678840,Consumer Discretionary,RETAIL: Building Materials
SITM,SiTime Corporation Common Stock,$742.46,12.57,1.722%,19598588917.00,United States,2019,582608,Technology,Semiconductors
SJM,The J.M. Smucker Company Common Stock,$115.94,-0.55,-0.472%,12366407700.00,United States,,1190473,Consumer Staples,Packaged Foods
SKM,SK Telecom Co. Ltd. Common Stock,$38.52,0.20,0.522%,14775501600.00,South Korea,,2387232,Telecommunications,Telecommunications Equipment
SLB,SLB Limited Common Shares,$53.71,-2.47,-4.397%,80299546972.00,France,,15239858,Energy,Oilfield Services/Equipment
SLF,Sun Life Financial Inc. Common Stock,$76.60,-0.04,-0.052%,42437398021.00,Canada,,304836,Finance,Life Insurance
SLMBP,SLM Corporation Floating Rate Non-Cumulative Preferred Stock Series B,$74.99,0.38,0.509%,14142588695.00,United States,,1284,Finance,Finance: Consumer Services
SMCI,Super Micro Computer Inc. Common Stock,$30.85,0.39,1.28%,18553760170.00,United States,2020,61464997,Technology,Computer Manufacturing
SMFG,Sumitomo Mitsui Financial Group Inc Unsponsored American Depositary Shares (Japan),$24.30,-0.10,-0.41%,157320041041.00,Japan,,1780705,Finance,Commercial Banks
SMMT,Summit Therapeutics Inc. Common Stock ,$14.13,0.12,0.857%,10967178174.00,United States,2015,8525288,Health Care,Biotechnology: Pharmaceutical Preparations
SMTC,Semtech Corporation Common Stock,$174.30,7.59,4.553%,16236248582.00,United States,,2888663,Technology,Semiconductors
SN,SharkNinja Inc. Ordinary Shares,$133.09,-0.71,-0.531%,18834947241.00,United States,2023,1338642,Consumer Discretionary,Consumer Electronics/Appliances
SNA,Snap-On Incorporated Common Stock,$386.63,-0.85,-0.219%,20028174783.00,United States,,306999,Consumer Discretionary,Industrial Machinery/Components
SNEX,StoneX Group Inc. Common Stock,$135.73,5.04,3.856%,10756805552.00,United States,,2272464,Finance,Investment Bankers/Brokers/Service
SNN,Smith & Nephew SNATS Inc. Common Stock,$30.46,-0.11,-0.36%,12941296825.00,United Kingdom,,682425,Health Care,Industrial Specialties
SNOW,Snowflake Inc. Common Stock,$240.78,8.00,3.437%,83454348000.00,United States,2020,5905051,Technology,Computer Software: Prepackaged Software
SNPS,Synopsys Inc. Common Stock,$454.38,0.49,0.108%,87004375694.00,United States,1992,2357538,Technology,Computer Software: Prepackaged Software
SNX,TD SYNNEX Corporation Common Stock,$284.65,4.00,1.425%,22883324622.00,United States,2003,626666,Technology,Retail: Computer Software & Peripheral Equipment
SNY,Sanofi ADS,$43.80,-0.45,-1.017%,106821813610.00,France,,1848666,Health Care,Biotechnology: Pharmaceutical Preparations
SO,Southern Company (The) Common Stock,$93.82,-0.18,-0.191%,105858965982.00,United States,,6925408,Utilities,Electric Utilities: Central
SOFI,SoFi Technologies Inc. Common Stock  ,$17.13,0.55,3.317%,21973356756.00,United States,,76442954,Finance,Finance: Consumer Services
SOJC,Southern Company (The) Series 2017B 5.25% Junior Subordinated Notes due December 1 2077,$20.93,0.03,0.144%,23023992229.00,United States,2017,14914,Utilities,Electric Utilities: Central
SOJD,Southern Company (The) Series 2020A 4.95% Junior Subordinated Notes due January 30 2080,$19.61,0.03,0.153%,21571929651.00,United States,2020,39207,Utilities,Electric Utilities: Central
SOJE,Southern Company (The) Series 2020C 4.20% Junior Subordinated Notes due October 15 2060,$16.96,0.05,0.296%,18563834900.00,United States,2020,41614,Basic Materials,Metal Mining
SOLS,Solstice Advanced Materials Inc. Common Stock ,$86.66,3.60,4.334%,13761978298.00,United States,,1280045,Industrials,Aerospace
SOLV,Solventum Corporation Common Stock,$76.90,-1.97,-2.498%,13317135353.00,United States,2024,1400234,Health Care,Medical/Dental Instruments
SOMN,Southern Company (The) 2025 Series A Corporate Units,$49.35,0.15,0.305%,55682583364.00,United States,,2283533,Basic Materials,Metal Mining
SONY,Sony Group Corporation American Depositary Shares ,$20.40,-0.13,-0.633%,122910046818.00,Japan,,6013716,Consumer Staples,Consumer Electronics/Appliances
SPG,Simon Property Group Inc. Common Stock,$215.66,-3.38,-1.543%,69936362422.00,United States,,2222243,Real Estate,Real Estate Investment Trusts
SPGI,S&P Global Inc. Common Stock,$424.07,5.16,1.232%,125524720000.00,United States,,1649519,Finance,Finance: Consumer Services
SPOT,Spotify Technology S.A. Ordinary Shares,$479.85,-2.15,-0.446%,98768738081.00,Luxembourg,2018,1775706,Consumer Discretionary,Broadcasting
SPXC,SPX Technologies Inc. Common Stock,$237.06,7.01,3.047%,11894905096.00,United States,,560379,Industrials,Industrial Machinery/Components
SQM,Sociedad Quimica y Minera S.A. Common Stock,$83.27,-0.85,-1.01%,23785060272.00,Chile,1993,1749634,Industrials,Mining & Quarrying of Nonmetallic Minerals (No Fuels)
SRE,DBA Sempra Common Stock,$91.93,-0.36,-0.39%,60095321374.00,United States,,4876781,Utilities,Natural Gas Distribution
SREA,DBA Sempra 5.750% Junior Subordinated Notes due 2079,$20.95,-0.38,-1.782%,13264406081.00,United States,2019,50306,Utilities,Natural Gas Distribution
SSNC,SS&C Technologies Holdings Inc. Common Stock,$67.42,-0.26,-0.384%,16237030909.00,United States,2010,1938105,Technology,Computer Software: Prepackaged Software
STE,STERIS plc (Ireland) Ordinary Shares,$205.93,-1.63,-0.785%,20099279736.00,United States,,676310,Health Care,Industrial Specialties
STLA,Stellantis N.V. Common Shares,$7.04,0.17,2.475%,20398281700.00,United Kingdom,2014,21939304,Industrials,Auto Manufacturing
STLD,Steel Dynamics Inc.,$272.19,-10.57,-3.738%,39253276860.00,United States,1996,1613627,Industrials,Steel/Iron Ore
STM,STMicroelectronics N.V. Common Stock,$78.95,1.65,2.135%,70168245600.00,Switzerland,,10445455,Technology,Semiconductors
STRC,Strategy Inc Variable Rate Series A Perpetual Stretch Preferred Stock,$95.20,1.3583,1.447%,33362637414.00,United States,,2892542,Technology,Computer Software: Prepackaged Software
STRD,Strategy Inc 10.00% Series A Perpetual Stride Preferred Stock,$68.23,-0.77,-1.116%,23911058307.00,United States,,147319,Technology,Computer Software: Prepackaged Software
STRF,Strategy Inc 10.00% Series A Perpetual Strife Preferred Stock,$94.55,1.78,1.919%,33134846298.00,United States,,103160,Technology,Computer Software: Prepackaged Software
STRK,Strategy Inc 8.00% Series A Perpetual Strike Preferred Stock,$68.16,0.585,0.866%,23886526956.00,United States,,118809,Technology,Computer Software: Prepackaged Software
STRL,Sterling Infrastructure Inc. Common Stock,$866.67,7.68,0.894%,26594595753.00,United States,,546245,Industrials,Military/Government/Technical
STT,State Street Corporation Common Stock,$167.37,-0.26,-0.155%,46322498313.00,United States,,2372829,Finance,Major Banks
STZ,Constellation Brands Inc. Common Stock,$148.13,-0.38,-0.256%,25507758917.00,United States,,1669780,Consumer Staples,Beverages (Production/Distribution)
SU,Suncor Energy  Inc. Common Stock,$59.65,-1.95,-3.166%,70431450524.00,Canada,,6498096,Energy,Integrated oil Companies
SUI,Sun Communities Inc. Common Stock,$124.41,-2.54,-2.001%,15331138478.00,United States,1993,962637,Real Estate,Real Estate Investment Trusts
SUN,Sunoco LP Common Units representing limited partner interests,$64.91,-0.41,-0.628%,13295043534.00,United States,2012,437592,Energy,Integrated oil Companies
SUNB,Sunbelt Rentals Holdings Inc. Common Stock,$83.62,1.25,1.518%,34560129527.00,,2026,3519114,Consumer Discretionary,Diversified Commercial Services
SUZ,Suzano S.A. American Depositary Shares (each representing One Ordinary Share),$8.45,0.22,2.673%,10681793847.00,Brazil,2018,3819173,Basic Materials,Paper
SW,Smurfit WestRock plc Ordinary Shares,$44.51,1.19,2.747%,23343896112.00,Ireland,2024,7652256,Consumer Discretionary,Containers/Packaging
SWK,Stanley Black & Decker Inc. Common Stock,$84.80,1.18,1.411%,13182631827.00,United States,,1428906,Consumer Discretionary,Industrial Machinery/Components
SWKS,Skyworks Solutions Inc. Common Stock,$76.26,2.29,3.096%,11469958738.00,United States,,4384178,Technology,Semiconductors
SYF,Synchrony Financial Common Stock,$74.61,1.25,1.704%,25096583756.00,United States,2014,3147493,Finance,Finance: Consumer Services
SYK,Stryker Corporation Common Stock,$307.94,-4.26,-1.365%,118052113050.00,United States,,2444331,Health Care,Medical/Dental Instruments
SYM,Symbotic Inc. Class A Common Stock,$41.72,0.09,0.216%,25144928322.00,United States,2021,2285412,Industrials,Industrial Machinery/Components
SYY,Sysco Corporation Common Stock,$79.69,0.50,0.631%,38106372032.00,United States,,4565205,Consumer Discretionary,Food Distributors
T,AT&T Inc.,$23.29,-0.29,-1.23%,161826811467.00,United States,,48273020,Telecommunications,Telecommunications Equipment
TAK,Takeda Pharmaceutical Company Limited American Depositary Shares (each representing 1/2 of a share of Common Stock),$15.77,-0.14,-0.88%,49632909835.00,Japan,2018,2101013,Health Care,Biotechnology: Pharmaceutical Preparations
TBB,AT&T Inc. 5.350% Global Notes due 2066,$20.76,0.13,0.63%,148442002565.00,United States,2017,76681,Telecommunications,Telecommunications Equipment
TCOM,Trip.com Group Limited American Depositary Shares,$47.40,0.93,2.001%,29848027523.00,China,2003,2177175,Consumer Discretionary,Business Services
TD,Toronto Dominion Bank (The) Common Stock,$117.34,0.01,0.009%,193894962800.00,Canada,,2357041,Finance,Commercial Banks
TDG,Transdigm Group Incorporated Common Stock,$1277.35,21.30,1.696%,71446762245.00,United States,2006,345993,Industrials,Military/Government/Technical
TDY,Teledyne Technologies Incorporated Common Stock,$628.34,2.32,0.371%,29110450571.00,United States,,245064,Industrials,Industrial Machinery/Components
TEAM,Atlassian Corporation Class A Common Stock,$91.55,3.03,3.423%,23232447766.00,Australia,2015,3203586,Technology,Computer Software: Prepackaged Software
TECK,Teck Resources Ltd Ordinary Shares,$66.16,1.32,2.036%,32388153633.00,Canada,,2779922,Industrials,Mining & Quarrying of Nonmetallic Minerals (No Fuels)
TEL,TE Connectivity plc Ordinary Shares,$216.14,5.76,2.738%,63090357996.00,Ireland,,2148851,Technology,Electronic Components
TER,Teradyne Inc. Common Stock,$432.41,29.21,7.245%,67690396270.00,United States,,4552837,Industrials,Electrical Products
TEVA,Teva Pharmaceutical Industries Limited American Depositary Shares,$33.69,-0.94,-2.714%,39229544687.00,Israel,,5241586,Health Care,Biotechnology: Pharmaceutical Preparations
TFC,Truist Financial Corporation Common Stock,$48.48,-3.18,-6.156%,60400227252.00,United States,,22996610,Finance,Major Banks
TFII,TFI International Inc. Common Shares,$155.70,-4.70,-2.93%,12796987827.00,Canada,,708227,Industrials,Trucking Freight/Courier Services
TGT,Target Corporation Common Stock,$133.17,-2.06,-1.523%,60484630385.00,United States,,7285240,Consumer Discretionary,Department/Specialty Retail Stores
THC,Tenet Healthcare Corporation Common Stock,$179.11,4.45,2.548%,15427998070.00,United States,,1492695,Health Care,Hospital/Nursing Management
TIGO,Millicom International Cellular S.A. Common Stock,$89.45,-4.32,-4.607%,14986527154.00,Luxembourg,,1945709,Telecommunications,Telecommunications Equipment
TIMB,TIM S.A. American Depositary Shares (Each representing 5 Common Shares) ,$22.05,-0.24,-1.077%,10549275175.00,Brazil,2020,231592,Telecommunications,Telecommunications Equipment
TJX,TJX Companies Inc. (The) Common Stock,$167.33,-1.08,-0.641%,184850194949.00,United States,,5819336,Consumer Discretionary,Clothing/Shoe/Accessory Stores
TKO,TKO Group Holdings Inc. Class A Common Stock,$201.19,-2.17,-1.067%,38452697883.00,United States,2023,2219785,Consumer Discretionary,Services-Misc. Amusement & Recreation
TLK,PT Telekomunikasi Indonesia Tbk,$16.09,0.23,1.45%,15939110651.00,Indonesia,,1017857,Telecommunications,Telecommunications Equipment
TLN,Talen Energy Corporation Common Stock,$386.21,25.67,7.12%,17532005653.00,United States,,1011840,Utilities,Electric Utilities: Central
TME,Tencent Music Entertainment Group American Depositary Shares each representing two Class A Ordinary Shares,$9.23,0.01,0.108%,14527138535.00,United States,2018,10943427,Consumer Discretionary,Broadcasting
TMO,Thermo Fisher Scientific Inc Common Stock,$473.72,4.38,0.933%,176044520400.00,United States,,1873635,Industrials,Industrial Machinery/Components
TOL,Toll Brothers Inc. Common Stock,$148.71,1.61,1.094%,13900072410.00,United States,,1148420,Consumer Discretionary,Homebuilding
TOST,Toast Inc. Class A Common Stock,$25.05,0.23,0.927%,14529000000.00,United States,2021,9827581,Technology,EDP Services
TPG,TPG Inc. Class A Common Stock,$43.49,0.48,1.116%,16713743841.00,United States,2022,1530611,Finance,Investment Managers
TPL,Texas Pacific Land Corporation Common Stock,$362.78,-16.13,-4.257%,25022543353.00,United States,,440605,Energy,Oil & Gas Production
TPR,Tapestry Inc. Common Stock,$150.99,3.57,2.422%,30506731367.00,United States,,3558586,Consumer Discretionary,Apparel
TRGP,Targa Resources Inc. Common Stock,$262.33,-10.27,-3.767%,56307535074.00,United States,2010,1262123,Utilities,Natural Gas Distribution
TRI,Thomson Reuters Corporation Common Shares,$80.47,-0.94,-1.155%,35101453447.00,United States,,1642392,Consumer Discretionary,Publishing
TRMB,Trimble Inc. Common Stock,$50.21,-0.21,-0.417%,11704529369.00,United States,1990,3107828,Industrials,Industrial Machinery/Components
TROW,T. Rowe Price Group Inc. Common Stock,$108.61,0.27,0.249%,23271496078.00,United States,1986,2013070,Finance,Investment Bankers/Brokers/Service
TRP,TC Energy Corporation Common Stock,$69.07,-0.32,-0.461%,71954839507.00,Canada,,2478572,Utilities,Natural Gas Distribution
TRU,TransUnion Common Stock,$67.31,1.18,1.784%,12977368000.00,United States,2015,2791656,Finance,Finance: Consumer Services
TRV,The Travelers Companies Inc. Common Stock,$306.47,2.01,0.66%,65169219064.00,United States,,2082773,Finance,Property-Casualty Insurers
TS,Tenaris S.A. American Depositary Shares,$61.65,-1.27,-2.018%,33044243717.00,Luxembourg,,913544,Industrials,Steel/Iron Ore
TSCO,Tractor Supply Company Common Stock,$30.88,-0.37,-1.184%,16195004142.00,United States,1994,13745174,Consumer Discretionary,RETAIL: Building Materials
TSEM,Tower Semiconductor Ltd. Ordinary Shares,$286.86,23.94,9.105%,32364963436.00,Israel,1994,2165223,Technology,Semiconductors
TSN,Tyson Foods Inc. Common Stock,$57.30,-0.13,-0.226%,20177014735.00,United States,,3563957,Consumer Staples,Meat/Poultry/Fish
TT,Trane Technologies plc,$472.54,14.29,3.118%,104457555102.00,Ireland,,1334704,Industrials,Auto Parts:O.E.M.
TTE,TotalEnergies SE Ordinary Shares,$84.07,-3.95,-4.488%,183429121862.00,France,,2090864,Energy,Oil & Gas Production
TTMI,TTM Technologies Inc. Common Stock,$206.66,12.61,6.498%,21461653193.00,United States,2000,2311627,Technology,Electrical Products
TTWO,Take-Two Interactive Software Inc. Common Stock,$216.23,4.48,2.116%,40146702540.00,United States,1997,1631479,Consumer Discretionary,Services-Misc. Amusement & Recreation
TU,Telus Corporation Ordinary Shares,$11.79,-0.09,-0.758%,18408539213.00,Canada,,5533999,Telecommunications,Telecommunications Equipment
TW,Tradeweb Markets Inc. Class A Common Stock,$101.73,0.54,0.534%,24010927116.00,United States,2019,1087392,Finance,Investment Bankers/Brokers/Service
TWLO,Twilio Inc. Class A Common Stock,$202.00,-2.08,-1.019%,30658319720.00,United States,2016,1813767,Technology,Computer Software: Prepackaged Software
TXRH,Texas Roadhouse Inc. Common Stock,$167.54,-0.32,-0.191%,11012339697.00,United States,2004,1570444,Consumer Discretionary,Restaurants
TXT,Textron Inc. Common Stock,$93.75,0.93,1.002%,16302091969.00,United States,,1867966,Industrials,Aerospace
TYL,Tyler Technologies Inc. Common Stock,$289.84,-9.00,-3.012%,12221815157.00,United States,,782823,Technology,Computer Software: Prepackaged Software
U,Unity Software Inc. Common Stock,$28.49,1.25,4.589%,12436882065.00,United States,2020,6367080,Technology,Computer Software: Prepackaged Software
UAL,United Airlines Holdings Inc. Common Stock,$119.97,4.45,3.852%,38938750238.00,United States,,7736406,Consumer Discretionary,Air Freight/Delivery Services
UBER,Uber Technologies Inc. Common Stock,$72.85,4.00,5.81%,148293388097.00,United States,2019,24717819,Consumer Discretionary,Business Services
UBS,UBS Group AG Registered Ordinary Shares,$49.55,0.58,1.184%,153193694914.00,Switzerland,2014,2226096,Finance,Major Banks
UDR,UDR Inc. Common Stock,$38.90,-0.50,-1.269%,12639218902.00,United States,,4220312,Real Estate,Real Estate Investment Trusts
UI,Ubiquiti Inc. Common Stock,$574.74,-13.99,-2.376%,34784463133.00,United States,,101789,Technology,Radio And Television Broadcasting And Communications Equipment
UL,Unilever PLC American Depositary Shares (each representing One Ordinary Share),$58.69,-0.23,-0.39%,131033078176.00,United Kingdom,2025,4533935,Consumer Discretionary,Package Goods/Cosmetics
ULS,UL Solutions Inc. Class A Common Stock,$96.99,0.06,0.062%,19549606524.00,United States,2024,1300318,Health Care,Precision Instruments
ULTA,Ulta Beauty Inc. Common Stock,$471.65,3.91,0.836%,20275908533.00,United States,2007,812146,Consumer Discretionary,Other Specialty Stores
UMBF,UMB Financial Corporation Common Stock,$134.23,-1.14,-0.842%,10198624525.00,United States,,480214,Finance,Major Banks
UMC,United Microelectronics Corporation (NEW) Common Stock,$23.08,1.45,6.704%,58106929689.00,Taiwan,,15905208,Technology,Semiconductors
UNM,Unum Group Common Stock,$91.82,-0.91,-0.981%,14670653898.00,United States,,1291924,Finance,Accident &Health Insurance
UNP,Union Pacific Corporation Common Stock,$267.32,-5.38,-1.973%,158711416099.00,United States,,2552622,Industrials,Railroads
UPS,United Parcel Service Inc. Common Stock,$108.83,0.73,0.675%,92506183344.00,United States,1999,4888572,Industrials,Trucking Freight/Courier Services
URI,United Rentals Inc. Common Stock,$1084.01,9.77,0.909%,67909494254.00,United States,1997,671221,Consumer Discretionary,Diversified Commercial Services
USB,U.S. Bancorp Common Stock,$57.79,-1.15,-1.951%,89639871643.00,United States,,9352638,Finance,Major Banks
USFD,US Foods Holding Corp. Common Stock,$93.44,0.12,0.129%,20577511537.00,United States,2016,2819286,Consumer Discretionary,Food Distributors
UTHR,United Therapeutics Corporation Common Stock,$549.57,3.61,0.661%,23327451055.00,United States,1999,352172,Health Care,Biotechnology: Pharmaceutical Preparations
VALE,VALE S.A.  American Depositary Shares Each Representing one common share,$16.00,0.29,1.846%,68312229648.00,Brazil,,33555867,Basic Materials,Metal Mining
VEEV,Veeva Systems Inc. Class A Common Stock,$162.17,2.63,1.648%,26343428501.00,United States,2013,2285453,Technology,Computer Software: Prepackaged Software
VG,Venture Global Inc. Class A common stock,$11.70,-1.38,-10.55%,29066988951.00,United States,2025,25367712,Utilities,Oil/Gas Transmission
VIAV,Viavi Solutions Inc. Common Stock,$54.05,0.59,1.104%,12642720374.00,United States,,6473704,Technology,Semiconductors
VICI,VICI Properties Inc. Common Stock,$27.99,-0.53,-1.858%,29922154934.00,United States,2018,10359215,Real Estate,Real Estate Investment Trusts
VICR,Vicor Corporation Common Stock,$322.41,18.64,6.136%,14695901431.00,United States,,673403,Technology,Industrial Machinery/Components
VIK,Viking Holdings Ltd Ordinary Shares,$94.83,2.58,2.797%,42273890078.00,United States,2024,3296109,Consumer Discretionary,Marine Transportation
VIV,Telefonica Brasil S.A. American Depositary Shares (Each representing One Common Share),$13.21,-0.15,-1.123%,42213959910.00,Brazil,2020,867675,Telecommunications,Telecommunications Equipment
VLO,Valero Energy Corporation Common Stock,$247.16,-11.51,-4.45%,73389906399.00,United States,,4346910,Energy,Integrated oil Companies
VLTO,Veralto Corp Common Stock ,$82.68,-0.68,-0.816%,20306147313.00,United States,2023,1629592,Industrials,Electrical Products
VLYPN,Valley National Bancorp 8.250% Fixed-Rate Reset Non-Cumulative Perpetual Preferred Stock Series C,$25.54,0.1056,0.415%,14152517948.00,United States,,7158,Finance,Major Banks
VLYPO,Valley National Bancorp 5.50% Fixed-to-Floating Rate Non-Cumulative Perpetual Preferred Stock Series B,$24.73,0.2017,0.822%,13703671451.00,United States,,4373,Finance,Major Banks
VLYPP,Valley National Bancorp 6.25% Fixed-to-Floating Rate Non-Cumulative Perpetual Preferred Stock Series A,$24.69,0.1691,0.69%,13681506192.00,United States,,9075,Finance,Major Banks
VMC,Vulcan Materials Company (Holding Company) Common Stock,$292.99,6.52,2.276%,38016883756.00,United States,,1178443,Industrials,Mining & Quarrying of Nonmetallic Minerals (No Fuels)
VMI,Valmont Industries Inc. Common Stock,$540.62,-6.19,-1.132%,10495408004.00,United States,,248925,Industrials,Metal Fabrications
VNOM,Viper Energy Inc. Class A Common Stock,$43.69,-0.69,-1.555%,15685826804.00,United States,2014,1714914,Energy,Oil & Gas Production
VOD,Vodafone Group Plc American Depositary Shares,$15.00,-0.53,-3.413%,35638512570.00,United Kingdom,,2473337,Telecommunications,Telecommunications Equipment
VRSK,Verisk Analytics Inc. Common Stock,$180.46,-2.84,-1.549%,23644201246.00,United States,2009,2811062,Industrials,Diversified Commercial Services
VRSN,VeriSign Inc. Common Stock,$272.96,-6.93,-2.476%,24839360000.00,United States,1998,778091,Technology,EDP Services
VRT,Vertiv Holdings LLC Class A Common Stock,$311.93,9.06,2.991%,119815062975.00,United States,2018,5336477,Technology,Industrial Machinery/Components
VRTX,Vertex Pharmaceuticals Incorporated Common Stock,$450.46,5.535,1.244%,114329188142.00,United States,1991,1482888,Health Care,Biotechnology: Pharmaceutical Preparations
VST,Vistra Corp. Common Stock,$153.52,5.50,3.716%,51764252487.00,United States,,4452127,Utilities,Electric Utilities: Central
VTR,Ventas Inc. Common Stock,$83.46,-1.14,-1.348%,40575725082.00,United States,,4183606,Real Estate,Real Estate Investment Trusts
VTRS,Viatris Inc. Common Stock,$16.32,-0.16,-0.971%,19005499313.00,United States,,10845421,Health Care,Biotechnology: Pharmaceutical Preparations
VZ,Verizon Communications Inc. Common Stock,$47.07,-1.04,-2.162%,196543557894.00,United States,,24196223,Telecommunications,Telecommunications Equipment
W,Wayfair Inc. Class A Common Stock,$82.99,5.40,6.96%,10954389452.00,United States,2014,4586155,Consumer Discretionary,Catalog/Specialty Distribution
WAB,Westinghouse Air Brake Technologies Corporation Common Stock,$268.89,3.69,1.391%,45624541566.00,United States,,695467,Industrials,Railroads
WAT,Waters Corporation Common Stock,$357.76,2.23,0.627%,35126971485.00,United States,1995,653391,Industrials,Biotechnology: Laboratory Analytical Instruments
WBD,Warner Bros. Discovery Inc. Series A Common Stock ,$26.83,-0.15,-0.556%,67266477715.00,United States,,30815879,Consumer Discretionary,Services-Misc. Amusement & Recreation
WBS,Webster Financial Corporation Common Stock,$74.38,0.47,0.636%,12051530921.00,United States,,3089024,Finance,Major Banks
WCC,WESCO International Inc. Common Stock,$347.79,1.02,0.294%,16939074389.00,United States,1999,303702,Consumer Discretionary,Telecommunications Equipment
WCN,Waste Connections Inc. Common Shares,$154.98,-1.13,-0.724%,39554774839.00,Canada,,2522666,Utilities,Environmental Services
WDAY,Workday Inc. Class A Common Stock,$129.60,-1.20,-0.917%,32011200000.00,United States,,3497061,Technology,EDP Services
WDS,Woodside Energy Group Limited American Depositary Shares each representing one Ordinary Share,$20.66,-2.41,-10.446%,39276728954.00,Australia,2022,2086791,Energy,Oil & Gas Production
WEC,WEC Energy Group Inc. Common Stock,$114.00,0.56,0.494%,37132727292.00,United States,,2635088,Utilities,Power Generation
WELL,Welltower Inc. Common Stock,$212.82,-1.41,-0.658%,150232713249.00,United States,,4469513,Real Estate,Real Estate Investment Trusts
WES,Western Midstream Partners LP Common Units Representing Limited Partner Interests,$43.96,-0.61,-1.369%,17310627662.00,United States,2012,1136302,Utilities,Natural Gas Distribution
WF,Woori Financial Group Inc. American Depositary Shares (each representing three (3) shares of Common Stock),$64.62,2.34,3.757%,15746576786.00,South Korea,,109633,Finance,Commercial Banks
WIT,Wipro Limited Common Stock,$2.30,0.10,4.545%,24123348653.00,India,,15047590,Technology,EDP Services
WLK,Westlake Corporation Common Stock,$87.45,-1.05,-1.186%,11204351453.00,United States,2004,620741,Industrials,Major Chemicals
WM,Waste Management Inc. Common Stock,$216.94,-2.51,-1.144%,87117843639.00,United States,,2570875,Utilities,Environmental Services
WMB,Williams Companies Inc. (The) Common Stock,$71.49,-0.59,-0.819%,87432145965.00,United States,,5888459,Utilities,Natural Gas Distribution
WMG,Warner Music Group Corp. Class A Common Stock,$28.49,0.03,0.105%,14860826393.00,United States,2020,1684597,Consumer Discretionary,Services-Misc. Amusement & Recreation
WMS,Advanced Drainage Systems Inc. Common Stock,$136.79,1.84,1.363%,10484321804.00,United States,2014,1151626,Consumer Discretionary,Containers/Packaging
WPC,W. P. Carey Inc. REIT,$75.47,-1.24,-1.616%,16810120254.00,United States,,1355988,Real Estate,Real Estate Investment Trusts
WPM,Wheaton Precious Metals Corp Common Shares (Canada),$123.94,7.84,6.753%,56280823824.00,Canada,,2921472,Basic Materials,Precious Metals
WRB,W.R. Berkley Corporation Common Stock,$68.03,-0.24,-0.352%,25325986078.00,United States,,1568903,Finance,Property-Casualty Insurers
WSE,Wise Group plc Class A Ordinary Shares,$10.93,0.06,0.552%,13550538622.00,United Kingdom,,1224498,Industrials,Diversified Commercial Services
WSM,Williams-Sonoma Inc. Common Stock (DE),$223.29,-0.25,-0.112%,26291640770.00,United States,,1408052,Consumer Discretionary,Home Furnishings
WSO,Watsco Inc. Common Stock,$384.81,4.35,1.143%,15645425659.00,United States,,252468,Consumer Discretionary,Industrial Machinery/Components
WST,West Pharmaceutical Services Inc. Common Stock,$331.43,2.61,0.794%,23414732411.00,United States,,559120,Health Care,Medical/Dental Instruments
WTFC,Wintrust Financial Corporation Common Stock,$156.70,-2.56,-1.607%,10569063365.00,United States,,486373,Finance,Major Banks
WTRG,Essential Utilities Inc. Common Stock,$37.56,0.05,0.133%,10653254841.00,United States,,2123494,Utilities,Water Supply
WTS,Watts Water Technologies Inc. Class A Common Stock,$333.28,0.17,0.051%,11128515819.00,United States,1986,310573,Industrials,Metal Fabrications
WTW,Willis Towers Watson Public Limited Company Ordinary Shares,$257.85,-4.78,-1.82%,24353410612.00,United Kingdom,,525116,Finance,Specialty Insurers
WULF,TeraWulf Inc. Common Stock,$28.17,2.11,8.097%,13959154610.00,United States,,31143299,Technology,EDP Services
WWD,Woodward Inc. Common Stock,$402.50,15.65,4.045%,23982101553.00,United States,,958964,Energy,Industrial Machinery/Components
WY,Weyerhaeuser Company Common Stock,$24.65,-0.20,-0.805%,17773709950.00,United States,,5154726,Real Estate,Real Estate Investment Trusts
WYNN,Wynn Resorts Limited Common stock,$105.96,-1.31,-1.221%,10997241805.00,United States,2002,1535915,Consumer Discretionary,Hotels/Resorts
XEL,Xcel Energy Inc. Common Stock,$79.35,0.7225,0.919%,49535789586.00,United States,,6542683,Utilities,Power Generation
XPEV,XPeng Inc. American depositary shares each representing two Class A ordinary shares,$14.49,0.00,0.00%,13849966557.00,China,2020,6929053,Industrials,Auto Manufacturing
XPO,XPO Inc. Common Stock,$220.74,-7.59,-3.324%,25917079206.00,United States,,1439115,Consumer Discretionary,Transportation Services
XYL,Xylem Inc. Common Stock New,$110.97,0.89,0.809%,26376846918.00,United States,2011,1237722,Industrials,Fluid Controls
XYZ,Block Inc. Class A Common Stock,$74.35,4.83,6.948%,44251707350.00,United States,2015,9543002,Technology,Computer Software: Prepackaged Software
YPF,YPF Sociedad Anonima Common Stock,$52.59,-3.30,-5.904%,20684319784.00,Argentina,1993,2513454,Energy,Integrated oil Companies
YUM,Yum! Brands Inc.,$154.67,0.36,0.233%,42630331313.00,United States,,2212147,Consumer Discretionary,Restaurants
YUMC,Yum China Holdings Inc. Common Stock,$44.25,-0.38,-0.851%,15540538404.00,United States,2016,2335732,Consumer Discretionary,Restaurants
ZBH,Zimmer Biomet Holdings Inc. Common Stock,$88.26,-0.31,-0.35%,17074998661.00,United States,,1536050,Health Care,Industrial Specialties
ZBRA,Zebra Technologies Corporation Class A Common Stock,$240.05,11.63,5.091%,11434395750.00,United States,1991,920152,Industrials,Industrial Machinery/Components
ZM,Zoom Communications Inc. Class A Common Stock,$94.25,0.57,0.608%,27637136547.00,United States,2019,4218383,Technology,Computer Software: Programming Data Processing
ZS,Zscaler Inc. Common Stock,$130.42,0.90,0.695%,21090156251.00,United States,2018,3491437,Technology,EDP Services
ZTO,ZTO Express (Cayman) Inc. American Depositary Shares each representing one Class A ordinary share.,$22.88,0.05,0.219%,17615327856.00,China,2016,799377,Industrials,Trucking Freight/Courier Services
ZTS,Zoetis Inc. Class A Common Stock,$79.95,0.38,0.478%,33517288034.00,United States,2013,5770109,Health Care,Biotechnology: Pharmaceutical Preparations
