Symbol,Name,Last Sale,Net Change,% Change,Market Cap,Country,IPO Year,Volume,Sector,Industry
AADX,Applied Aerospace & Defense Inc. Common Stock,$19.78,-0.65,-3.182%,3377306786.00,,2026,764594,Industrials,Military/Government/Technical
AAMI,Acadian Asset Management Inc. Common Stock,$80.57,2.03,2.585%,2870627563.00,United Kingdom,2014,871299,Finance,Investment Managers
AAP,Advance Auto Parts Inc.,$61.04,0.24,0.395%,3682494856.00,United States,,1034757,Consumer Discretionary,Auto & Home Supply Stores
AAUC,Allied Gold Corporation Common Shares,$26.38,1.12,4.434%,3321242000.00,,2025,301616,,
AB,AllianceBernstein Holding L.P.  Units,$36.03,-0.41,-1.125%,3365340824.00,United States,,382702,Finance,Investment Managers
ABCB,Ameris Bancorp Common Stock,$87.85,-1.10,-1.237%,5997907709.00,United States,1994,622554,Finance,Major Banks
ABG,Asbury Automotive Group Inc Common Stock,$199.55,0.02,0.01%,3715381540.00,United States,2002,261691,Consumer Discretionary,Retail-Auto Dealers and Gas Stations
ABM,ABM Industries Incorporated Common Stock,$44.00,-1.93,-4.202%,2577560612.00,United States,,656830,Consumer Discretionary,Diversified Commercial Services
ABVX,Abivax SA American Depositary Shares,$98.26,1.71,1.771%,7791152133.00,France,2023,2121510,Health Care,Biotechnology: Pharmaceutical Preparations
ACA,Arcosa Inc. Common Stock ,$128.44,-1.07,-0.826%,6305936992.00,United States,2018,263343,Industrials,Metal Fabrications
ACAD,ACADIA Pharmaceuticals Inc. Common Stock,$21.265,0.175,0.83%,3641330776.00,United States,1985,1209921,Health Care,Biotechnology: Pharmaceutical Preparations
ACGLN,Arch Capital Group Ltd. Depositary Shares each Representing a 1/1000th Interest in a 4.550% Non-Cumulative Preferred Share Series G,$16.21,0.1344,0.836%,5663605221.00,Bermuda,,61139,Finance,Property-Casualty Insurers
ACGLO,Arch Capital Group Ltd. Depositary Shares Each Representing 1/1000th Interest in a Share of 5.45% Non-Cumulative Preferred Shares Series F,$19.21,0.2206,1.162%,6711773985.00,Bermuda,,33523,Finance,Property-Casualty Insurers
ACHC,Acadia Healthcare Company Inc. Common Stock,$24.99,0.39,1.585%,2298256005.00,United States,,2473562,Health Care,Medical Specialities
ACHR,Archer Aviation Inc. Class A Common Stock,$5.55,0.47,9.252%,4215768950.00,United States,2020,57284205,Industrials,Aerospace
ACI,Albertsons Companies Inc. Class A Common Stock,$14.86,-0.55,-3.569%,7348787752.00,United States,2020,10683596,Consumer Staples,Food Chains
ACIW,ACI Worldwide Inc. Common Stock,$44.79,-0.45,-0.995%,4553421720.00,United States,,805188,Technology,Computer Software: Prepackaged Software
ACLS,Axcelis Technologies Inc. Common Stock,$191.60,11.48,6.374%,5888614665.00,United States,2000,1003668,Technology,Industrial Machinery/Components
ACM,AECOM Common Stock,$69.59,-0.53,-0.756%,8943910003.00,United States,2007,3539592,Consumer Discretionary,Military/Government/Technical
ACMR,ACM Research Inc. Class A Common Stock,$95.21,1.26,1.341%,6305270063.00,United States,2017,1371884,Technology,Industrial Machinery/Components
ACT,Enact Holdings Inc. Common Stock,$42.34,-0.07,-0.165%,5910695543.00,United States,2021,250637,Finance,Specialty Insurers
AD,Array Digital Infrastructure Inc. Common Shares,$39.78,-0.98,-2.404%,3436992000.00,United States,1988,264058,Telecommunications,Telecommunications Equipment
ADAMI,Adamas Trust Inc. 9.125% Senior Notes Due 2029,$25.0399,0.2302,0.928%,2268100345.00,United States,,18945,Real Estate,Real Estate Investment Trusts
ADAML,Adamas Trust Inc. 6.875% Series F Fixed-to-Floating Rate Cumulative Redeemable Preferred Stock $0.01 par value per share,$24.38,0.025,0.103%,2190813813.00,United States,,13148,Real Estate,Real Estate Investment Trusts
ADAMM,Adamas Trust Inc. 7.875% Series E Fixed-to-Floating Rate Cumulative Redeemable Preferred Stock,$25.3101,0.0101,0.04%,2274393630.00,United States,,30069,Real Estate,Real Estate Investment Trusts
ADAMN,Adamas Trust Inc. 8.00% Series D Fixed-to-Floating Rate Cumulative Redeemable Preferred Stock,$23.67,0.11,0.467%,2127012426.00,United States,,5657,Real Estate,Real Estate Investment Trusts
ADC,Agree Realty Corporation Common Stock,$74.47,-1.36,-1.793%,8944059910.00,United States,,1961828,Real Estate,Real Estate Investment Trusts
ADEA,Adeia Inc. Common Stock,$32.34,0.42,1.316%,3566899843.00,United States,2003,1410065,Technology,Computer Software: Prepackaged Software
ADPT,Adaptive Biotechnologies Corporation Common Stock,$17.46,-0.14,-0.795%,2794375084.00,United States,2019,2842550,Health Care,Biotechnology: Biological Products (No Diagnostic Substances)
ADT,ADT Inc. Common Stock,$6.70,-0.10,-1.471%,5290951897.00,United States,2018,9453299,Consumer Discretionary,Diversified Commercial Services
AEHR,Aehr Test Systems Common Stock,$115.88,7.41,6.831%,3720218241.00,United States,1997,1620613,Industrials,Electrical Products
AEO,American Eagle Outfitters Inc. Common Stock,$18.46,-0.33,-1.756%,3093403727.00,United States,,5951700,Consumer Discretionary,Clothing/Shoe/Accessory Stores
AERO,Grupo Aeromexico S.A.B. de C.V. American Depositary Shares (each representing ten (10) Common Shares),$17.59,0.25,1.442%,2566440964.00,,2025,308918,Consumer Discretionary,Air Freight/Delivery Services
AESI,Atlas Energy Solutions Inc. Common Stock,$16.61,-0.36,-2.121%,2074681750.00,United States,2023,1978660,Industrials,Mining & Quarrying of Nonmetallic Minerals (No Fuels)
AG,First Majestic Silver Corp. Ordinary Shares (Canada),$18.90,1.25,7.082%,9332244835.00,Canada,,13605489,Basic Materials,Precious Metals
AGCO,AGCO Corporation Common Stock,$112.54,0.05,0.044%,8148855629.00,United States,,791333,Industrials,Industrial Machinery/Components
AGO,Assured Guaranty Ltd. Common Stock,$75.94,-0.52,-0.68%,3362810316.00,Bermuda,2004,364315,Finance,Property-Casualty Insurers
AGX,Argan Inc. Common Stock,$688.87,47.19,7.354%,9657438681.00,United States,,323599,Consumer Discretionary,Engineering & Construction
AGYS,Agilysys Inc. Common Stock (DE),$87.49,-3.15,-3.475%,2464298371.00,United States,,351225,Technology,EDP Services
AHR,American Healthcare REIT Inc. Common Stock,$46.47,-0.34,-0.726%,8955805653.00,United States,2024,3008223,Real Estate,Real Estate Investment Trusts
AIN,Albany International Corporation Common Stock,$70.71,-0.24,-0.338%,2008164000.00,United States,,204680,Consumer Discretionary,Textiles
AIP,Arteris Inc. Common Stock,$43.63,2.63,6.415%,2014483575.00,United States,2021,1336166,Technology,Semiconductors
AIR,AAR Corp. Common Stock,$131.18,2.17,1.682%,5216276676.00,United States,,425155,Industrials,Aerospace
AKR,Acadia Realty Trust Common Stock,$21.72,-0.37,-1.675%,2899992303.00,United States,,1969479,Real Estate,Real Estate Investment Trusts
ALH,Alliance Laundry Holdings Inc. Common Stock,$25.80,0.38,1.495%,5124103222.00,United States,2025,497909,Industrials,Industrial Machinery/Components
ALHC,Alignment Healthcare Inc. Common Stock,$19.78,0.03,0.152%,4089195019.00,United States,2021,4684542,Health Care,Medical Specialities
ALK,Alaska Air Group Inc. Common Stock,$49.08,1.76,3.719%,5468934240.00,United States,,4349858,Consumer Discretionary,Air Freight/Delivery Services
ALKS,Alkermes plc Ordinary Shares,$44.36,0.08,0.181%,7393738799.00,Ireland,1991,1822193,Health Care,Biotechnology: Pharmaceutical Preparations
ALM,Almonty Industries Inc. Common Shares,$17.96,0.28,1.584%,5096003608.00,Canada,,5484803,Basic Materials,Other Metals and Minerals
ALMS,Alumis Inc. Common Stock,$23.00,-1.15,-4.762%,2932315540.00,United States,2024,1557760,Health Care,Biotechnology: Pharmaceutical Preparations
ALRM,Alarm.com Holdings Inc. Common Stock,$45.47,-1.18,-2.529%,2248972709.00,United States,2015,581388,Technology,Computer Software: Prepackaged Software
ALSN,Allison Transmission Holdings Inc. Common Stock,$119.47,2.12,1.807%,9908361650.00,United States,2012,743568,Consumer Discretionary,Auto Parts:O.E.M.
ALV,Autoliv Inc. Common Stock,$125.79,-2.74,-2.132%,9417059287.00,Sweden,,927627,Consumer Discretionary,Auto Parts:O.E.M.
AMBA,Ambarella Inc. Ordinary Shares,$70.14,2.36,3.482%,3076914496.00,United States,2012,1064015,Technology,Semiconductors
AMBP,Ardagh Metal Packaging S.A. Ordinary Shares,$4.24,0.04,0.952%,2534246245.00,,,2345273,Industrials,Containers/Packaging
AMG,Affiliated Managers Group Inc. Common Stock,$352.93,-1.69,-0.477%,9321617159.00,United States,,260546,Finance,Investment Managers
AMPX,Amprius Technologies Inc. Common Stock,$16.82,0.51,3.127%,2382168999.00,United States,2022,5010439,Miscellaneous,Industrial Machinery/Components
AMR,Alpha Metallurgical Resources Inc. Common Stock,$190.29,-10.53,-5.244%,2419465801.00,United States,2018,211011,Energy,Coal Mining
AMRX,Amneal Pharmaceuticals Inc. Class A Common Stock,$16.24,0.04,0.247%,5180930142.00,United States,,2368771,Health Care,Biotechnology: Pharmaceutical Preparations
AMTM,Amentum Holdings Inc. Common Stock,$22.42,-0.44,-1.925%,5477571872.00,United States,2024,1611253,Consumer Discretionary,Business Services
AN,AutoNation Inc. Common Stock,$193.39,1.86,0.971%,6471118518.00,United States,,507765,Consumer Discretionary,Retail-Auto Dealers and Gas Stations
ANDE,Andersons Inc. (The) Common Stock,$69.87,-1.98,-2.756%,2379356893.00,United States,,265522,Industrials,Farming/Seeds/Milling
ANDG,Andersen Group Inc. Class A Common Stock,$37.42,-0.36,-0.953%,4225929734.00,,2025,233365,Consumer Discretionary,Business Services
ANF,Abercrombie & Fitch Company Common Stock,$91.10,0.53,0.585%,4047728781.00,United States,,1622336,Consumer Discretionary,Clothing/Shoe/Accessory Stores
AOS,A.O. Smith Corporation Common Stock,$60.02,0.94,1.591%,8272474012.00,United States,,1848267,Consumer Discretionary,Consumer Electronics/Appliances
APAM,Artisan Partners Asset Management Inc. Class A Common Stock,$36.06,0.18,0.502%,2922942898.00,United States,2013,448836,Finance,Investment Managers
APGE,Apogee Therapeutics Inc. Common Stock,$86.19,-2.14,-2.423%,6497810231.00,United States,2023,709364,Health Care,Biotechnology: Biological Products (No Diagnostic Substances)
APLE,Apple Hospitality REIT Inc. Common Shares,$16.15,-0.07,-0.432%,3812490997.00,United States,2015,3040707,Real Estate,Real Estate Investment Trusts
APPF,AppFolio Inc. Class A Common Stock,$158.21,-3.00,-1.861%,5594073506.00,United States,2015,276583,Technology,Computer Software: Prepackaged Software
AQN,Algonquin Power & Utilities Corp. Common Shares,$6.00,0.06,1.01%,4616746248.00,United States,2016,3496840,Utilities,Electric Utilities: Central
ARCB,ArcBest Corporation Common Stock,$164.10,-8.94,-5.166%,3653486298.00,United States,,594283,Industrials,Trucking Freight/Courier Services
ARE,Alexandria Real Estate Equities Inc. Common Stock,$52.38,-0.79,-1.486%,9128235362.00,United States,,1301748,Real Estate,Real Estate Investment Trusts
ARIS,Aris Mining Corporation Common Shares,$17.30,1.41,8.874%,3570720000.00,,2023,2192617,,
ARLP,Alliance Resource Partners L.P. Common Units representing Limited Partners Interests,$24.60,-0.43,-1.718%,3165006505.00,United States,1999,334376,Energy,Coal Mining
AROC,Archrock Inc. Common Stock,$36.29,-0.32,-0.874%,6360243319.00,United States,,1442795,Utilities,Natural Gas Distribution
ARQT,Arcutis Biotherapeutics Inc. Common Stock,$25.58,1.20,4.922%,3199632707.00,United States,2020,1792510,Health Care,Biotechnology: Pharmaceutical Preparations
ARR,ARMOUR Residential REIT Inc.,$17.04,-0.06,-0.351%,2113745817.00,United States,,3762565,Real Estate,Real Estate Investment Trusts
ARX,Accelerant Holdings Class A Common Shares,$13.00,-0.03,-0.23%,2836617420.00,Cayman Islands,2025,1717338,Finance,Specialty Insurers
ASB,Associated Banc-Corp Common Stock,$29.22,-0.34,-1.15%,5511137302.00,United States,,2342304,Finance,Major Banks
ASBA,Associated Banc-Corp 6.625% Fixed-Rate Reset Subordinated Notes due 2033,$24.80,-0.06,-0.241%,3742340212.00,United States,2023,22889,Finance,Major Banks
ASH,Ashland Inc. Common Stock,$65.44,0.46,0.708%,2996352127.00,United States,,1111493,Consumer Discretionary,Specialty Chemicals
ASO,Academy Sports and Outdoors Inc. Common Stock,$49.25,-1.76,-3.45%,3054404772.00,United States,2020,1646842,Consumer Discretionary,Other Specialty Stores
ASR,Grupo Aeroportuario del Sureste S.A. de C.V. Common Stock,$301.00,13.91,4.845%,9030000000.00,Mexico,,138493,Consumer Discretionary,Aerospace
ASTH,Astrana Health Inc. Common Stock,$38.38,-0.24,-0.621%,2138388524.00,United States,,452331,Consumer Discretionary,Professional Services
ATAT,Atour Lifestyle Holdings Limited American Depositary Shares,$33.17,-0.66,-1.951%,4512552811.00,China,2022,901877,Consumer Discretionary,Hotels/Resorts
ATEN,A10 Networks Inc. Common Stock,$32.70,0.94,2.96%,2354340323.00,United States,2014,1311952,Telecommunications,Computer Communications Equipment
ATHM,Autohome Inc. American Depositary Shares each representing four class A ordinary shares.,$18.76,1.19,6.773%,2160606290.00,China,2013,1013179,Technology,EDP Services
ATHS,Athene Holding Ltd. 7.250% Fixed-Rate Reset Junior Subordinated Debentures due 2064,$24.61,-0.35,-1.402%,5015641050.00,Bermuda,2024,20526,Finance,Life Insurance
ATKR,Atkore Inc. Common Stock,$79.25,-0.02,-0.025%,2676055831.00,United States,2016,272392,Miscellaneous,Industrial Machinery/Components
ATMU,Atmus Filtration Technologies Inc. Common Stock,$50.02,0.22,0.442%,4085254849.00,United States,2023,865598,Consumer Discretionary,Auto Parts:O.E.M.
ATR,AptarGroup Inc. Common Stock,$118.08,0.36,0.306%,7535902913.00,United States,,576217,Industrials,Plastic Products
ATRO,Astronics Corporation Common Stock,$75.69,-4.144,-5.191%,2712756470.00,United States,,964774,Industrials,Military/Government/Technical
ATS,ATS Corporation Common Shares,$28.24,0.87,3.179%,2770804651.00,Canada,2023,218757,Industrials,Industrial Machinery/Components
AUB,Atlantic Union Bankshares Corporation Common Stock,$39.55,-0.75,-1.861%,5660224828.00,United States,,831314,Finance,Major Banks
AUGO,Aura Minerals Inc. Common Shares,$66.18,5.29,8.688%,5545170778.00,United States,,1338391,,
AUPH,Aurinia Pharmaceuticals Inc Ordinary Shares,$16.00,0.18,1.138%,2079013184.00,Canada,,1122716,Health Care,Biotechnology: Pharmaceutical Preparations
AVA,Avista Corporation Common Stock,$40.98,-1.45,-3.417%,3386522861.00,United States,,1989842,Utilities,Power Generation
AVAL,Grupo Aval Acciones y Valores S.A. ADR (Each representing 20 preferred shares),$5.47,-0.08,-1.441%,6493840620.00,,2014,358615,Finance,Commercial Banks
AVAV,AeroVironment Inc. Common Stock,$171.95,1.37,0.803%,8586150096.00,United States,2007,963069,Industrials,Aerospace
AVEX,AEVEX Corp. Class A Common Stock,$21.69,1.13,5.496%,2473564473.00,,2026,1616086,Industrials,Aerospace
AVNT,Avient Corporation Common Stock,$37.54,-0.22,-0.583%,3442799669.00,United States,,1122355,Industrials,Major Chemicals
AVPT,AvePoint Inc. Class A Common Stock,$10.90,0.03,0.276%,2310987436.00,United States,2019,6641614,Technology,Computer Software: Prepackaged Software
AVT,Avnet Inc. Common Stock,$91.78,1.19,1.314%,7528170154.00,United States,,942319,Technology,Electronic Components
AVTR,Avantor Inc. Common Stock,$9.71,0.32,3.408%,6629554953.00,United States,2019,8349696,Industrials,Biotechnology: Laboratory Analytical Instruments
AWI,Armstrong World Industries Inc Common Stock,$156.66,2.45,1.589%,6675629132.00,United States,,418770,Industrials,Plastic Products
AWR,American States Water Company Common Stock,$77.60,-0.17,-0.219%,3041349873.00,United States,,208898,Utilities,Water Supply
AX,Axos Financial Inc. Common Stock,$89.58,-0.70,-0.775%,5095725603.00,United States,2018,428984,Finance,Savings Institutions
AXGN,Axogen Inc. Common Stock,$43.74,0.74,1.721%,2325998022.00,United States,,2883274,Health Care,Biotechnology: Electromedical & Electrotherapeutic Apparatus
AXS,Axis Capital Holdings Limited Common Stock,$101.31,-0.13,-0.128%,7468901039.00,Bermuda,2003,817633,Finance,Property-Casualty Insurers
AXTA,Axalta Coating Systems Ltd. Common Shares,$33.77,0.66,1.993%,7227413795.00,United States,2014,1711326,Consumer Discretionary,Paints/Coatings
AXTI,AXT Inc Common Stock,$110.74,13.56,13.953%,7244963396.00,United States,1998,12058548,Technology,Semiconductors
AYA,Aya Gold & Silver Inc. Common Shares,$20.65,1.94,10.369%,2960172317.00,Canada,,1045417,Basic Materials,Precious Metals
AYI,Acuity Inc. Common Stock,$302.53,5.29,1.78%,9171247775.00,United States,,264664,Consumer Discretionary,Building Products
AZUL,Azul S.A. American Depositary Shares each representing two (2) Common Shares,$8.82,0.29,3.40%,3228901329.00,,,188053,Consumer Discretionary,Air Freight/Delivery Services
AZZ,AZZ Inc.,$151.96,1.07,0.709%,4560885499.00,United States,,441941,Industrials,Industrial Specialties
BAH,Booz Allen Hamilton Holding Corporation Common Stock,$74.55,-2.86,-3.695%,8927073992.00,United States,2010,2221302,Consumer Discretionary,Professional Services
BANC,Banc of California Inc. Common Stock,$19.74,-0.43,-2.132%,3034527295.00,United States,,2099515,Finance,Major Banks
BANF,BancFirst Corporation Common Stock,$113.40,-2.87,-2.468%,3808696286.00,United States,1993,147857,Finance,Major Banks
BANR,Banner Corporation Common Stock,$65.87,-1.37,-2.037%,2237468405.00,United States,,206915,Finance,Major Banks
BATRA,Atlanta Braves Holdings Inc. Series A Common Stock,$55.01,0.22,0.402%,3528551593.00,United States,,41841,Consumer Discretionary,Services-Misc. Amusement & Recreation
BATRK,Atlanta Braves Holdings Inc. Series C Common Stock,$50.82,0.10,0.197%,3259788983.00,United States,,786855,Consumer Discretionary,Services-Misc. Amusement & Recreation
BB,BlackBerry Limited Common Stock,$9.24,0.05,0.544%,5415207401.00,Canada,,26598373,Technology,Computer Software: Prepackaged Software
BBAR,Banco BBVA Argentina S.A. ADS,$20.69,0.07,0.339%,4225657178.00,Argentina,,429700,Finance,Commercial Banks
BBT,Beacon Financial Corporation Common stock,$29.79,-0.66,-2.167%,2496881202.00,United States,,723956,Finance,Banks
BBUC,Brookfield Business Corporation Class A Subordinate Voting Shares,$32.69,0.41,1.27%,6796251000.00,,,260053,Consumer Discretionary,Engineering & Construction
BBWI,Bath & Body Works Inc.,$19.46,0.06,0.309%,3922392862.00,United States,,6029181,Consumer Discretionary,Clothing/Shoe/Accessory Stores
BC,Brunswick Corporation Common Stock,$82.13,-0.43,-0.521%,5336350593.00,United States,,954386,Industrials,Industrial Machinery/Components
BCC,Boise Cascade L.L.C. Common Stock,$71.59,0.45,0.633%,2519233200.00,United States,2013,363376,Consumer Discretionary,RETAIL: Building Materials
BCO,Brinks Company (The) Common Stock,$100.55,-1.39,-1.364%,4140709732.00,United States,,387753,Industrials,Integrated Freight & Logistics
BCPC,Balchem Corporation Common Stock,$163.68,-1.36,-0.824%,5259011556.00,United States,,208857,Industrials,Major Chemicals
BCRX,BioCryst Pharmaceuticals Inc. Common Stock,$9.06,0.36,4.138%,2302713700.00,United States,1994,4153353,Health Care,Biotechnology: Biological Products (No Diagnostic Substances)
BDC,Belden Inc Common Stock,$114.77,-0.27,-0.235%,4469607471.00,United States,,507089,Industrials,Telecommunications Equipment
BEAM,Beam Therapeutics Inc. Common Stock,$31.12,2.09,7.199%,3201601140.00,United States,2020,2899042,Health Care,Biotechnology: Biological Products (No Diagnostic Substances)
BELFA,Bel Fuse Inc. Class A Common Stock,$267.51,6.19,2.369%,3403451350.00,United States,,196520,,
BELFB,Bel Fuse Inc. Class B Common Stock,$302.15,8.28,2.818%,3844165920.00,United States,,198171,,
BEPH,Brookfield BRP Holdings (Canada) Inc. 4.625% Perpetual Subordinated Notes,$14.87,-0.01,-0.067%,4270133736.00,Canada,,13685,Utilities,Electric Utilities: Central
BEPI,Brookfield BRP Holdings (Canada) Inc. 4.875% Perpetual Subordinated Notes,$15.51,0.03,0.194%,4453918913.00,Canada,2021,8626,Utilities,Electric Utilities: Central
BEPJ,Brookfield BRP Holdings (Canada) Inc. 7.250% Perpetual Subordinated Notes,$25.40,0.13,0.514%,7293974236.00,Canada,2024,3574,Utilities,Electric Utilities: Central
BETA,Beta Technologies Inc. Class A Common Stock,$16.66,0.43,2.649%,3844395277.00,United States,2025,1177507,Industrials,Aerospace
BFAM,Bright Horizons Family Solutions Inc. Common Stock,$63.81,-1.04,-1.604%,3356831932.00,United States,2013,917304,Consumer Discretionary,Other Consumer Services
BFH,Bread Financial Holdings Inc. Common Stock,$102.50,0.79,0.777%,4141724163.00,United States,,830985,Consumer Discretionary,Business Services
BGC,BGC Group Inc. Class A Common Stock,$11.80,-0.05,-0.422%,5652868317.00,United States,,4077886,Finance,Investment Bankers/Brokers/Service
BGR,BlackRock Energy and Resources Trust,$15.18,-0.62,-3.924%,2058198425.00,United States,2004,245472,Finance,Trusts Except Educational Religious and Charitable
BGSI,Boyd Group Services Inc. Common Shares,$97.32,1.51,1.576%,2708421828.00,Canada,,36558,,
BHE,Benchmark Electronics Inc. Common Stock,$91.31,1.38,1.535%,3275932157.00,United States,,373244,Technology,Electrical Products
BHF,Brighthouse Financial Inc. Common Stock,$62.93,-0.10,-0.159%,3615063250.00,United States,,427864,Finance,Life Insurance
BILI,Bilibili Inc. American Depositary Shares,$17.85,-0.01,-0.056%,7436732099.00,China,2018,1903293,Technology,EDP Services
BILL,BILL Holdings Inc. Common Stock,$33.54,0.36,1.085%,3340474224.00,United States,2019,2939415,Technology,EDP Services
BIO,Bio-Rad Laboratories Inc. Class A Common Stock,$289.28,3.34,1.168%,7741595069.00,United States,1980,226702,Industrials,Biotechnology: Laboratory Analytical Instruments
BIPC,Brookfield Infrastructure Corporation Brookfield Infrastructure Corporation,$40.52,0.11,0.272%,5388955617.00,Canada,,658812,Utilities,Oil & Gas Production
BIPH,Brookfield Infrastructure Corporation 5.000% Subordinated Notes due 2081,$16.30,-0.03,-0.184%,7519906744.00,Canada,2021,19689,Utilities,Oil & Gas Production
BIRK,Birkenstock Holding plc Ordinary Shares,$47.93,-0.82,-1.682%,8814617264.00,,2023,2992769,Consumer Discretionary,Shoe Manufacturing
BKD,Brookdale Senior Living Inc. Common Stock,$13.61,0.18,1.34%,3249929124.00,United States,2005,5096666,Health Care,Hospital/Nursing Management
BKE,Buckle Inc. (The) Common Stock,$44.01,-1.28,-2.826%,2267310965.00,United States,,383586,Consumer Discretionary,Clothing/Shoe/Accessory Stores
BKH,Black Hills Corporation Common Stock,$73.80,0.30,0.408%,5618255108.00,United States,,861130,Utilities,Electric Utilities: Central
BKU,BankUnited Inc. Common Stock,$48.15,-0.81,-1.654%,3499624529.00,United States,2011,781548,Finance,Savings Institutions
BKV,BKV Corporation Common Stock,$24.15,-0.91,-3.631%,2641686656.00,United States,2024,759091,Energy,Oil & Gas Production
BLBD,Blue Bird Corporation Common Stock,$72.85,1.31,1.831%,2305454009.00,United States,2014,330075,Consumer Discretionary,Construction/Ag Equipment/Trucks
BLCO,Bausch + Lomb Corporation Common Shares,$15.00,-0.08,-0.531%,5348513295.00,,2022,292202,Health Care,Ophthalmic Goods
BLDR,Builders FirstSource Inc. Common Stock,$77.81,0.04,0.051%,8369233952.00,United States,2005,2004289,Consumer Discretionary,RETAIL: Building Materials
BLLN,BillionToOne Inc. Class A Common Stock,$103.95,2.83,2.799%,4781230562.00,United States,2025,752109,Health Care,Medical Specialities
BLSH,Bullish Ordinary Shares,$28.60,1.39,5.108%,4298643149.00,Cayman Islands,2025,1969737,Finance,Finance: Consumer Services
BLTE,Belite Bio Inc American Depositary Shares,$144.24,6.08,4.401%,5674395830.00,United States,2022,242500,Health Care,Biotechnology: Pharmaceutical Preparations
BLX,Banco Latinoamericano de Comercio Exterior S.A.,$58.67,-1.79,-2.961%,2184296303.00,Panama,1992,193061,Finance,Commercial Banks
BMA,Banco Macro S.A.  ADR (representing Ten Class B Common Shares),$99.95,1.24,1.256%,6390706049.00,Argentina,,267798,Finance,Commercial Banks
BMI,Badger Meter Inc. Common Stock,$134.40,2.67,2.027%,3922540608.00,United States,1971,514069,Industrials,Industrial Machinery/Components
BMNR,BitMine Immersion Technologies Inc. Common Stock,$17.11,1.00,6.207%,9745459373.00,United States,2025,51000266,Finance,Finance: Consumer Services
BNL,Broadstone Net Lease Inc. Common Stock,$20.79,-0.28,-1.329%,3986826678.00,United States,2020,1506175,Real Estate,Real Estate Investment Trusts
BOH,Bank of Hawaii Corporation Common Stock,$78.85,-1.40,-1.745%,3124117190.00,United States,,273074,Finance,Major Banks
BOKF,BOK Financial Corporation Common Stock,$132.05,-2.56,-1.902%,8023497973.00,United States,,267173,Finance,Major Banks
BOOT,Boot Barn Holdings Inc. Common Stock,$165.88,-4.73,-2.772%,5034038821.00,United States,2014,695021,Consumer Discretionary,Clothing/Shoe/Accessory Stores
BOX,Box Inc. Class A Common Stock,$25.51,0.12,0.473%,3531855036.00,United States,2015,1973790,Technology,Computer Software: Prepackaged Software
BRC,Brady Corporation Common Stock,$84.57,1.94,2.348%,3984328650.00,United States,,498401,Consumer Discretionary,Miscellaneous manufacturing industries
BRKR,Bruker Corporation Common Stock,$56.63,2.40,4.426%,8776835887.00,United States,,3498487,Industrials,Biotechnology: Laboratory Analytical Instruments
BRSL,Brightstar Lottery PLC Trading under the Legal Name to begin at the market open on July 21 2025. Ordinary Shares,$11.57,-0.30,-2.527%,2134665000.00,United States,2015,1003704,Consumer Discretionary,Services-Misc. Amusement & Recreation
BRUN,Boost Run Inc. Class A Common Stock,$37.46,6.54,21.151%,2301118128.00,United States,,2504975,Technology,EDP Services
BRX,Brixmor Property Group Inc. Common Stock,$32.03,-0.55,-1.688%,9827976843.00,United States,2013,2513177,Real Estate,Real Estate Investment Trusts
BRZE,Braze Inc. Class A Common Stock,$21.73,0.07,0.323%,2663659032.00,United States,2021,1612654,Technology,Computer Software: Prepackaged Software
BSM,Black Stone Minerals L.P. Common units representing limited partner interests,$13.63,-0.34,-2.434%,2896365882.00,United States,2015,374301,Energy,Oil & Gas Production
BSY,Bentley Systems Incorporated Class B Common Stock,$30.53,-0.14,-0.456%,9274912457.00,United States,2020,4133033,Technology,Computer Software: Prepackaged Software
BTDR,Bitdeer Technologies Group Class A Ordinary Shares,$18.32,0.49,2.748%,4457506123.00,Singapore,,7576989,Finance,Finance: Consumer Services
BTE,Baytex Energy Corp Common Shares,$4.39,-0.25,-5.388%,3219047556.00,Canada,2023,41252287,Energy,Oil & Gas Production
BTG,B2Gold Corp Common shares (Canada),$4.47,0.26,6.176%,5962119847.00,Canada,,24799136,Basic Materials,Precious Metals
BTU,Peabody Energy Corporation Common Stock ,$26.03,-1.37,-5.00%,3171339775.00,United States,2017,5730510,Energy,Coal Mining
BTX,BlackRock Technology and Private Equity Term Trust Common Shares of Beneficial Interest,$9.35,0.32,3.544%,2204694227.00,United States,2021,448177,,
BULL,Webull Corporation Class A Ordinary Shares,$6.86,0.32,4.893%,3648276042.00,United States,,15055761,Finance,Investment Bankers/Brokers/Service
BUSE,First Busey Corporation Class A Common Stock,$28.26,-0.525,-1.824%,2390150542.00,United States,,816358,Finance,Major Banks
BUSEP,First Busey Corporation Depositary Shares Each Representing a 1/40thInterest in a Share of 8.25% Fixed-Rate Series B Non-Cumulative Perpetual Preferred Stock $0.001 par value,$25.88,0.08,0.31%,2188856901.00,United States,,19155,Finance,Major Banks
BVN,Buenaventura Mining Company Inc.,$34.86,1.44,4.309%,8853982184.00,Peru,1996,1454038,Basic Materials,Metal Mining
BW,Babcock & Wilcox Enterprises Inc. Common Stock,$16.33,0.25,1.555%,2430549541.00,United States,2015,2429496,Industrials,Building Products
BWIN,The Baldwin Insurance Group Inc. Class A Common Stock,$18.16,0.03,0.165%,2589028070.00,United States,2019,1060283,Finance,Specialty Insurers
BWLP,BW LPG Limited Common Shares,$20.53,-1.01,-4.689%,3270059460.00,,2024,542308,Consumer Discretionary,Transportation Services
BWNB,Babcock & Wilcox Enterprises Inc. 6.50% Senior Notes due 2026,$25.00,-0.06,-0.239%,2527438550.00,United States,2021,7773,Industrials,Building Products
BXMT,Blackstone Mortgage Trust Inc. Common Stock,$18.12,-0.24,-1.307%,3056545382.00,United States,,1174110,Real Estate,Real Estate Investment Trusts
BYD,Boyd Gaming Corporation Common Stock,$87.67,0.21,0.24%,6516524777.00,United States,1993,820739,Consumer Discretionary,Hotels/Resorts
BZ,KANZHUN LIMITED American Depository Shares,$14.20,0.50,3.65%,6571840983.00,China,2021,3255803,Technology,Computer Software: Programming Data Processing
CAAP,Corporacion America Airports SA Common Shares,$28.06,1.63,6.167%,4636049237.00,,2018,378952,Consumer Discretionary,Aerospace
CACC,Credit Acceptance Corporation Common Stock,$572.79,24.64,4.495%,5991424068.00,United States,1992,180612,Finance,Finance: Consumer Services
CAE,CAE Inc. Ordinary Shares,$25.25,-0.05,-0.198%,8118743600.00,Canada,,706246,Miscellaneous,Industrial Machinery/Components
CAG,ConAgra Brands Inc. Common Stock,$13.61,-0.13,-0.946%,6511529693.00,United States,,24635200,Consumer Staples,Packaged Foods
CAI,Caris Life Sciences Inc. Common Stock,$18.18,0.21,1.169%,5139135035.00,United States,2025,1579362,Health Care,Medical Specialities
CAKE,Cheesecake Factory Incorporated (The) Common Stock,$73.75,-1.53,-2.032%,3664295521.00,United States,1992,2430154,Consumer Discretionary,Restaurants
CALM,Cal-Maine Foods Inc. Common Stock,$79.57,1.47,1.882%,3769755107.00,United States,1996,600283,Consumer Staples,Farming/Seeds/Milling
CALX,Calix Inc Common Stock,$38.33,-0.06,-0.156%,2444775521.00,United States,2010,648301,Consumer Discretionary,Telecommunications Equipment
CALY,Callaway Golf Company Common Stock,$17.08,-0.30,-1.726%,3108151293.00,United States,,2151348,Consumer Discretionary,Recreational Games/Products/Toys
CAMT,Camtek Ltd. Ordinary Shares,$197.75,4.48,2.318%,9204987034.00,Israel,2000,557222,Technology,Electronic Components
CAR,Avis Budget Group Inc. Common Stock,$190.07,2.95,1.577%,6714220089.00,United States,,457054,Consumer Discretionary,Rental/Leasing Companies
CARG,CarGurus Inc. Class A Common Stock ,$27.94,0.77,2.834%,2519827518.00,United States,2017,1166474,Technology,EDP Services
CART,Maplebear Inc. Common Stock,$42.18,0.935,2.267%,9913557555.00,United States,2023,6343063,Consumer Discretionary,Business Services
CATY,Cathay General Bancorp Common Stock,$60.11,-0.87,-1.427%,4029502402.00,United States,,504610,Finance,Major Banks
CBC,Central Bancompany Inc. Class A Common Stock,$28.05,-0.74,-2.57%,6725496944.00,United States,,1101716,,
CBSH,Commerce Bancshares Inc. Common Stock,$54.72,-1.10,-1.971%,7976926086.00,United States,,1342338,Finance,Major Banks
CBT,Cabot Corporation Common Stock,$89.21,1.56,1.78%,4605146611.00,United States,,611035,Industrials,Major Chemicals
CBU,Community Financial System Inc. Common Stock,$64.50,-1.68,-2.539%,3389792921.00,United States,,348152,Finance,Major Banks
CC,Chemours Company (The) Common Stock,$22.43,0.43,1.955%,3372972013.00,United States,2015,2231222,Industrials,Major Chemicals
CCC,CCC Intelligent Solutions Holdings Inc. Common Stock,$4.63,0.03,0.652%,2717534682.00,United States,,7012136,Technology,Computer Software: Prepackaged Software
CDNL,Cardinal Infrastructure Group Inc. Class A Common Stock,$71.415,2.685,3.907%,3061336735.00,United States,2025,426096,Industrials,Military/Government/Technical
CDP,COPT Defense Properties Common Shares of Beneficial Interest,$33.81,-0.73,-2.113%,3833272414.00,United States,,853250,Real Estate,Real Estate Investment Trusts
CE,Celanese Corporation Common Stock,$53.77,0.29,0.542%,5896554722.00,United States,2005,1111068,Industrials,Major Chemicals
CECO,CECO Environmental Corp. Common Stock,$95.01,-1.73,-1.788%,5552849854.00,United States,1998,851378,Industrials,Pollution Control Equipment
CELC,Celcuity Inc. Common Stock,$88.24,-0.31,-0.35%,4303137253.00,United States,2017,1139119,Health Care,Medical Specialities
CELH,Celsius Holdings Inc. Common Stock,$28.74,-0.44,-1.508%,7347103946.00,United States,,9180432,Consumer Staples,Beverages (Production/Distribution)
CENT,Central Garden & Pet Company Common Stock,$43.18,0.33,0.77%,2701806237.00,United States,1993,48191,Consumer Discretionary,Consumer Specialties
CENTA,Central Garden & Pet Company Class A Common Stock Nonvoting,$37.94,0.17,0.45%,2373935355.00,United States,,365354,Consumer Discretionary,Consumer Specialties
CENX,Century Aluminum Company Common Stock,$54.55,-6.64,-10.851%,5399034264.00,United States,1996,3660418,Industrials,Aluminum
CEPU,Central Puerto S.A. American Depositary Shares (each represents ten Common Shares),$15.86,-0.09,-0.564%,2400839569.00,,2018,133879,Utilities,Electric Utilities: Central
CFR,Cullen/Frost Bankers Inc. Common Stock,$145.04,-2.96,-2.00%,9108083842.00,United States,,1334004,Finance,Major Banks
CGABL,The Carlyle Group Inc. 4.625% Subordinated Notes due 2061,$16.31,0.005,0.031%,5899407033.00,United States,,13397,Finance,Investment Managers
CGAU,Centerra Gold Inc. Common Shares,$16.95,0.81,5.019%,3385089941.00,Canada,2021,2017754,Basic Materials,Precious Metals
CGON,CG Oncology Inc. Common stock,$59.55,-0.01,-0.017%,5252457267.00,United States,2024,962116,Health Care,Biotechnology: Biological Products (No Diagnostic Substances)
CHA,Chagee Holdings Limited American Depositary Shares,$11.80,-0.36,-2.961%,2251007247.00,China,2025,460993,Consumer Discretionary,Restaurants
CHDN,Churchill Downs Incorporated Common Stock,$92.30,5.36,6.165%,6433024608.00,United States,,1989615,Consumer Discretionary,Services-Misc. Amusement & Recreation
CHE,Chemed Corp,$423.49,4.18,0.997%,5621450303.00,United States,,311416,Health Care,Medical/Nursing Services
CHEF,The Chefs' Warehouse Inc. Common Stock,$94.06,3.31,3.647%,3835543784.00,United States,2011,1288622,Consumer Discretionary,Food Distributors
CHH,Choice Hotels International Inc. Common Stock,$112.00,2.44,2.227%,5095495216.00,United States,,557449,Consumer Discretionary,Hotels/Resorts
CHRD,Chord Energy Corporation Common Stock,$127.60,-7.74,-5.719%,7183775751.00,United States,,1488658,Energy,Oil & Gas Production
CHWY,Chewy Inc. Class A Common Stock,$19.34,0.03,0.155%,7918264163.00,United States,2019,9519585,Consumer Discretionary,Catalog/Specialty Distribution
CHYM,Chime Financial Inc. Class A Common Stock,$17.64,0.94,5.629%,6721177612.00,United States,2025,4413468,Finance,Finance: Consumer Services
CIG,Comp En De Mn Cemig ADS American Depositary Shares,$2.09,0.00,0.00%,5981124161.00,Brazil,,8605658,Utilities,Electric Utilities: Central
CIGI,Colliers International Group Inc. Subordinate Voting Shares,$95.09,-2.30,-2.362%,4859462339.00,Canada,,188221,Finance,Real Estate
CII,BlackRock Enhanced Large Cap Core Fund Inc. Common Stock,$24.86,0.44,1.802%,3698235029.00,United States,2004,49907,Finance,Investment Bankers/Brokers/Service
CIMN,Chimera Investment Corporation 9.000% Senior Notes due 2029,$25.18,0.11,0.439%,2027762925.00,United States,2024,2376,Real Estate,Real Estate Investment Trusts
CLBK,Columbia Financial Inc. Common Stock,$20.12,-0.58,-2.802%,2093435076.00,United States,2018,602974,Finance,Savings Institutions
CLBT,Cellebrite DI Ltd. Ordinary Shares,$13.05,0.21,1.636%,3255189612.00,Israel,,1573990,Technology,Computer Software: Prepackaged Software
CLDX,Celldex Therapeutics Inc.,$32.12,0.85,2.718%,2521165353.00,United States,,1007199,Health Care,Biotechnology: In Vitro & In Vivo Diagnostic Substances
CLF,Cleveland-Cliffs Inc. Common Stock,$13.63,-0.15,-1.089%,7774751775.00,United States,,18128816,Basic Materials,Metal Mining
CLMT,Calumet Inc. Common Stock,$33.41,-1.01,-2.934%,2911586181.00,United States,2006,916917,Energy,Integrated oil Companies
CLOV,Clover Health Investments Corp. Class A Common Stock,$4.81,0.08,1.691%,2533351598.00,United States,,7129481,Health Care,Medical Specialities
CLSK,CleanSpark Inc. Common Stock,$17.14,0.66,4.005%,4398271507.00,United States,,19662173,Finance,Finance: Consumer Services
CMBT,CMB.TECH NV Ordinary Shares,$15.43,-0.07,-0.452%,4875535093.00,,2015,1315449,Consumer Discretionary,Marine Transportation
CMC,Commercial Metals Company Common Stock,$77.03,-0.73,-0.939%,8541655190.00,United States,,916479,Industrials,Steel/Iron Ore
CMCM,Cheetah Mobile Inc. American Depositary Shares each representing fifty (50) Class A Ordinary Shares,$3.47,-0.235,-6.343%,2704503919.00,China,2022,55214,Technology,Computer Software: Prepackaged Software
CMPR,Cimpress plc Ordinary Shares (Ireland),$83.33,-5.55,-6.244%,2019260060.00,Netherlands,2005,393281,Consumer Discretionary,Publishing
CMSA,CMS Energy Corporation 5.625% Junior Subordinated Notes due 2078,$21.16,0.05,0.237%,6333938355.00,United States,2018,11001,Utilities,Power Generation
CMSC,CMS Energy Corporation 5.875% Junior Subordinated Notes due 2078,$22.34,0.01,0.045%,6687154199.00,United States,2018,5838,Utilities,Power Generation
CMSD,CMS Energy Corporation 5.875% Junior Subordinated Notes due 2079,$22.32,0.06,0.27%,6681167490.00,United States,2019,24047,Utilities,Power Generation
CNK,Cinemark Holdings Inc Cinemark Holdings Inc. Common Stock,$32.17,-1.63,-4.822%,3757062207.00,United States,2007,2645571,Consumer Discretionary,Movies/Entertainment
CNM,Core & Main Inc. Class A Common Stock,$47.61,-0.72,-1.49%,9213488866.00,United States,2021,4374831,Consumer Discretionary,Durable Goods
CNO,CNO Financial Group Inc. Common Stock,$50.41,0.05,0.099%,4705698036.00,United States,,686203,Finance,Accident &Health Insurance
CNR,Core Natural Resources Inc. Common Stock,$87.73,-4.44,-4.817%,4422259625.00,United States,2017,903202,Energy,Coal Mining
CNS,Cohen & Steers Inc Common Stock,$77.13,0.08,0.104%,3964012201.00,United States,2004,194122,Finance,Investment Managers
CNTA,Centessa Pharmaceuticals plc American Depositary Shares,$39.76,0.04,0.101%,6152023688.00,United Kingdom,2021,1612496,Health Care,Biotechnology: Pharmaceutical Preparations
CNX,CNX Resources Corporation Common Stock,$32.96,-0.19,-0.573%,4663101498.00,United States,1999,2506656,Energy,Oil & Gas Production
COCO,The Vita Coco Company Inc. Common Stock,$82.85,1.95,2.41%,4731782473.00,United States,2021,1026129,Consumer Staples,Beverages (Production/Distribution)
COGT,Cogent Biosciences Inc. Common Stock,$33.17,0.07,0.211%,5667691693.00,United States,2018,1974776,Health Care,Biotechnology: Pharmaceutical Preparations
COHU,Cohu Inc. Common Stock,$64.05,2.72,4.435%,3021580975.00,United States,,1273048,Industrials,Electrical Products
COLB,Columbia Banking System Inc. Common Stock,$30.95,-0.36,-1.15%,8959726828.00,United States,1992,3584859,Finance,Major Banks
COLD,Americold Realty Trust Inc. Common Stock,$14.55,0.09,0.622%,4151203057.00,United States,2018,3048329,Real Estate,Real Estate Investment Trusts
COLM,Columbia Sportswear Company Common Stock,$66.87,-0.12,-0.179%,3419784761.00,United States,1998,485565,Consumer Discretionary,Apparel
COMP,Compass Inc. Class A Common Stock,$9.14,0.55,6.403%,6828978831.00,United States,2021,16952078,Technology,EDP Services
CON,Concentra Group Holdings Parent Inc. Common Stock,$28.15,0.02,0.071%,3602124107.00,United States,2024,893192,Health Care,Medical Specialities
CORT,Corcept Therapeutics Incorporated Common Stock,$83.12,0.21,0.253%,8923064493.00,United States,2004,1042156,Health Care,Biotechnology: Pharmaceutical Preparations
CORZ,Core Scientific Inc. Common Stock,$28.22,0.62,2.246%,8970722940.00,United States,,11315300,Finance,Finance: Consumer Services
CORZW,Core Scientific Inc. Tranche 1 Warrants,$21.42,0.64,3.08%,6809102955.00,United States,,1019322,Finance,Finance: Consumer Services
CORZZ,Core Scientific Inc. Tranche 2 Warrants,$28.25,0.78,2.839%,8980259499.00,United States,,6398,Finance,Finance: Consumer Services
CPA,Copa Holdings S.A. Class A Common Stock,$144.40,2.71,1.913%,5940407053.00,Panama,2005,642792,Consumer Discretionary,Air Freight/Delivery Services
CPB,The Campbell's Company Common Stock,$22.31,-0.50,-2.192%,6652981281.00,United States,,7282214,Consumer Staples,Packaged Foods
CPK,Chesapeake Utilities Corporation Common Stock,$121.96,-1.59,-1.287%,2927620652.00,United States,,143409,Utilities,Oil & Gas Production
CPRI,Capri Holdings Limited Ordinary Shares,$21.06,-0.27,-1.266%,2425784222.00,Hong Kong,2011,2717947,Consumer Discretionary,Apparel
CPRX,Catalyst Pharmaceuticals Inc. Common Stock,$31.37,0.01,0.032%,3839091719.00,United States,2006,2817571,Health Care,Biotechnology: Pharmaceutical Preparations
CRC,California Resources Corporation Common Stock,$56.59,-2.02,-3.447%,5024903448.00,United States,2020,712521,Energy,Oil & Gas Production
CRGY,Crescent Energy Company Class A Common Stock,$11.02,-0.56,-4.836%,3639372941.00,United States,2021,5226990,Energy,Oil & Gas Production
CRK,Comstock Resources Inc. Common Stock,$13.05,-0.47,-3.476%,3832730608.00,United States,,2581101,Energy,Oil & Gas Production
CRL,Charles River Laboratories International Inc. Common Stock,$188.47,0.96,0.512%,9078172073.00,United States,2000,690549,Health Care,Biotechnology: Commercial Physical & Biological Resarch
CRNX,Crinetics Pharmaceuticals Inc. Common Stock,$35.12,0.65,1.886%,3703060105.00,United States,2018,931273,Health Care,Biotechnology: Pharmaceutical Preparations
CROX,Crocs Inc. Common Stock,$126.27,1.56,1.251%,6274311853.00,United States,2006,1270117,Consumer Discretionary,Shoe Manufacturing
CRSP,CRISPR Therapeutics AG Common Shares,$52.61,2.81,5.643%,5074170947.00,Switzerland,2016,1827748,Health Care,Biotechnology: Biological Products (No Diagnostic Substances)
CRUS,Cirrus Logic Inc. Common Stock,$165.94,1.85,1.127%,8372124025.00,United States,1989,414975,Technology,Semiconductors
CRVL,CorVel Corp. Common Stock,$58.89,-1.45,-2.403%,2985203885.00,United States,,197907,Finance,Specialty Insurers
CSAN,Cosan S.A. ADS,$2.62,-0.05,-1.873%,2598103960.00,Brazil,2021,1606679,Consumer Discretionary,Retail-Auto Dealers and Gas Stations
CSQ,Calamos Strategic Total Return Common Stock,$20.43,0.33,1.642%,3246074117.00,United States,2004,237727,Finance,Finance Companies
CSTM,Constellium SE Ordinary Shares (France),$34.71,-0.89,-2.50%,4725782120.00,Netherlands,2013,2197294,Industrials,Metal Fabrications
CSW,CSW Industrials Inc. Common Stock,$272.66,0.59,0.217%,4449670235.00,United States,,166758,Industrials,Home Furnishings
CTOS,Custom Truck One Source Inc. Common Stock,$10.56,-0.10,-0.938%,2401690590.00,Cayman Islands,2017,875505,Consumer Discretionary,Diversified Commercial Services
CTRE,CareTrust REIT Inc. Common Stock,$37.04,0.19,0.516%,8750338304.00,United States,2022,5284617,Real Estate,Real Estate Investment Trusts
CTRI,Centuri Holdings Inc. Common Stock,$31.59,1.24,4.086%,3188525973.00,United States,2024,744594,Utilities,Oil & Gas Production
CUBE,CubeSmart Common Shares,$41.32,-0.57,-1.361%,9355411192.00,United States,,1503676,Real Estate,Real Estate Investment Trusts
CUBI,Customers Bancorp Inc Common Stock,$76.47,-1.74,-2.225%,2586604479.00,United States,,209987,Finance,Major Banks
CURB,Curbline Properties Corp. Common Stock,$30.45,-0.51,-1.647%,3213673025.00,United States,2024,1140781,Finance,Real Estate
CUZ,Cousins Properties Incorporated Common Stock,$28.69,-0.32,-1.103%,4720662154.00,United States,,1485528,Real Estate,Real Estate Investment Trusts
CVBF,CVB Financial Corporation Common Stock,$20.84,-0.39,-1.837%,3677326285.00,United States,,1331430,Finance,Major Banks
CVCO,Cavco Industries Inc. Common Stock When Issued,$592.48,-0.28,-0.047%,4552603878.00,United States,,77348,Consumer Discretionary,Homebuilding
CVI,CVR Energy Inc. Common Stock,$28.88,-1.79,-5.836%,2903323699.00,United States,2007,885848,Energy,Integrated oil Companies
CVLT,Commvault Systems Inc. Common Stock,$127.34,-0.42,-0.329%,5252854842.00,United States,2006,752235,Technology,Computer Software: Prepackaged Software
CVSA,Covista Inc. Common Shares,$117.65,-10.75,-8.372%,4003733856.00,United States,,374444,Real Estate,Other Consumer Services
CWAN,Clearwater Analytics Holdings Inc. Class A Common Stock,$24.26,-0.07,-0.288%,7241325940.00,United States,2021,5710645,Technology,Computer Software: Prepackaged Software
CWEN,Clearway Energy Inc. Class C Common Stock,$38.61,1.14,3.042%,4671810000.00,United States,2015,1692981,Utilities,Electric Utilities: Central
CWK,Cushman & Wakefield Ltd. Common Shares,$13.39,-0.11,-0.815%,3137283762.00,United States,2018,1482019,Finance,Real Estate
CWST,Casella Waste Systems Inc. Class A Common Stock,$88.10,-1.27,-1.421%,5604035802.00,United States,1997,737177,Utilities,Environmental Services
CWT,California Water Service Group Common Stock,$45.37,-0.20,-0.439%,2715542497.00,United States,,582788,Utilities,Water Supply
CXT,Crane NXT Co. Common Stock,$42.52,0.05,0.118%,2446701445.00,United States,,961153,Industrials,Metal Fabrications
CXW,CoreCivic Inc. Common Stock,$27.77,0.67,2.472%,2746132534.00,United States,,1493981,Real Estate,Real Estate Investment Trusts
CYTK,Cytokinetics Incorporated Common Stock,$71.38,1.23,1.753%,8881996490.00,United States,2004,1012367,Health Care,Biotechnology: Pharmaceutical Preparations
CZR,Caesars Entertainment Inc. Common Stock,$29.50,0.01,0.034%,6008469435.00,United States,,3774321,Consumer Discretionary,Hotels/Resorts
DAC,Danaos Corporation Common Stock,$131.31,0.01,0.008%,2390298302.00,Greece,2006,70200,Consumer Discretionary,Marine Transportation
DAN,Dana Incorporated Common Stock ,$29.48,-1.33,-4.317%,3190788407.00,United States,,2194041,Consumer Discretionary,Auto Parts:O.E.M.
DAR,Darling Ingredients Inc. Common Stock,$56.12,-0.87,-1.527%,8919003612.00,United States,1997,2159921,Consumer Staples,Packaged Foods
DAVE,Dave Inc. Class A Common Stock,$308.75,21.97,7.661%,3956127370.00,United States,,1197164,Finance,Finance: Consumer Services
DBD,Diebold Nixdorf Incorporated Common stock,$82.71,0.99,1.211%,2864114302.00,United States,2023,261432,Miscellaneous,Office Equipment/Supplies/Services
DBRG,DigitalBridge Group Inc.,$15.72,0.01,0.064%,2866893845.00,United States,2014,1688420,Real Estate,Real Estate Investment Trusts
DBX,Dropbox Inc. Class A Common Stock,$27.23,0.14,0.517%,6352776672.00,United States,2018,3720572,Technology,Computer Software: Prepackaged Software
DCO,Ducommun Incorporated Common Stock,$165.25,0.71,0.432%,2492888625.00,United States,,250100,Industrials,Military/Government/Technical
DDS,Dillard's Inc. Common Stock,$565.78,-44.23,-7.251%,8837184302.00,United States,,143688,Consumer Discretionary,Department/Specialty Retail Stores
DEI,Douglas Emmett Inc. Common Stock,$12.22,-0.06,-0.489%,2046669963.00,United States,2006,1534016,Real Estate,Real Estate Investment Trusts
DFTX,Definium Therapeutics Inc. Common Shares,$23.77,-0.98,-3.96%,2592517432.00,United States,,1386945,Health Care, Medicinal Chemicals and Botanical Products 
DGII,Digi International Inc. Common Stock,$68.96,0.28,0.408%,2599943643.00,United States,1989,278449,Telecommunications,Computer Communications Equipment
DHC,Diversified Healthcare Trust Common Shares of Beneficial Interest,$8.83,-0.20,-2.215%,2137804157.00,United States,,1870015,Real Estate,Real Estate Investment Trusts
DHCNI,Diversified Healthcare Trust 5.625% Senior Notes due 2042,$18.21,0.0199,0.109%,4396155441.00,United States,,3999,Real Estate,Real Estate Investment Trusts
DHCNL,Diversified Healthcare Trust 6.25% Senior Notes Due 2046,$18.602,0.202,1.098%,4490789869.00,United States,,6087,Real Estate,Real Estate Investment Trusts
DHT,DHT Holdings Inc.,$18.48,0.91,5.179%,2976049452.00,Jersey,2005,7852709,Consumer Discretionary,Marine Transportation
DIOD,Diodes Incorporated Common Stock,$113.15,4.40,4.046%,5198646652.00,United States,,376710,Technology,Semiconductors
DJT,Trump Media & Technology Group Corp. Common Stock,$8.44,0.64,8.205%,2337490308.00,United States,2024,5420414,Technology,Computer Software: Programming Data Processing
DK,Delek US Holdings Inc. Common Stock,$44.73,-2.49,-5.273%,2741391754.00,United States,2017,1226035,Energy,Integrated oil Companies
DKL,Delek Logistics Partners L.P. Common Units representing Limited Partner Interests,$49.52,-3.50,-6.601%,2632889462.00,United States,2012,109346,Energy,Natural Gas Distribution
DLB,Dolby Laboratories Common Stock,$53.44,0.92,1.752%,5055323266.00,United States,2005,932484,Miscellaneous,Multi-Sector Companies
DLO,DLocal Limited Class A Common Shares,$12.66,0.41,3.347%,3733838563.00,Uruguay,2021,1775053,Consumer Discretionary,Business Services
DNLI,Denali Therapeutics Inc. Common Stock,$22.22,0.56,2.585%,3526530356.00,United States,2017,1393793,Health Care,Biotechnology: Biological Products (No Diagnostic Substances)
DNN,Denison Mines Corp Ordinary Shares (Canada),$3.31,0.25,8.17%,2995606144.00,Canada,,28073578,Basic Materials,Other Metals and Minerals
DNOW,DNOW Inc. Common Stock,$13.70,-0.33,-2.352%,2500879981.00,United States,2014,3375388,Consumer Discretionary,Oil and Gas Field Machinery
DNTH,Dianthus Therapeutics Inc. Common Stock,$82.51,0.44,0.536%,4510510885.00,United States,2018,764768,Health Care,Biotechnology: Pharmaceutical Preparations
DOCS,Doximity Inc. Class A Common Stock,$20.68,0.64,3.194%,3781793932.00,United States,2021,3638826,Technology,EDP Services
DOCU,DocuSign Inc. Common Stock,$44.195,-0.835,-1.854%,8438796951.00,United States,1989,5502588,Technology,Computer Software: Prepackaged Software
DOO,BRP Inc. Common Subordinate Voting Shares,$60.35,0.07,0.116%,4456644302.00,Canada,,146699,Consumer Discretionary,Industrial Specialties
DORM,Dorman Products Inc. Common Stock,$126.14,-1.72,-1.345%,3769415004.00,United States,,225452,Consumer Discretionary,Auto Parts:O.E.M.
DOX,Amdocs Limited Ordinary Shares,$55.90,-0.50,-0.887%,6034379230.00,Guernsey,,1494980,Technology,EDP Services
DRD,DRDGOLD Limited American Depositary Shares,$25.19,1.72,7.329%,2177898960.00,South Africa,,271636,Basic Materials,Precious Metals
DRH,Diamondrock Hospitality Company Common Stock,$11.94,0.02,0.168%,2441617657.00,United States,2005,1405983,Real Estate,Real Estate Investment Trusts
DRVN,Driven Brands Holdings Inc. Common Stock,$13.46,0.03,0.223%,2220307275.00,United States,2021,1005322,Consumer Discretionary,Automotive Aftermarket
DSGX,Descartes Systems Group Inc. (The) Common Stock,$72.51,-0.46,-0.63%,6213441866.00,Canada,,350256,Technology,Computer Software: Prepackaged Software
DTB,DTE Energy Company 2020 Series G 4.375% Junior Subordinated Debentures due 2080,$17.045,0.1236,0.73%,3545842595.00,United States,2020,15309,Utilities,Electric Utilities: Central
DTG,DTE Energy Company 2021 Series E 4.375% Junior Subordinated Debentures,$16.94,0.1099,0.653%,3523999622.00,United States,2021,8014,Utilities,Electric Utilities: Central
DTW,DTE Energy Company 2017 Series E 5.25% Junior Subordinated Debentures due 2077,$20.93,0.03,0.144%,4354032591.00,United States,2017,20342,Utilities,Electric Utilities: Central
DUOL,Duolingo Inc. Class A Common Stock,$127.06,4.43,3.612%,5920121446.00,United States,2021,1509871,Technology,Computer Software: Prepackaged Software
DX,Dynex Capital Inc. Common Stock,$13.10,0.17,1.315%,2818476882.00,United States,,4495301,Real Estate,Real Estate Investment Trusts
DXPE,DXP Enterprises Inc. Common Stock,$168.08,-0.83,-0.491%,2606132841.00,United States,,88239,Industrials,Industrial Machinery/Components
DYN,Dyne Therapeutics Inc. Common Stock,$18.73,0.54,2.969%,3096327399.00,United States,2020,1644040,Health Care,Biotechnology: Pharmaceutical Preparations
EAI,Entergy Arkansas LLC First Mortgage Bonds 4.875% Series Due September 1 2066,$20.045,0.08,0.401%,9177243843.00,United States,2016,10133,Utilities,Electric Utilities: Central
EAT,Brinker International Inc. Common Stock,$156.24,-3.08,-1.933%,6700788310.00,United States,,943968,Consumer Discretionary,Restaurants
EBC,Eastern Bankshares Inc. Common Stock,$20.42,-0.33,-1.59%,4719942082.00,United States,2020,4952204,Finance,Savings Institutions
ECG,Everus Construction Group Inc. Common Stock,$155.95,7.12,4.784%,7959938456.00,United States,2024,667048,Consumer Discretionary,Homebuilding
ECO,Okeanis Eco Tankers Corp. Common Stock,$53.19,0.45,0.853%,2076785199.00,,,535736,Consumer Discretionary,Marine Transportation
EE,Excelerate Energy Inc. Class A Common Stock,$35.04,0.79,2.307%,3989626999.00,United States,2022,371065,Utilities,Oil/Gas Transmission
EEFT,Euronet Worldwide Inc. Common Stock,$66.90,0.24,0.36%,2547223789.00,United States,1997,653264,Finance,Investment Bankers/Brokers/Service
EFSC,Enterprise Financial Services Corporation Common Stock,$62.77,-1.08,-1.691%,2296490980.00,United States,,211170,Finance,Major Banks
EFXT,Enerflex Ltd Common Shares,$24.05,-0.25,-1.029%,2935710244.00,Canada,2022,538419,Industrials,Industrial Machinery/Components
EHC,Encompass Health Corporation Common Stock,$99.36,-2.11,-2.079%,9856420589.00,United States,,1016209,Health Care,Hospital/Nursing Management
ELC,Entergy Louisiana Inc. Collateral Trust Mortgage Bonds 4.875 % Series due September 1 2066,$20.02,0.03,0.15%,4269015791.00,United States,2016,12636,Utilities,Electric Utilities: Central
ELF,e.l.f. Beauty Inc. Common Stock,$63.99,2.84,4.644%,3803599259.00,United States,2016,3133807,Consumer Discretionary,Package Goods/Cosmetics
ELPC,Companhia Paranaense de Energia (COPEL) American Depositary Shares (each representing four (4) Common Shares),$11.69,0.08,0.689%,8717263955.00,Brazil,2023,201140,Utilities,Electric Utilities: Central
ELVN,Enliven Therapeutics Inc. Common Stock,$42.36,-3.77,-8.173%,2579933513.00,United States,2020,2790628,Health Care,Biotechnology: Pharmaceutical Preparations
EMN,Eastman Chemical Company Common Stock,$75.28,0.06,0.08%,8608264989.00,United States,,1562034,Industrials,Major Chemicals
EMP,Entergy Mississippi LLC First Mortgage Bonds 4.90% Series Due October 1 2066,$20.6699,0.0898,0.436%,9463343104.00,United States,2016,1441,Utilities,Electric Utilities: Central
ENIC,Enel Chile S.A. American Depositary Shares (Each representing 50 shares of Common Stock),$4.59,0.13,2.915%,6349489951.00,Chile,2016,596445,Utilities,Electric Utilities: Central
ENJ,Entergy New Orleans LLC First Mortgage Bonds 5.0% Series due December 1 2052,$20.00,0.00,0.00%,9156641400.00,United States,,16,Utilities,Power Generation
ENO,Entergy New Orleans LLC First Mortgage Bonds 5.50% Series due April 1 2066,$21.62,0.03,0.139%,4623022891.00,United States,2016,962,Utilities,Power Generation
ENPH,Enphase Energy Inc. Common Stock,$52.395,-2.195,-4.021%,6905567737.00,United States,2012,6571762,Technology,Semiconductors
ENS,EnerSys Common Stock,$231.42,7.16,3.193%,8450943028.00,United States,2004,647048,Technology,Industrial Machinery/Components
ENSG,The Ensign Group Inc. Common Stock,$150.71,1.34,0.897%,8808306234.00,United States,2007,705527,Health Care,Hospital/Nursing Management
ENVA,Enova International Inc. Common Stock,$189.16,-0.17,-0.09%,4707226927.00,United States,2014,356913,Finance,Finance: Consumer Services
EOSE,Eos Energy Enterprises Inc. Class A Common Stock,$6.38,0.32,5.281%,2166099492.00,United States,,13495178,Miscellaneous,Industrial Machinery/Components
EPAM,EPAM Systems Inc. Common Stock,$92.72,-2.66,-2.789%,4844105497.00,United States,2012,1406531,Technology,EDP Services
EPR,EPR Properties Common Stock,$58.36,-1.49,-2.49%,4464987388.00,United States,1997,722652,Real Estate,Real Estate Investment Trusts
EPRT,Essential Properties Realty Trust Inc. Common Stock,$30.26,-0.62,-2.008%,6543602598.00,United States,2018,2054240,Real Estate,Real Estate Investment Trusts
EQPT,EquipmentShare.com Inc Class A Common Stock,$21.24,1.32,6.627%,5360447060.00,United States,2026,1315607,Consumer Discretionary,Diversified Commercial Services
EQX,Equinox Gold Corp. Common Shares,$11.20,0.66,6.262%,8837988701.00,Canada,,13364602,Basic Materials,Precious Metals
ERAS,Erasca Inc. Common Stock,$14.43,0.38,2.705%,4487506941.00,United States,2021,2916477,Health Care,Biotechnology: Pharmaceutical Preparations
ERO,Ero Copper Corp. Common Shares,$30.71,1.32,4.491%,3202376397.00,Canada,2021,2290341,Basic Materials,Metal Mining
EROC,ERock Inc. Class A Common Stock,$16.14,-0.81,-4.779%,3536794047.00,,2026,3912490,Energy,Industrial Machinery/Components
EROK,EagleRock Land LLC Class A shares representing limited liability company interests,$20.28,-0.97,-4.565%,2638934980.00,,2026,187320,Energy,Oil & Gas Production
ESAB,ESAB Corporation Common Stock,$96.72,5.15,5.624%,5888479185.00,United States,2022,1624131,Industrials,Industrial Machinery/Components
ESE,ESCO Technologies Inc. Common Stock,$327.80,14.06,4.481%,8492370982.00,United States,,262173,Telecommunications,Telecommunications Equipment
ESNT,Essent Group Ltd. Common Shares,$58.20,-0.18,-0.308%,5363296452.00,Bermuda,2013,717908,Finance,Property-Casualty Insurers
ESTA,Establishment Labs Holdings Inc. Common Shares,$84.21,2.07,2.52%,2478333142.00,Costa Rica,2018,478841,Health Care,Industrial Specialties
ESTC,Elastic N.V. Ordinary Shares,$62.30,1.95,3.231%,6476186736.00,United States,2018,2342335,Technology,Computer Software: Prepackaged Software
ETOR,eToro Group Ltd. Class A Common Shares,$39.75,1.23,3.193%,3201716737.00,Israel,2025,475884,Finance,Investment Bankers/Brokers/Service
ETSY,Etsy Inc. Common Stock,$72.19,2.71,3.90%,6850558916.00,United States,2025,4122845,Consumer Discretionary,Business Services
EWTX,Edgewise Therapeutics Inc. Common Stock,$35.21,0.38,1.091%,3788349741.00,United States,2021,933762,Health Care,Biotechnology: Pharmaceutical Preparations
EXK,Endeavour Silver Corporation Ordinary Shares (Canada),$9.11,0.52,6.054%,2697186786.00,Canada,,7871114,Basic Materials,Precious Metals
EXLS,ExlService Holdings Inc. Common Stock,$28.41,-0.43,-1.491%,4340563070.00,United States,2006,1853870,Consumer Discretionary,Business Services
EXP,Eagle Materials Inc Common Stock,$217.96,2.71,1.259%,6745458120.00,United States,,402029,Industrials,Building Materials
EXPO,Exponent Inc. Common Stock,$57.24,0.16,0.28%,2776805644.00,United States,,450836,Consumer Discretionary,Professional Services
EXTR,Extreme Networks Inc. Common Stock,$31.67,0.56,1.80%,4141742047.00,United States,1999,2279511,Telecommunications,Computer Communications Equipment
FA,First Advantage Corporation Common Stock,$16.99,0.50,3.032%,2914414429.00,United States,2021,13837094,Technology,EDP Services
FAF,First American Corporation (New) Common Stock,$66.32,0.58,0.882%,6758008000.00,United States,,722388,Finance,Specialty Insurers
FBIN,Fortune Brands Innovations Inc. Common Stock,$43.01,-0.21,-0.486%,5130809865.00,United States,,1795244,Basic Materials,Forest Products
FBK,FB Financial Corporation Common Stock,$53.78,-1.22,-2.218%,2770931786.00,United States,2016,306622,Finance,Major Banks
FBNC,First Bancorp Common Stock,$60.75,-1.03,-1.667%,2513556340.00,United States,1987,143772,Finance,Major Banks
FBP,First BanCorp. New Common Stock,$25.24,-0.26,-1.02%,3904233044.00,Puerto Rico,,1352356,Finance,Major Banks
FCFS,FirstCash Holdings Inc. Common Stock,$223.78,-1.11,-0.494%,9809773817.00,United States,1991,376316,Consumer Discretionary,Other Specialty Stores
FCN,FTI Consulting Inc. Common Stock,$156.60,-1.97,-1.242%,4720557134.00,United States,1999,470636,Consumer Discretionary,Professional Services
FCPT,Four Corners Property Trust Inc. Common Stock,$24.85,-0.42,-1.662%,2727267545.00,United States,2015,615385,Real Estate,Real Estate Investment Trusts
FDS,FactSet Research Systems Inc. Common Stock,$235.86,-5.30,-2.198%,8592645614.00,United States,2000,579444,Technology,Computer Software: Programming Data Processing
FELE,Franklin Electric Co. Inc. Common Stock,$103.50,-0.065,-0.063%,4572861012.00,United States,,210259,Consumer Discretionary,Metal Fabrications
FFBC,First Financial Bancorp. Common Stock,$31.71,-0.59,-1.827%,3327310450.00,United States,,683997,Finance,Major Banks
FFIN,First Financial Bankshares Inc. Common Stock,$33.35,-0.30,-0.892%,4778452366.00,United States,,897493,Finance,Major Banks
FG,F&G Annuities & Life Inc. Common Stock,$28.67,-0.24,-0.83%,3798344663.00,United States,2022,892623,Finance,Life Insurance
FGN,F&G Annuities & Life Inc. 7.950% Senior Notes due 2053,$24.58,0.13,0.532%,3099502310.00,United States,2023,24314,Finance,Life Insurance
FHB,First Hawaiian Inc. Common Stock,$28.20,-0.49,-1.708%,3430501039.00,United States,2016,1159167,Finance,Major Banks
FHI,Federated Hermes Inc. Common Stock,$58.21,-0.04,-0.069%,4418875531.00,United States,,607267,Finance,Investment Managers
FIBK,First Interstate BancSystem Inc. Common Stock (DE),$36.43,-0.68,-1.832%,3538915082.00,United States,2010,802330,Finance,Major Banks
FIG,Figma Inc. Class A Common Stock,$18.51,-0.03,-0.162%,9780250366.00,United States,2025,18317987,Technology,Computer Software: Prepackaged Software
FIGR,Figure Technology Solutions Inc. Class A Common Stock,$28.99,1.06,3.795%,6392752926.00,U.S. Virgin Islands,2025,3212175,Finance,Finance: Consumer Services
FIGS,FIGS Inc. Class A Common Stock,$12.42,0.46,3.846%,2074726882.00,United States,2021,4040015,Consumer Discretionary,Apparel
FIZZ,National Beverage Corp. Common Stock,$36.55,-0.39,-1.056%,3422253328.00,United States,,309689,Consumer Staples,Beverages (Production/Distribution)
FLG,Flagstar Bank N.A. Common Stock,$15.07,0.13,0.87%,6281403889.00,United States,,5855267,Finance,Banks
FLNC,Fluence Energy Inc. Class A Common Stock,$24.18,0.47,1.982%,4455897340.00,United States,2021,8948693,Miscellaneous,Industrial Machinery/Components
FLOC,Flowco Holdings Inc. Class A Common Stock,$23.60,-0.13,-0.548%,2132151818.00,United States,2025,755067,Consumer Discretionary,Oil and Gas Field Machinery
FLR,Fluor Corporation Common Stock,$50.47,-0.29,-0.571%,7049139651.00,United States,,2132260,Industrials,Military/Government/Technical
FLY,Firefly Aerospace Inc. Common Stock,$33.36,1.49,4.675%,5345446839.00,United States,2025,7649853,Industrials,Military/Government/Technical
FNB,F.N.B. Corporation Common Stock,$18.29,-0.35,-1.878%,6510580627.00,United States,,5415255,Finance,Major Banks
FND,Floor & Decor Holdings Inc. Common Stock,$53.13,-0.21,-0.394%,5743042190.00,United States,2017,3227555,Consumer Discretionary,RETAIL: Building Materials
FOUR,Shift4 Payments Inc. Class A Common Stock,$39.94,-1.24,-3.011%,3168397225.00,United States,2020,1816938,Consumer Discretionary,Business Services
FR,First Industrial Realty Trust Inc. Common Stock,$63.37,-0.20,-0.315%,8400987769.00,United States,1994,2127486,Real Estate,Real Estate Investment Trusts
FRHC,Freedom Holding Corp. Common Stock,$138.90,0.70,0.507%,8513539501.00,Kazakhstan,,314406,Finance,Investment Bankers/Brokers/Service
FRME,First Merchants Corporation Common Stock,$41.15,-0.94,-2.233%,2593385792.00,United States,,294411,Finance,Major Banks
FRMI,Fermi Inc. Common Stock,$7.48,0.34,4.762%,4769055308.00,United States,2025,20851740,Real Estate,Real Estate Investment Trusts
FRO,Frontline Plc Ordinary Shares,$39.43,0.36,0.921%,8778020513.00,Bermuda,,6662555,Consumer Discretionary,Marine Transportation
FROG,JFrog Ltd. Ordinary Shares,$80.39,2.65,3.409%,9736814612.00,United States,2020,2307096,Technology,Computer Software: Prepackaged Software
FRPT,Freshpet Inc. Common Stock,$54.49,1.83,3.475%,2677790682.00,United States,2014,1440303,Consumer Staples,Packaged Foods
FRSH,Freshworks Inc. Class A Common Stock,$9.51,0.065,0.688%,2628888928.00,United States,2021,16651950,Technology,Computer Software: Prepackaged Software
FSK,FS KKR Capital Corp. Common Stock,$10.93,-0.13,-1.175%,3061126113.00,United States,2014,3269990,Finance,Investment Managers
FSLY,Fastly Inc. Class A Common Stock,$18.55,0.00,0.00%,2903075000.00,United States,,7662044,Technology,Computer Software: Prepackaged Software
FSM,Fortuna Mining Corp. Common Shares,$9.45,0.52,5.823%,2878067307.00,Canada,,5444848,Basic Materials,Precious Metals
FSS,Federal Signal Corporation Common Stock,$110.40,1.29,1.182%,6734649062.00,United States,,363230,Industrials,Auto Manufacturing
FSV,FirstService Corporation Common Shares,$143.71,0.35,0.244%,6608038873.00,Canada,,217693,Finance,Real Estate
FTAIM,FTAI Aviation Ltd. 9.500% Fixed-Rate Reset Series D Cumulative Perpetual Redeemable Preferred Shares,$26.70,0.07,0.263%,2738965352.00,United States,,20166,Industrials,Misc Corporate Leasing Services
FTDR,Frontdoor Inc. Common Stock,$69.79,0.96,1.395%,4901695206.00,United States,,1096173,Consumer Discretionary,Diversified Commercial Services
FUL,H. B. Fuller Company Common Stock,$64.42,0.79,1.242%,3510071479.00,United States,,618783,Industrials,Home Furnishings
FULT,Fulton Financial Corporation Common Stock,$22.90,-0.46,-1.969%,4376959119.00,United States,,2781387,Finance,Major Banks
FULTP,Fulton Financial Corporation Depositary Shares Each Representing a 1/40th Interest in a Share of Fixed Rate Non-Cumulative Perpetual Preferred Stock Series A,$18.58,0.16,0.869%,3551262028.00,United States,,3933,Finance,Major Banks
FUN,Six Flags Entertainment Corporation Common Stock New,$23.34,-0.10,-0.427%,2385440006.00,United States,,2848730,Consumer Discretionary,Services-Misc. Amusement & Recreation
G,Genpact Limited Common Stock,$31.00,-1.06,-3.306%,5254701810.00,Bermuda,2007,2905791,Consumer Discretionary,Professional Services
GAP,Gap Inc. (The) Common Stock,$22.10,0.21,0.959%,7955534419.00,United States,,6597015,Consumer Discretionary,Clothing/Shoe/Accessory Stores
GATX,GATX Corporation Common Stock,$175.85,1.28,0.733%,6242675000.00,United States,,206549,Consumer Discretionary,Transportation Services
GBCI,Glacier Bancorp Inc. Common Stock,$49.33,-0.62,-1.241%,6419937122.00,United States,,1090475,Finance,Major Banks
GBDC,Golub Capital BDC Inc. Common Stock,$12.72,-0.24,-1.852%,3313498702.00,United States,2010,1438722,Finance,Finance: Consumer Services
GBTG,Global Business Travel Group Inc. Class A Common Stock,$9.36,0.00,0.00%,4880827692.00,United States,2020,930365,Consumer Discretionary,Transportation Services
GCMG,GCM Grosvenor Inc. Class A Common Stock,$11.41,0.06,0.529%,2305379044.00,United States,,416520,Finance,Investment Managers
GDS,GDS Holdings Limited ADS,$33.49,0.93,2.856%,6710646259.00,China,2016,1833901,Technology,Computer Software: Programming Data Processing
GDV,Gabelli Dividend & Income Trust Common Shares of Beneficial Interest,$29.30,0.17,0.584%,2642522786.00,United States,2003,92152,Finance,Investment Managers
GEF,Greif Inc. Class A Common Stock,$69.36,0.97,1.418%,3200014254.00,United States,,230237,,
GEO,Geo Group Inc (The) REIT,$28.54,0.10,0.352%,3813465825.00,United States,,2047713,Consumer Discretionary,Homebuilding
GFF,Griffon Corporation Common Stock,$94.73,1.01,1.078%,4344945955.00,United States,,241426,Industrials,Building Products
GGAL,Grupo Financiero Galicia S.A. American Depositary Shares,$55.96,0.80,1.45%,8988595873.00,Argentina,,1229858,Finance,Commercial Banks
GGB,Gerdau S.A. Common Stock,$4.67,-0.08,-1.684%,9223921971.00,Brazil,,13301400,Industrials,Steel/Iron Ore
GHC,Graham Holdings Company Common Stock,$1130.03,-44.15,-3.76%,4867134133.00,United States,,25868,Real Estate,Other Consumer Services
GJS,Goldman Sachs Group Securities STRATS Trust for Goldman Sachs Group Securities Series 2006-2,$23.61,0.10,0.425%,7367241569.00,United States,,111,Finance,Finance: Consumer Services
GKOS,Glaukos Corporation Common Stock,$130.14,3.33,2.626%,7643631178.00,United States,2015,802014,Health Care,Medical/Dental Instruments
GLBE,Global-E Online Ltd. Ordinary Shares,$31.61,-1.12,-3.422%,5296833584.00,Israel,2021,1968405,Technology,Computer Software: Prepackaged Software
GLNG,Golar Lng Ltd,$51.20,0.03,0.059%,5201370522.00,Bermuda,,1048097,Consumer Discretionary,Marine Transportation
GME,GameStop Corporation Common Stock,$21.74,-0.03,-0.138%,9754547927.00,United States,2002,4741780,Consumer Discretionary,Electronics Distribution
GNTX,Gentex Corporation Common Stock,$26.04,0.18,0.696%,5563376968.00,United States,,2446375,Consumer Discretionary,Auto Parts:O.E.M.
GNW,Genworth Financial Inc Common Stock,$8.86,-0.05,-0.561%,3393462008.00,United States,2004,2446602,Finance,Life Insurance
GOLF,Acushnet Holdings Corp. Common Stock,$97.25,-0.91,-0.927%,5694381654.00,United States,2016,278949,Consumer Discretionary,Recreational Games/Products/Toys
GPCR,Structure Therapeutics Inc. American Depositary Shares,$43.07,0.14,0.326%,3061179404.00,United States,2023,711691,Health Care,Biotechnology: Pharmaceutical Preparations
GPGI,GPGI Inc. Class A Common Stock,$14.57,1.77,13.828%,4223275251.00,United States,,4073467,Finance,Finance: Consumer Services
GPI,Group 1 Automotive Inc. Common Stock,$325.74,0.41,0.126%,3875717388.00,United States,1997,98670,Consumer Discretionary,Retail-Auto Dealers and Gas Stations
GPK,Graphic Packaging Holding Company,$10.97,0.27,2.523%,3245884635.00,United States,,6713811,Consumer Discretionary,Containers/Packaging
GPOR,Gulfport Energy Corporation Common Shares,$161.59,-4.82,-2.896%,2903714289.00,United States,2021,317350,Energy,Oil & Gas Production
GRAL,GRAIL Inc. Common Stock ,$59.81,-0.04,-0.067%,2566841427.00,United States,,668375,Health Care,Medical Specialities
GRBK,Green Brick Partners Inc. Common Stock,$72.06,-0.13,-0.18%,3109121153.00,United States,2021,241414,Consumer Discretionary,Homebuilding
GRC,Gorman-Rupp Company (The) Common Stock,$85.40,0.81,0.958%,2255434752.00,United States,1971,218827,Industrials,Fluid Controls
GRDN,Guardian Pharmacy Services Inc. Class A Common Stock,$42.88,-0.21,-0.487%,2715188786.00,United States,2024,276240,Consumer Staples,Retail-Drug Stores and Proprietary Stores
GRFS,Grifols S.A. American Depositary Shares,$7.62,-0.02,-0.262%,5239168399.00,Spain,,394503,Health Care,Biotechnology: Pharmaceutical Preparations
GRND,Grindr Inc. Common Stock,$12.63,0.99,8.505%,2244679090.00,Singapore,2021,2239404,Technology,Computer Software: Programming Data Processing
GTES,Gates Industrial Corporation plc Ordinary Shares,$27.35,0.21,0.774%,6946898031.00,United Kingdom,2018,1476399,Industrials,Industrial Machinery/Components
GTLB,GitLab Inc. Class A Common Stock,$28.31,0.52,1.871%,4781559000.00,United States,2021,3349209,Technology,Computer Software: Prepackaged Software
GTLS,Chart Industries Inc. Common Stock,$206.69,-0.04,-0.019%,9894059318.00,United States,2006,1419441,Industrials,Metal Fabrications
GTX,Garrett Motion Inc. Common Stock,$34.13,0.57,1.698%,6388743607.00,Switzerland,,2093031,Consumer Discretionary,Auto Parts:O.E.M.
GVA,Granite Construction Incorporated Common Stock,$141.36,0.76,0.541%,6184033371.00,United States,,513940,Industrials,Military/Government/Technical
GWRE,Guidewire Software Inc. Common Stock,$120.03,-2.53,-2.064%,9993261371.00,United States,2012,1279636,Technology,Computer Software: Prepackaged Software
GXO,GXO Logistics Inc. Common Stock ,$50.32,0.62,1.247%,5789244998.00,United States,2021,1914692,Consumer Discretionary,Transportation Services
HAE,Haemonetics Corporation Common Stock,$76.91,-1.29,-1.65%,3495250553.00,United States,1991,886465,Health Care,Medical/Dental Instruments
HAFN,Hafnia Limited Common Shares,$7.45,-0.05,-0.667%,3723370722.00,,2024,2121114,Consumer Discretionary,Transportation Services
HALO,Halozyme Therapeutics Inc. Common Stock,$71.28,1.78,2.561%,8454734640.00,United States,,1815688,Health Care,Biotechnology: Biological Products (No Diagnostic Substances)
HASI,HA Sustainable Infrastructure Capital Inc. Common Stock,$38.23,-0.06,-0.157%,4909984529.00,United States,2013,1045713,Finance,Finance/Investors Services
HAWK,HawkEye 360 Inc. Common Stock,$25.12,1.31,5.502%,2338151313.00,,2026,845554,Technology,EDP Services
HAYW,Hayward Holdings Inc. Common Stock,$14.57,-0.04,-0.274%,3161150793.00,United States,2021,2436934,Industrials,Industrial Machinery/Components
HCC,Warrior Met Coal Inc. Common Stock,$95.89,-2.22,-2.263%,5063180328.00,United States,2017,541846,Energy,Coal Mining
HCI,HCI Group Inc. Common Stock,$163.17,2.72,1.695%,2082833721.00,United States,,193079,Finance,Property-Casualty Insurers
HCXY,Hercules Capital Inc. 6.25% Notes due 2033,$25.005,0.035,0.14%,4542800453.00,United States,2018,335,Finance,Investment Managers
HE,Hawaiian Electric Industries Inc. Common Stock,$13.38,0.00,0.00%,2309864649.00,United States,,1284842,Utilities,Electric Utilities: Central
HESM,Hess Midstream LP Class A Representing Limited Partner Interests,$37.46,-1.03,-2.676%,4808024002.00,United States,2017,1278749,Energy,Oil & Gas Production
HG,Hamilton Insurance Group Ltd. Class B Common Shares,$31.53,-0.37,-1.16%,3142997770.00,Bermuda,2023,319218,Finance,Property-Casualty Insurers
HGTY,Hagerty Inc. Class A Common Stock,$10.69,-0.15,-1.384%,3670458557.00,United States,2021,120373,Finance,Specialty Insurers
HGV,Hilton Grand Vacations Inc. Common Stock ,$51.17,0.39,0.768%,4081517177.00,United States,2016,1540849,Consumer Discretionary,Hotels/Resorts
HHH,Howard Hughes Holdings Inc. Common Stock,$67.09,0.23,0.344%,4000213676.00,United States,,418728,Real Estate,Real Estate Investment Trusts
HIMS,Hims & Hers Health Inc. Class A Common Stock,$30.17,3.35,12.491%,6983078658.00,United States,2019,22890351,Health Care,Medical/Nursing Services
HIMX,Himax Technologies Inc. American Depositary Shares,$17.85,0.15,0.847%,3113502565.00,Taiwan,2006,3139734,Technology,Semiconductors
HIW,Highwoods Properties Inc. Common Stock,$29.47,-0.37,-1.24%,3249736381.00,United States,1994,1661206,Real Estate,Real Estate Investment Trusts
HLI,Houlihan Lokey Inc. Class A Common Stock,$139.83,1.94,1.407%,9656574084.00,United States,2015,804580,Finance,Investment Managers
HLIO,Helios Technologies Inc. Common Stock,$85.53,0.95,1.123%,2826455000.00,United States,2021,245782,Industrials,Metal Fabrications
HLNE,Hamilton Lane Incorporated Class A Common Stock,$81.99,1.89,2.36%,4553217410.00,United States,2017,933384,Finance,Investment Managers
HNGE,Hinge Health Inc. Class A Common Stock,$68.35,3.01,4.607%,5288931817.00,United States,2025,1879155,Technology,EDP Services
HNI,HNI Corporation Common Stock,$32.64,-0.46,-1.39%,2349848517.00,United States,,647832,Consumer Discretionary,Office Equipment/Supplies/Services
HOG,Harley-Davidson Inc. Common Stock,$26.07,0.43,1.677%,2744344633.00,United States,,1899200,Consumer Discretionary,Motor Vehicles
HOMB,Home BancShares Inc. Common Stock,$27.83,-0.42,-1.487%,5605335562.00,United States,2006,1599762,Finance,Major Banks
HP,Helmerich & Payne Inc. Common Stock,$37.00,-2.25,-5.732%,3697445224.00,United States,,1852801,Energy,Oil & Gas Production
HQY,HealthEquity Inc. Common Stock,$86.97,-1.37,-1.551%,7270879594.00,United States,2014,1235729,Consumer Discretionary,Business Services
HR,Healthcare Realty Trust Incorporated Common Stock,$20.51,-0.19,-0.918%,7107157565.00,United States,,5115277,Real Estate,Real Estate Investment Trusts
HRB,H&R Block Inc. Common Stock,$36.20,-0.32,-0.876%,4588719493.00,United States,,2086820,Consumer Discretionary,Other Consumer Services
HRI,Herc Holdings Inc. Common Stock ,$151.55,6.93,4.792%,5060716879.00,United States,2016,412146,Industrials,Misc Corporate Leasing Services
HSAI,Hesai Group American Depositary Share each ADS represents one Class B ordinary share,$18.77,0.62,3.416%,2936379532.00,China,2023,1252371,Industrials,Industrial Machinery/Components
HSIC,Henry Schein Inc. Common Stock,$81.09,-0.16,-0.197%,9237509825.00,United States,1995,1185212,Health Care,Medical Specialities
HTFL,Heartflow Inc. Common Stock,$32.82,-0.42,-1.264%,2830423975.00,United States,2025,1120500,Health Care,Medical/Dental Instruments
HTGC,Hercules Capital Inc. Common Stock,$15.49,-0.01,-0.065%,2898466959.00,United States,2012,1642340,Finance,Investment Managers
HTH,Hilltop Holdings Inc.,$37.69,-0.75,-1.951%,2206003125.00,United States,,253580,Finance,Major Banks
HTO,H2O America Common Stock,$57.20,0.14,0.245%,2393262128.00,United States,,371035,Utilities,Water Supply
HUBG,Hub Group Inc. Class A Common Stock,$45.53,-0.85,-1.833%,2784319310.00,United States,1996,548999,Industrials,Integrated Freight & Logistics
HUBS,HubSpot Inc. Common Stock,$186.06,-1.92,-1.021%,9529572704.00,United States,2014,1258544,Technology,Computer Software: Prepackaged Software
HUN,Huntsman Corporation Common Stock,$15.89,0.15,0.953%,2786297390.00,United States,2005,3215345,Industrials,Major Chemicals
HWC,Hancock Whitney Corporation Common Stock,$71.19,-1.31,-1.807%,5777635742.00,United States,,782339,Finance,Major Banks
HWKN,Hawkins Inc. Common Stock,$158.84,0.50,0.316%,3314701076.00,United States,,87597,Consumer Discretionary,Specialty Chemicals
HXL,Hexcel Corporation Common Stock,$98.63,0.92,0.942%,7439383158.00,United States,,838893,Industrials,Major Chemicals
HYMC,Hycroft Mining Holding Corporation Class A Common Stock,$27.84,2.08,8.075%,2543479132.00,United States,2018,2944475,Basic Materials,Precious Metals
IBOC,International Bancshares Corporation Common Stock,$75.09,-1.44,-1.882%,4669189612.00,United States,,349774,Finance,Major Banks
IBP,Installed Building Products Inc. Common Stock,$208.59,1.50,0.724%,5619562699.00,United States,2014,308114,Consumer Discretionary,Homebuilding
IBRX,ImmunityBio Inc. Common Stock,$7.13,0.03,0.423%,7467633856.00,United States,2015,8109778,Health Care,Biotechnology: Biological Products (No Diagnostic Substances)
ICHR,Ichor Holdings Ordinary Shares,$89.47,2.67,3.076%,3119555232.00,United States,2016,1235531,Technology,Semiconductors
ICL,ICL Group Ltd. Ordinary Shares,$5.75,0.02,0.349%,7421368192.00,Israel,2014,1659722,Industrials,Agricultural Chemicals
ICUI,ICU Medical Inc. Common Stock,$143.72,1.52,1.069%,3592078036.00,United States,1992,195903,Health Care,Medical/Dental Instruments
IDA,IDACORP Inc. Common Stock,$142.94,-0.04,-0.028%,7920053111.00,United States,,499925,Utilities,Electric Utilities: Central
IDCC,InterDigital Inc. Common Stock,$288.87,5.14,1.812%,7465853527.00,United States,,305551,Miscellaneous,Multi-Sector Companies
IDYA,IDEAYA Biosciences Inc. Common Stock,$30.23,1.25,4.313%,2656035612.00,United States,2019,1247670,Health Care,Biotechnology: Pharmaceutical Preparations
IEP,Icahn Enterprises L.P. Common Stock,$7.32,-0.07,-0.947%,4919410048.00,United States,,909651,Consumer Discretionary,Auto Parts:O.E.M.
IFS,Intercorp Financial Services Inc. Common Shares,$54.64,-2.21,-3.887%,6308062601.00,,2019,391414,Finance,Commercial Banks
IHS,IHS Holding Limited Ordinary Shares,$8.26,-0.10,-1.196%,2771405294.00,Cayman Islands,2021,685457,Telecommunications,Telecommunications Equipment
IMAX,Imax Corporation Common Stock,$42.32,0.08,0.189%,2321471048.00,Canada,,821791,Consumer Discretionary,Industrial Machinery/Components
IMNM,Immunome Inc. Common Stock,$18.07,-0.31,-1.687%,2046434620.00,United States,2020,905140,Health Care,Biotechnology: Pharmaceutical Preparations
IMOS,ChipMOS TECHNOLOGIES INC. American Depositary Shares,$60.66,-1.29,-2.082%,2123048803.00,Taiwan,,97977,Technology,Semiconductors
IMVT,Immunovant Inc. Common Stock,$33.44,-0.18,-0.535%,6865530184.00,United States,2019,1220315,Health Care,Biotechnology: Biological Products (No Diagnostic Substances)
INDB,Independent Bank Corp. Common Stock,$82.05,-1.22,-1.465%,3965239376.00,United States,,267886,Finance,Major Banks
INDV,Indivior Pharmaceuticals Inc. Common Stock,$38.40,-0.08,-0.208%,4791161088.00,United Kingdom,,1145287,Health Care,Biotechnology: Pharmaceutical Preparations
INFQ,Infleqtion Inc. Common Stock,$14.82,1.40,10.432%,3233677925.00,,2026,15472143,Technology,EDP Services
INGM,Ingram Micro Holding Corporation Common Stock,$30.09,0.34,1.143%,6970244208.00,United States,2024,1854972,Technology,Retail: Computer Software & Peripheral Equipment
INGR,Ingredion Incorporated Common Stock,$101.51,-0.08,-0.079%,6401125282.00,United States,,1082119,Consumer Staples,Packaged Foods
INOD,Innodata Inc. Common Stock,$99.66,-1.24,-1.229%,3254432978.00,United States,1993,2170029,Technology,EDP Services
INSW,International Seaways Inc. Common Stock ,$81.41,-0.60,-0.732%,4030177301.00,United States,2016,568839,Consumer Discretionary,Marine Transportation
INTR,Inter & Co. Inc. Class A Common Shares,$5.82,0.05,0.867%,2568492079.00,Brazil,,4850179,Finance,Commercial Banks
IOSP,Innospec Inc. Common Stock,$85.11,-1.48,-1.709%,2096348410.00,United States,,234899,Industrials,Major Chemicals
IPAR,Interparfums Inc. Common Stock,$99.42,-1.56,-1.545%,3184003147.00,United States,,191551,Consumer Discretionary,Package Goods/Cosmetics
IPGP,IPG Photonics Corporation Common Stock,$120.01,5.36,4.675%,5093658356.00,United States,2006,388886,Technology,Semiconductors
IRDM,Iridium Communications Inc Common Stock,$45.39,-1.78,-3.774%,4798982300.00,United States,,3123462,Telecommunications,Telecommunications Equipment
IRON,Disc Medicine Inc. Common Stock,$70.09,2.10,3.089%,2677374148.00,United States,,464073,Health Care,Biotechnology: Pharmaceutical Preparations
IRT,Independence Realty Trust Inc. Common Stock,$16.59,-0.28,-1.66%,3910506574.00,United States,2013,2927306,Real Estate,Real Estate Investment Trusts
IRTC,iRhythm Holdings Inc. Common Stock,$113.76,0.11,0.097%,3738427534.00,United States,2016,204610,Health Care,Medical/Dental Instruments
IT,Gartner Inc. Common Stock,$142.77,-5.40,-3.644%,9558721193.00,United States,1993,1743732,Consumer Discretionary,Other Consumer Services
ITGR,Integer Holdings Corporation Common Stock,$90.85,-0.13,-0.143%,3084797123.00,United States,,238826,Health Care,Biotechnology: Electromedical & Electrotherapeutic Apparatus
ITRI,Itron Inc. Common Stock,$80.71,0.15,0.186%,3578628696.00,United States,1993,467795,Industrials,Electrical Products
IVT,InvenTrust Properties Corp. Common Stock,$34.62,-0.38,-1.086%,2698139369.00,United States,2021,1395463,Real Estate,Real Estate Investment Trusts
JAN,Janus Living Inc. Class A-1 Common Stock,$25.19,-0.54,-2.099%,6628516147.00,,2026,1262072,Real Estate,Real Estate Investment Trusts
JBTM,JBT Marel Corporation Common Stock,$127.59,2.44,1.95%,6643332133.00,United States,,266891,Industrials,Industrial Machinery/Components
JHG,Janus Henderson Group plc Ordinary Shares,$51.84,0.00,0.00%,7987279519.00,United Kingdom,2017,1205952,Finance,Investment Managers
JKHY,Jack Henry & Associates Inc. Common Stock,$130.35,2.12,1.653%,9261469173.00,United States,1985,2208217,Technology,EDP Services
JOBY,Joby Aviation Inc. Common Stock,$9.67,0.52,5.683%,9511826379.00,United States,2020,52237405,Industrials,Aerospace
JOE,St. Joe Company (The) Common Stock,$65.07,0.15,0.231%,3735652172.00,United States,,351839,Real Estate,Homebuilding
JOYY,JOYY Inc. American Depositary Shares,$68.85,1.02,1.504%,3561059149.00,Singapore,2012,273910,Technology,EDP Services
JXN,Jackson Financial Inc. Class A Common Stock ,$109.65,0.96,0.883%,7647331354.00,United States,2021,706645,Finance,Life Insurance
KAI,Kadant Inc Common Stock,$294.97,12.52,4.433%,3483142036.00,United States,1992,243541,Industrials,Industrial Machinery/Components
KALU,Kaiser Aluminum Corporation Common Stock,$183.10,-7.53,-3.95%,2991964959.00,United States,,274408,Industrials,Metal Fabrications
KBH,KB Home Common Stock,$53.23,-0.77,-1.426%,3334766135.00,United States,1986,1223915,Consumer Discretionary,Homebuilding
KBR,KBR Inc. Common Stock,$34.82,-1.02,-2.846%,4414826303.00,United States,2006,1506913,Industrials,Military/Government/Technical
KC,Kingsoft Cloud Holdings Limited American Depositary Shares,$11.34,0.61,5.685%,3394851990.00,China,2020,1347343,Technology,Computer Software: Prepackaged Software
KD,Kyndryl Holdings Inc. Common Stock,$11.57,-0.13,-1.111%,2544453528.00,United States,2021,3863790,Technology,EDP Services
KEEL,Keel Infrastructure Corp. Common Stock,$5.66,0.07,1.252%,3412137435.00,Canada,,41243788,Finance,Finance: Consumer Services
KEN,Kenon Holdings Ltd. Ordinary Shares,$69.74,-2.72,-3.754%,3634039607.00,Singapore,2015,30686,Utilities,Electric Utilities: Central
KEX,Kirby Corporation Common Stock,$142.00,-1.42,-0.99%,7597000000.00,United States,,456070,Consumer Discretionary,Marine Transportation
KFY,Korn Ferry Common Stock,$71.37,-1.85,-2.527%,3703181399.00,United States,1999,525104,Consumer Discretionary,Diversified Commercial Services
KGS,Kodiak Gas Services Inc. Common Stock,$69.25,0.17,0.246%,6145469716.00,United States,2023,1952161,Utilities,Natural Gas Distribution
KLIC,Kulicke and Soffa Industries Inc. Common Stock,$115.435,2.305,2.037%,6041045656.00,Singapore,,900121,Technology,Semiconductors
KLRA,Kailera Therapeutics Inc. Common Stock,$19.67,0.78,4.129%,2548555509.00,United States,2026,404015,Health Care,Biotechnology: Pharmaceutical Preparations
KMT,Kennametal Inc. Common Stock,$35.55,0.57,1.63%,2709269162.00,United States,,960162,Industrials,Industrial Machinery/Components
KMX,CarMax Inc,$52.21,0.95,1.853%,7409074059.00,United States,,5015376,Consumer Discretionary,Retail-Auto Dealers and Gas Stations
KN,Knowles Corporation Common Stock,$41.37,1.59,3.997%,3539644504.00,United States,2014,1357144,Consumer Staples,Consumer Electronics/Appliances
KNF,Knife Riv Holding Co. Common Stock,$80.82,3.90,5.07%,4586846561.00,United States,2023,751827,Industrials,Mining & Quarrying of Nonmetallic Minerals (No Fuels)
KNSA,Kiniksa Pharmaceuticals International plc Class A Ordinary Shares,$52.34,0.45,0.867%,4026935757.00,United States,2018,627302,Health Care,Biotechnology: Pharmaceutical Preparations
KNSL,Kinsale Capital Group Inc. Common Stock,$311.83,0.45,0.145%,7191678849.00,United States,,361824,Finance,Property-Casualty Insurers
KNTK,Kinetik Holdings Inc. Class A Common Stock,$45.72,-1.72,-3.626%,7423096365.00,United States,2022,1184384,Utilities,Natural Gas Distribution
KOD,Kodiak Sciences Inc Common Stock,$34.06,0.00,0.00%,2131421700.00,United States,2018,513728,Health Care,Biotechnology: Biological Products (No Diagnostic Substances)
KOF,Coca Cola Femsa S.A.B. de C.V.  American Depositary Shares each representing 10 Units (each Unit consists of 3 Series B Shares and 5 Series L Shares),$107.35,-1.62,-1.487%,5638108631.00,Mexico,1993,88808,Consumer Staples,Beverages (Production/Distribution)
KRC,Kilroy Realty Corporation Common Stock,$38.37,0.00,0.00%,4461617825.00,United States,1997,1199095,Real Estate,Real Estate Investment Trusts
KRG,Kite Realty Group Trust Common Stock,$28.83,-0.39,-1.335%,5854408665.00,United States,2004,1928242,Real Estate,Real Estate Investment Trusts
KRMN,Karman Holdings Inc. Common Stock,$48.27,0.44,0.92%,6397044453.00,United States,2025,3723475,Industrials,Military/Government/Technical
KRYS,Krystal Biotech Inc. Common Stock,$324.75,6.78,2.132%,9573550761.00,United States,2017,263695,Health Care,Biotechnology: Biological Products (No Diagnostic Substances)
KT,KT Corporation Common Stock,$18.84,0.33,1.783%,9084461974.00,South Korea,,1336781,Telecommunications,Telecommunications Equipment
KTB,Kontoor Brands Inc. Common Stock ,$79.22,0.21,0.266%,4378676280.00,United States,2019,618641,Industrials,Garments and Clothing
KVYO,Klaviyo Inc. Series A Common Stock,$14.00,-0.21,-1.478%,4189917382.00,United States,2023,4666456,Technology,Computer Software: Prepackaged Software
KWR,Quaker Houghton Common Stock,$147.27,2.81,1.945%,2557556208.00,United States,,103308,Industrials,Major Chemicals
KYIV,Kyivstar Group Ltd. Common Shares,$13.75,0.12,0.88%,3174374830.00,United Arab Emirates,,725676,Telecommunications,Telecommunications Equipment
KYMR,Kymera Therapeutics Inc. Common Stock,$85.59,-0.615,-0.713%,7040426957.00,United States,2020,485188,Health Care,Biotechnology: Biological Products (No Diagnostic Substances)
LAD,Lithia Motors Inc. Common Stock,$308.52,-4.86,-1.551%,7036051586.00,United States,,273615,Consumer Discretionary,Retail-Auto Dealers and Gas Stations
LASR,nLIGHT Inc. Common Stock,$69.63,-0.03,-0.043%,3927738408.00,United States,2018,1160878,Technology,Semiconductors
LAUR,Laureate Education Inc. Common Stock,$35.40,-1.36,-3.70%,4955231431.00,United States,2017,1483680,Real Estate,Other Consumer Services
LAZ,Lazard Inc. Common Stock,$44.06,0.34,0.778%,4920940455.00,Bermuda,2005,3063876,Finance,Investment Managers
LB,LandBridge Company LLC Class A Shares Representing Limited Liability Company Interests,$67.03,-2.26,-3.262%,5162449778.00,,2024,356838,Energy,Oil & Gas Production
LBRDA,Liberty Broadband Corporation Class A Common Stock,$33.55,-0.57,-1.671%,4814348842.00,United States,,143914,Telecommunications,Cable & Other Pay Television Services
LBRDK,Liberty Broadband Corporation Class C Common Stock,$33.64,-0.55,-1.609%,4827263637.00,United States,,1319609,Telecommunications,Cable & Other Pay Television Services
LBRDP,Liberty Broadband Corporation Series A Cumulative Redeemable Preferred Stock,$21.86,-0.14,-0.636%,3136860378.00,United States,,25569,Telecommunications,Cable & Other Pay Television Services
LBRT,Liberty Energy Inc. Class A common stock,$28.07,-0.80,-2.771%,4580783047.00,United States,2018,2726087,Energy,Oilfield Services/Equipment
LBTYA,Liberty Global Ltd. Class A Common Shares,$12.04,-0.42,-3.371%,4070681848.00,United Kingdom,,2550113,Telecommunications,Cable & Other Pay Television Services
LBTYB,Liberty Global Ltd. Class B Common Shares,$13.40,-0.20,-1.471%,4530493087.00,United Kingdom,,701,Telecommunications,Cable & Other Pay Television Services
LBTYK,Liberty Global Ltd. Class C Common Shares,$11.60,-0.41,-3.414%,3921919388.00,United Kingdom,,1090254,Telecommunications,Cable & Other Pay Television Services
LC,LendingClub Corporation Common Stock,$18.45,0.40,2.216%,2128224566.00,United States,2014,1875785,Finance,Finance: Consumer Services
LCID,Lucid Group Inc. Common Stock,$5.25,0.05,0.962%,2048848242.00,United States,,11421734,Industrials,Auto Manufacturing
LCII,LCI Industries,$92.46,-0.60,-0.645%,2245409777.00,United States,1995,507228,Consumer Discretionary,Auto Parts:O.E.M.
LCLN,Lincoln International Inc. Class A Common Stock,$23.32,-1.52,-6.119%,2378241508.00,,2026,396655,Finance,Investment Managers
LEA,Lear Corporation Common Stock,$144.44,-0.72,-0.496%,7235736100.00,United States,,779418,Consumer Discretionary,Auto Parts:O.E.M.
LEGN,Legend Biotech Corporation American Depositary Shares,$35.48,-0.39,-1.087%,6562226391.00,United States,2020,1449967,Health Care,Biotechnology: Pharmaceutical Preparations
LEU,Centrus Energy Corp. Class A Common Stock,$176.65,14.07,8.654%,3475199060.00,United States,2014,928695,Industrials,Mining & Quarrying of Nonmetallic Minerals (No Fuels)
LEVI,Levi Strauss & Co Class A Common Stock,$24.05,0.04,0.167%,9249539837.00,United States,2019,1991666,Consumer Discretionary,Apparel
LFST,LifeStance Health Group Inc. Common Stock,$8.59,0.09,1.059%,3331497771.00,United States,2021,2225865,Health Care,Medical/Nursing Services
LFTO,Liftoff Mobile Inc. Common Stock,$25.39,0.91,3.717%,4377577978.00,United States,2026,904698,Technology,EDP Services
LGN,Legence Corp. Class A Common stock,$86.73,0.73,0.849%,9370129842.00,United States,2025,727960,Consumer Discretionary,Engineering & Construction
LGND,Ligand Pharmaceuticals Incorporated Common Stock,$253.25,-2.29,-0.896%,5075398698.00,United States,,159096,Health Care,Biotechnology: Pharmaceutical Preparations
LIF,Life360 Inc. Common Stock,$48.865,3.615,7.989%,3959613581.00,United States,2024,639987,Technology,EDP Services
LILPV,Liberty Latin America Ltd. 9.0% Fixed Rate Cumulative Perpetual Redeemable Series A Preference Shares,$24.66,0.00,0.00%,5463175857.00,United States,,1685,Telecommunications,Cable & Other Pay Television Services
LINE,Lineage Inc. Common Stock,$43.37,-1.05,-2.364%,9874237210.00,United States,2024,945169,Real Estate,Real Estate Investment Trusts
LION,Lionsgate Studios Corp Common Shares,$14.37,0.05,0.349%,4176404976.00,Canada,2025,2665542,Consumer Discretionary,Movies/Entertainment
LIVN,LivaNova PLC Ordinary Shares,$79.70,0.31,0.39%,4378202979.00,United Kingdom,,755875,Health Care,Biotechnology: Electromedical & Electrotherapeutic Apparatus
LKQ,LKQ Corporation Common Stock,$26.14,-0.06,-0.229%,6660232427.00,United States,2003,2508404,Consumer Discretionary,Motor Vehicles
LLYVA,Liberty Live Holdings Inc. Series A Liberty Live Group Common Stock,$96.85,-0.08,-0.083%,8910628949.00,United States,,502445,Consumer Discretionary,Services-Misc. Amusement & Recreation
LLYVK,Liberty Live Holdings Inc. Series C Liberty Live Group Common Stock,$100.63,-0.18,-0.179%,9258405690.00,United States,,635590,Consumer Discretionary,Services-Misc. Amusement & Recreation
LMAT,LeMaitre Vascular Inc. Common Stock,$91.92,-0.04,-0.043%,2100439929.00,United States,2006,213112,Health Care,Medical/Dental Instruments
LMND,Lemonade Inc. Common Stock,$60.75,3.26,5.671%,4666862932.00,United States,2020,1140866,Finance,Property-Casualty Insurers
LNC,Lincoln National Corporation Common Stock,$37.57,0.27,0.724%,7183879811.00,United States,,1873231,Finance,Life Insurance
LNTH,Lantheus Holdings Inc. Common Stock,$104.67,0.15,0.144%,6814653603.00,United States,2015,798660,Health Care,Biotechnology: In Vitro & In Vivo Diagnostic Substances
LOAR,Loar Holdings Inc. Common Stock,$68.70,0.61,0.896%,6432001158.00,United States,2024,845611,Industrials,Military/Government/Technical
LOPE,Grand Canyon Education Inc. Common Stock,$143.075,-4.415,-2.993%,3793532900.00,United States,2008,499537,Real Estate,Other Consumer Services
LPL,LG Display Co Ltd AMERICAN DEPOSITORY SHARES,$4.73,0.08,1.72%,2365000000.00,South Korea,2004,1560770,Technology,Industrial Machinery/Components
LPX,Louisiana-Pacific Corporation Common Stock,$77.23,2.19,2.918%,5395664682.00,United States,,845231,Basic Materials,Forest Products
LQDA,Liquidia Corporation Common Stock,$71.80,0.57,0.80%,6385037508.00,United States,2018,2103775,Health Care,Biotechnology: Pharmaceutical Preparations
LRN,Stride Inc. Common Stock,$83.54,-14.17,-14.502%,3552525134.00,United States,,4259059,Real Estate,Other Consumer Services
LSTR,Landstar System Inc. Common Stock,$219.27,-5.00,-2.229%,7439438607.00,United States,1993,385002,Industrials,Trucking Freight/Courier Services
LTH,Life Time Group Holdings Inc. Common Stock,$34.25,-0.06,-0.175%,7624143777.00,United States,2021,2306363,Consumer Discretionary,Hotels/Resorts
LUMN,Lumen Technologies Inc. Common Stock,$8.53,0.04,0.471%,8788553427.00,United States,,14533667,Telecommunications,Telecommunications Equipment
LUNR,Intuitive Machines Inc. Class A Common Stock,$25.76,-0.86,-3.231%,5590459646.00,United States,2021,14776615,Industrials,Industrial Machinery/Components
LW,Lamb Weston Holdings Inc. Common Stock ,$45.42,0.04,0.088%,6271266712.00,United States,2016,1035069,Consumer Staples,Packaged Foods
LXP,LXP Industrial Trust Common Stock (Maryland REIT),$53.90,0.86,1.621%,3177540397.00,United States,,684602,Real Estate,Real Estate Investment Trusts
LYFT,Lyft Inc. Class A Common Stock,$14.24,0.70,5.17%,5406679256.00,United States,2019,13091417,Consumer Discretionary,Business Services
M,Macy's Inc Common Stock,$24.68,-0.69,-2.72%,6491776705.00,United States,,6021607,Consumer Discretionary,Department/Specialty Retail Stores
MAAS,Maase Inc. Class A Ordinary Shares,$15.11,0.25,1.682%,6681272984.00,China,2019,98344,Finance,Investment Managers
MAC,Macerich Company (The) Common Stock,$25.09,-0.36,-1.415%,6558053982.00,United States,1994,4155818,Real Estate,Real Estate Investment Trusts
MAIN,Main Street Capital Corporation Common Stock,$51.29,-0.73,-1.403%,4769448791.00,United States,2007,930433,Finance,Finance/Investors Services
MANE,Veradermics Incorporated Common Stock,$96.27,0.20,0.208%,4022034197.00,,2026,305173,Health Care,Biotechnology: Pharmaceutical Preparations
MANH,Manhattan Associates Inc. Common Stock,$143.89,0.97,0.679%,8513194582.00,United States,1998,569748,Technology,Computer Software: Prepackaged Software
MANU,Manchester United Ltd. Class A Ordinary Shares,$23.30,0.09,0.388%,4017592415.00,United Kingdom,2012,229006,Consumer Discretionary,Services-Misc. Amusement & Recreation
MARA,MARA Holdings Inc. Common Stock,$14.64,0.56,3.977%,5581800164.00,United States,,34504507,Technology,EDP Services
MAT,Mattel Inc. Common Stock,$14.35,-0.30,-2.048%,4170110000.00,United States,,4825628,Consumer Discretionary,Recreational Games/Products/Toys
MATX,Matson Inc. Common Stock,$195.18,-6.76,-3.348%,5906787186.00,United States,,310207,Consumer Discretionary,Marine Transportation
MBIN,Merchants Bancorp Common Stock,$49.17,-0.83,-1.66%,2258644011.00,United States,2017,120157,Finance,Major Banks
MBLY,Mobileye Global Inc. Class A Common Stock,$9.53,0.19,2.034%,8026033924.00,Israel,2022,3557382,Technology,Computer Software: Prepackaged Software
MC,Moelis & Company Class A Common Stock,$69.09,1.39,2.053%,5428020821.00,United States,2014,1389575,Finance,Investment Managers
MCHB,Mechanics Bancorp Class A Common Stock,$15.05,-0.38,-2.463%,3332086254.00,United States,2012,453446,Finance,Major Banks
MCRI,Monarch Casino & Resort Inc. Common Stock,$128.54,-0.48,-0.372%,2281522787.00,United States,1993,223130,Consumer Discretionary,Hotels/Resorts
MCY,Mercury General Corporation Common Stock,$101.03,0.10,0.099%,5595912986.00,United States,,167768,Finance,Property-Casualty Insurers
MD,Pediatrix Medical Group Inc. Common Stock,$24.37,0.07,0.288%,2001310971.00,United States,,615139,Health Care,Hospital/Nursing Management
MDA,MDA Space Ltd. Common Shares,$38.12,0.85,2.281%,5285696137.00,,2026,1461211,Consumer Discretionary,Electronic Components
MDU,MDU Resources Group Inc. Common Stock (Holding Company),$21.05,-0.06,-0.284%,4399576805.00,United States,,1232160,Industrials,Mining & Quarrying of Nonmetallic Minerals (No Fuels)
MEOH,Methanex Corporation Common Stock,$56.25,-3.14,-5.287%,4351739794.00,Canada,,1558692,Industrials,Major Chemicals
MFAN,MFA Financial Inc. 8.875% Senior Notes due 2029,$25.11,0.01,0.04%,2578011107.00,United States,2024,4825,Real Estate,Real Estate Investment Trusts
MFAO,MFA Financial Inc. 9.000% Senior Notes due 2029,$25.1499,0.0398,0.159%,2582107588.00,United States,2024,6486,Real Estate,Real Estate Investment Trusts
MFICL,MidCap Financial Investment Corporation 8.00% Notes due 2028,$25.39,-0.0599,-0.235%,2368978963.00,United States,,11799,Finance,Finance/Investors Services
MGEE,MGE Energy Inc,$76.81,-0.85,-1.095%,2823260774.00,United States,,275595,Energy,Electric Utilities: Central
MGNI,Magnite Inc. Common Stock,$16.75,0.50,3.077%,2398851300.00,United States,,5843612,Technology,Computer Software: Programming Data Processing
MGRC,McGrath RentCorp Common Stock,$114.18,-0.91,-0.791%,2804462899.00,United States,1984,182864,Consumer Discretionary,Diversified Commercial Services
MGY,Magnolia Oil & Gas Corporation Class A Common Stock,$27.08,-0.54,-1.955%,5008389376.00,United States,2017,3543990,Energy,Oil & Gas Production
MHK,Mohawk Industries Inc. Common Stock,$111.43,3.79,3.521%,6792008947.00,United States,,1016016,Consumer Discretionary,Home Furnishings
MHO,M/I Homes Inc. Common Stock,$141.29,-0.04,-0.028%,3615626501.00,United States,1993,238118,Consumer Discretionary,Homebuilding
MIAX,Miami International Holdings Inc. Common Stock,$44.11,0.82,1.894%,4186351563.00,United States,2025,2029800,Finance,Investment Bankers/Brokers/Service
MIDD,Middleby Corporation (The) Common Stock,$163.52,5.02,3.167%,7393474386.00,United States,,501858,Industrials,Industrial Machinery/Components
MIR,Mirion Technologies Inc. Class A Common Stock,$16.76,0.20,1.208%,4197043775.00,United States,2020,2162297,Industrials,Industrial Machinery/Components
MIRM,Mirum Pharmaceuticals Inc. Common Stock,$101.00,1.655,1.666%,6159103927.00,United States,2019,832646,Health Care,Biotechnology: Pharmaceutical Preparations
MKTX,MarketAxess Holdings Inc. Common Stock,$121.00,0.11,0.091%,4300273813.00,United States,2004,688841,Finance,Investment Bankers/Brokers/Service
MLCO,Melco Resorts & Entertainment Limited American Depositary Shares,$5.44,-0.06,-1.091%,2212948507.00,Hong Kong,2006,2743929,Consumer Discretionary,Hotels/Resorts
MMED,MiniMed Group Inc. Common Stock,$15.00,-0.16,-1.055%,4212299820.00,United States,2026,1020010,Health Care,Medical/Dental Instruments
MMS,Maximus Inc. Common Stock,$61.18,-1.10,-1.766%,3214419408.00,United States,1997,648697,Consumer Discretionary,Business Services
MMSI,Merit Medical Systems Inc. Common Stock,$66.94,0.41,0.616%,3993295994.00,United States,,545780,Health Care,Medical/Dental Instruments
MMYT,MakeMyTrip Limited Ordinary Shares,$45.46,2.31,5.353%,5057989750.00,India,2010,2464161,Consumer Discretionary,Transportation Services
MNDY,monday.com Ltd. Ordinary Shares,$77.26,-0.31,-0.40%,3589729139.00,Israel,2021,1449249,Technology,Computer Software: Prepackaged Software
MNR,Mach Natural Resources LP Common Units representing Limited Partner Interests,$12.72,-0.54,-4.072%,2121718095.00,United States,2023,999226,Energy,Oil & Gas Production
MNSO,MINISO Group Holding Limited American Depositary Shares each representing four Ordinary Shares,$12.86,-0.30,-2.28%,3978768826.00,China,2020,899999,Consumer Discretionary,Department/Specialty Retail Stores
MORN,Morningstar Inc. Common Stock,$173.13,-2.09,-1.193%,6583790756.00,United States,2005,290085,Finance,Investment Managers
MOS,Mosaic Company (The) Common Stock,$22.52,-0.17,-0.749%,7157906423.00,United States,,14373947,Industrials,Agricultural Chemicals
MPT,Medical Properties Trust Inc. common stock,$4.88,-0.08,-1.613%,2918728000.00,United States,,7824688,Real Estate,Real Estate Investment Trusts
MRCY,Mercury Systems Inc Common Stock,$115.93,-4.37,-3.633%,6960817798.00,United States,1998,884381,Technology,Electrical Products
MRP,Millrose Properties Inc. Class A Common Stock,$29.07,-0.06,-0.206%,4827013238.00,United States,2025,1553183,Finance,Real Estate
MRX,Marex Group plc Ordinary Shares,$62.50,0.54,0.872%,4633302313.00,United Kingdom,2024,633901,Finance,Investment Bankers/Brokers/Service
MSA,MSA Safety Incorporated Common Stock,$162.48,2.59,1.62%,6272392381.00,United States,2000,343952,Health Care,Industrial Specialties
MSGE,Madison Square Garden Entertainment Corp. Class A Common Stock,$74.57,1.08,1.47%,3527551299.00,United States,2023,748661,Consumer Discretionary,Services-Misc. Amusement & Recreation
MSGS,Madison Square Garden Sports Corp. Class A Common Stock (New),$380.00,-4.68,-1.217%,9148920660.00,United States,2015,479076,Consumer Discretionary,Services-Misc. Amusement & Recreation
MSM,MSC Industrial Direct Company Inc. Common Stock,$114.22,-2.47,-2.117%,6377395002.00,United States,1995,685345,Industrials,Industrial Machinery/Components
MTCH,Match Group Inc. Common Stock,$35.94,1.05,3.009%,8383598944.00,United States,,2960052,Technology,Computer Software: Programming Data Processing
MTDR,Matador Resources Company Common Stock,$51.38,-2.67,-4.94%,6380277303.00,United States,2012,1907874,Energy,Oil & Gas Production
MTG,MGIC Investment Corporation Common Stock,$25.84,0.03,0.116%,5464908525.00,United States,1991,1667621,Finance,Property-Casualty Insurers
MTH,Meritage Homes Corporation Common Stock,$72.90,-1.54,-2.069%,4862607366.00,United States,,885151,Consumer Discretionary,Homebuilding
MTN,Vail Resorts Inc. Common Stock,$134.40,1.09,0.818%,4789145894.00,United States,1997,448410,Consumer Discretionary,Services-Misc. Amusement & Recreation
MTRN,Materion Corporation,$252.14,4.88,1.974%,5244886428.00,United States,,387716,Industrials,Industrial Specialties
MTX,Minerals Technologies Inc. Common Stock,$78.43,0.31,0.397%,2432015008.00,United States,1992,130586,Basic Materials,Major Chemicals
MUR,Murphy Oil Corporation Common Stock,$36.45,-2.39,-6.153%,5225092045.00,United States,,2104926,Energy,Oil & Gas Production
MWA,MUELLER WATER PRODUCTS Common Stock,$25.79,-0.03,-0.116%,4035389127.00,United States,2006,881016,Industrials,Metal Fabrications
MWH,SOLV Energy Inc. Class A Common Stock,$32.18,0.43,1.354%,6513088252.00,United States,2026,1974538,Industrials,Military/Government/Technical
MXL,MaxLinear Inc. Common Stock,$88.76,4.30,5.091%,7948099321.00,United States,2010,2609000,Technology,Semiconductors
MYRG,MYR Group Inc. Common Stock,$449.94,4.22,0.947%,7006031938.00,United States,2008,219481,Industrials,Water Sewer Pipeline Comm & Power Line Construction
MZTI,The Marzetti Company Common Stock,$108.69,-2.92,-2.616%,2980497180.00,United States,,389560,Consumer Staples,Packaged Foods
NAMS,NewAmsterdam Pharma Company N.V. Ordinary Shares,$30.60,0.20,0.658%,3577261757.00,Netherlands,,694934,Health Care,Biotechnology: Pharmaceutical Preparations
NAMSW,NewAmsterdam Pharma Company N.V. Warrant,$18.80,0.00,0.00%,2197794805.00,Netherlands,,12162,Health Care,Biotechnology: Pharmaceutical Preparations
NAN,Nuveen New York Quality Municipal Income Fund Common Stock,$11.47,-0.02,-0.174%,3467562226.00,United States,1999,72998,Finance,Investment Managers
NATL,NCR Atleos Corporation Common Stock,$44.17,-0.10,-0.226%,3258854517.00,United States,2023,242658,Miscellaneous,Office Equipment/Supplies/Services
NAVN,Navan Inc. Class A Common Stock,$20.10,0.17,0.853%,5112058366.00,United States,2025,5657586,Technology,Computer Software: Prepackaged Software
NBTB,NBT Bancorp Inc. Common Stock,$47.41,-0.77,-1.598%,2465805099.00,United States,,357375,Finance,Major Banks
NCLH,Norwegian Cruise Line Holdings Ltd. Ordinary Shares,$20.14,0.71,3.654%,9246478220.00,United States,,23923043,Consumer Discretionary,Marine Transportation
NE,Noble Corporation plc A Ordinary Shares,$45.15,-1.78,-3.793%,7203499372.00,United States,2022,1283113,Energy,Oil & Gas Production
NEOG,Neogen Corporation Common Stock,$9.30,0.20,2.198%,2024359281.00,United States,1989,1241910,Health Care,Biotechnology: In Vitro & In Vivo Diagnostic Substances
NESR,National Energy Services Reunited Corp Ordinary Shares,$26.11,-0.39,-1.472%,2633121828.00,United States,,2774822,Energy,Oilfield Services/Equipment
NEU,NewMarket Corp Common Stock,$815.10,-18.23,-2.188%,7497305287.00,United States,,108853,Industrials,Major Chemicals
NEXT,NextDecade Corporation Common Stock,$7.73,-0.67,-7.976%,2048395790.00,United States,2015,3965312,Utilities,Oil & Gas Production
NFG,National Fuel Gas Company Common Stock,$76.84,-0.71,-0.916%,7302517216.00,United States,,541031,Utilities,Oil/Gas Transmission
NG,Novagold Resources Inc.,$8.12,0.68,9.14%,3562898586.00,Canada,2003,4218708,Basic Materials,Precious Metals
NGVT,Ingevity Corporation Common Stock ,$72.43,0.45,0.625%,2518513507.00,United States,2016,169238,Industrials,Major Chemicals
NHC,National HealthCare Corporation Common Stock,$195.59,-2.13,-1.077%,3055045583.00,United States,1986,134309,Health Care,Hospital/Nursing Management
NHI,National Health Investors Inc. Common Stock,$70.70,-1.40,-1.942%,3426905285.00,United States,,334251,Real Estate,Real Estate Investment Trusts
NIC,Nicolet Bankshares Inc. Common Stock,$146.64,-1.91,-1.286%,3116379349.00,United States,2022,295104,Finance,Major Banks
NICE,NICE Ltd American Depositary Shares,$86.54,-2.17,-2.446%,5140785813.00,Israel,,703038,Technology,Computer Software: Prepackaged Software
NIQ,NIQ Global Intelligence plc Ordinary Shares,$8.53,0.26,3.144%,2517512997.00,United States,2025,1359537,Technology,Computer Software: Programming Data Processing
NJR,NewJersey Resources Corporation Common Stock,$54.56,-0.53,-0.962%,5506281023.00,United States,,421595,Utilities,Oil/Gas Transmission
NKTR,Nektar Therapeutics  Common Stock,$61.145,1.765,2.972%,2065846927.00,United States,,674289,Health Care,Biotechnology: Pharmaceutical Preparations
NMFCZ,New Mountain Finance Corporation 8.250% Notes due 2028,$25.40,0.04,0.158%,2701568409.00,United States,,1930,,
NMIH,NMI Holdings Inc. Common Stock,$37.24,0.19,0.513%,2829193221.00,United States,2013,568005,Finance,Property-Casualty Insurers
NMM,Navios Maritime Partners LP Common Units Representing Limited Partner Interests,$74.42,-0.87,-1.156%,2170705407.00,Greece,2007,150449,Consumer Discretionary,Marine Transportation
NMRK,Newmark Group Inc. Class A Common Stock,$15.04,-0.14,-0.922%,2670016864.00,United States,2017,971923,Finance,Real Estate
NN,NextNav Inc. Common Stock,$19.53,-1.97,-9.163%,2664613419.00,United States,,2812060,Industrials,Industrial Machinery/Components
NNI,Nelnet Inc. Common Stock,$128.25,-2.05,-1.573%,4608538450.00,United States,2003,88268,Finance,Finance: Consumer Services
NNN,NNN REIT Inc. Common Stock,$45.93,-0.66,-1.417%,8738098770.00,United States,,2357583,Real Estate,Real Estate Investment Trusts
NNNN,Anbio Biotechnology Class A Ordinary Shares,$16.81,1.22,7.826%,2418811072.00,Germany,2025,19897,Health Care,Biotechnology: In Vitro & In Vivo Diagnostic Substances
NOG,Northern Oil and Gas Inc. Common Stock,$19.96,-0.83,-3.992%,2111590815.00,United States,2022,5666715,Energy,Oil & Gas Production
NOV,NOV Inc. Common Stock,$20.52,-0.61,-2.887%,7364391610.00,United States,,2922683,Consumer Discretionary,Oil and Gas Field Machinery
NOVT,Novanta Inc. Common Stock,$156.63,-3.90,-2.429%,5577885319.00,United States,,607878,Miscellaneous,Industrial Machinery/Components
NOVTU,Novanta Inc. Tangible Equity Units,$66.305,-1.145,-1.698%,2361244245.00,United States,,1459,Miscellaneous,Industrial Machinery/Components
NP,Neptune Insurance Holdings Inc. Class A Common Stock,$27.56,0.16,0.584%,3811639665.00,,2025,608897,Finance,Specialty Insurers
NPO,Enpro Inc. Common Stock,$351.71,17.11,5.114%,7430458995.00,United States,,254642,Industrials,Metal Fabrications
NSA,National Storage Affiliates Trust Common Shares of Beneficial Interest,$44.91,-0.81,-1.772%,3467614857.00,United States,2015,525952,Real Estate,Real Estate Investment Trusts
NSIT,Insight Enterprises Inc. Common Stock,$110.81,-0.24,-0.216%,3346896043.00,United States,1995,356008,Consumer Discretionary,Catalog/Specialty Distribution
NTB,Bank of N.T. Butterfield & Son Limited (The) Voting Ordinary Shares,$58.46,-0.35,-0.595%,2338400000.00,Bermuda,2016,214119,Finance,Commercial Banks
NTCT,NetScout Systems Inc. Common Stock,$40.76,-0.66,-1.593%,2914144963.00,United States,1999,672510,Technology,EDP Services
NTLA,Intellia Therapeutics Inc. Common Stock,$14.92,2.81,23.204%,2084656373.00,United States,2016,16386087,Health Care,Biotechnology: In Vitro & In Vivo Diagnostic Substances
NTRSO,Northern Trust Corporation Depositary Shares Each Representing a 1/1000th Interest in a Share of Series E Non-Cumulative Perpetual Preferred Stock,$18.37,0.1038,0.568%,3399318129.00,United States,,46058,Finance,Major Banks
NTSK,Netskope Inc. Class A Common Stock,$8.81,-0.23,-2.544%,3558567348.00,United States,2025,6817378,Technology,Computer Software: Prepackaged Software
NUVL,Nuvalent Inc. Class A Common Stock,$123.35,0.10,0.081%,9744392815.00,United States,2021,2969564,Health Care,Biotechnology: Pharmaceutical Preparations
NVCR,NovoCure Limited Ordinary Shares,$17.60,-0.18,-1.012%,2038448544.00,Jersey,2015,2767854,Health Care,Medical/Dental Instruments
NVST,Envista Holdings Corporation Common Stock,$24.68,0.08,0.325%,4016125140.00,United States,2019,2065719,Health Care,Medical/Dental Instruments
NVTS,Navitas Semiconductor Corporation Common Stock,$23.73,0.34,1.454%,5546013429.00,United States,,35838549,Technology,Semiconductors
NWBI,Northwest Bancshares Inc. Common Stock,$14.55,-0.245,-1.656%,2128878172.00,United States,2009,934219,Finance,Major Banks
NWE,NorthWestern Energy Group Inc. Common Stock,$70.77,0.39,0.554%,4352922292.00,United States,,481310,Utilities,Power Generation
NWL,Newell Brands Inc. Common Stock,$4.76,-0.16,-3.252%,2022656195.00,United States,,7808916,Industrials,Plastic Products
NWN,Northwest Natural Holding Company Common Stock,$49.64,-0.22,-0.441%,2088868673.00,United States,,253627,Utilities,Oil/Gas Transmission
NXE,Nexgen Energy Ltd. Common Shares,$10.54,0.69,7.005%,6976261797.00,Canada,2017,5215011,Basic Materials,Other Metals and Minerals
NXST,Nexstar Media Group Inc. Common Stock,$172.29,-2.21,-1.266%,5261558280.00,United States,2003,435679,Industrials,Broadcasting
NYAX,Nayax Ltd. Ordinary Shares,$67.53,-0.31,-0.457%,2522866438.00,Israel,,4154,Technology,Computer Software: Prepackaged Software
OBDC,Blue Owl Capital Corporation Common Stock,$11.08,-0.10,-0.894%,5499064098.00,United States,2019,3847424,Finance,Diversified Financial Services
OC,Owens Corning Inc Common Stock New,$123.40,1.96,1.614%,9937194565.00,United States,,861733,Industrials,Industrial Machinery/Components
OCTV,Octave Intelligence plc Class B Ordinary Shares,$18.00,0.40,2.273%,4831880184.00,United States,,1081312,Technology,Computer Software: Prepackaged Software
OFG,OFG Bancorp Common Stock,$47.62,-0.44,-0.916%,2012344579.00,Puerto Rico,,324380,Finance,Major Banks
OGC,OceanaGold Corporation Common Shares,$27.87,1.65,6.293%,6248956301.00,,2026,841788,,
OGE,OGE Energy Corp Common Stock,$47.93,0.13,0.272%,9891521206.00,United States,,697976,Utilities,Electric Utilities: Central
OGN,Organon & Co. Common Stock ,$13.44,0.00,0.00%,3529355585.00,United States,2021,2163422,Health Care,Biotechnology: Pharmaceutical Preparations
OGS,ONE Gas Inc. Common Stock,$77.38,-0.40,-0.514%,4856564804.00,United States,2014,542709,Utilities,Oil/Gas Transmission
OII,Oceaneering International Inc. Common Stock,$37.89,-1.50,-3.808%,3779347485.00,United States,,693891,Energy,Oilfield Services/Equipment
OLED,Universal Display Corporation Common Stock,$92.97,1.51,1.651%,4346430336.00,United States,,635791,Technology,Electrical Products
OLLI,Ollie's Bargain Outlet Holdings Inc. Common Stock,$85.00,1.75,2.102%,5138529820.00,United States,2015,2280085,Consumer Discretionary,Department/Specialty Retail Stores
OLN,Olin Corporation Common Stock,$25.30,0.17,0.676%,2881613556.00,United States,,1833613,Industrials,Major Chemicals
OMAB,Grupo Aeroportuario del Centro Norte S.A.B. de C.V. ADS,$109.00,7.23,7.104%,5261558402.00,Mexico,2006,193253,Consumer Discretionary,Aerospace
OMF,OneMain Holdings Inc. Common Stock,$57.67,0.96,1.693%,6662670002.00,United States,2013,829848,Finance,Finance: Consumer Services
ONB,Old National Bancorp Common Stock,$24.76,-0.38,-1.512%,9566595480.00,United States,,4181588,Finance,Major Banks
ONBPO,Old National Bancorp Depositary Shares Each Representing a 1/40th Interest in a Share of Series C Preferred Stock,$24.823,-0.13,-0.521%,9590936979.00,United States,,5029,Finance,Major Banks
ONBPP,Old National Bancorp Depositary Shares Each Representing a 1/40th Interest in a Share of Series A Preferred Stock,$25.07,0.17,0.683%,9686371110.00,United States,,20604,Finance,Major Banks
ONDS,Ondas Inc. Common Stock,$9.51,0.18,1.929%,4892857664.00,United States,,57735949,Technology,Radio And Television Broadcasting And Communications Equipment
OPCH,Option Care Health Inc. Common Stock,$21.23,0.47,2.264%,3333693910.00,United States,,3988435,Health Care,Medical/Nursing Services
OPEN,Opendoor Technologies Inc Common Stock,$4.61,0.17,3.829%,4447435874.00,United States,,46077040,Finance,Real Estate
OPLN,OPENLANE Inc. Common Stock,$38.59,0.76,2.009%,4088460231.00,United States,,844472,Consumer Discretionary,Retail-Auto Dealers and Gas Stations
OR,OR Royalties Inc. Common Shares,$36.16,2.33,6.887%,6779850442.00,Canada,2016,976063,Basic Materials,Precious Metals
ORA,Ormat Technologies Inc. Common Stock,$138.71,0.55,0.398%,8523972520.00,United States,2004,586670,Utilities,Electric Utilities: Central
ORI,Old Republic International Corporation Common Stock,$38.56,-0.01,-0.026%,9363401986.00,United States,,1724267,Finance,Property-Casualty Insurers
ORKA,Oruka Therapeutics Inc. Common Stock,$68.86,-1.03,-1.474%,4153091275.00,United States,,1002383,Health Care,Biotechnology: In Vitro & In Vivo Diagnostic Substances
ORLA,Orla Mining Ltd. Common Shares,$11.20,0.55,5.164%,3875110366.00,,2020,3648867,Basic Materials,Precious Metals
OSCR,Oscar Health Inc. Class A Common Stock,$29.14,0.88,3.114%,8785506020.00,United States,2021,6222250,Health Care,Medical Specialities
OSIS,OSI Systems Inc. Common Stock (DE),$221.68,-3.85,-1.707%,3653927055.00,United States,1997,204907,Technology,Semiconductors
OSK,Oshkosh Corporation (Holding Company)Common Stock,$136.65,1.60,1.185%,8520306375.00,United States,,443307,Industrials,Auto Manufacturing
OSW,OneSpaWorld Holdings Limited Common Shares,$26.18,0.39,1.512%,2657658668.00,Bahamas,,724901,Consumer Discretionary,Hotels/Resorts
OTEX,Open Text Corporation Common Shares,$22.06,-0.17,-0.765%,5528297261.00,Canada,1996,3793660,Technology,EDP Services
OTF,Blue Owl Technology Finance Corp. Common Stock,$10.78,-0.37,-3.318%,4987282959.00,United States,2025,5402641,,
OTTR,Otter Tail Corporation Common Stock,$88.76,-0.83,-0.926%,3726513154.00,United States,,200651,Utilities,Electric Utilities: Central
OUST,Ouster Inc. Common Stock,$45.18,5.38,13.518%,2867172091.00,United States,,4625559,Industrials,Industrial Machinery/Components
OUT,OUTFRONT Media Inc. Common Stock,$31.33,-0.01,-0.032%,5516069768.00,United States,2014,2229128,Real Estate,Real Estate Investment Trusts
OXLCL,Oxford Lane Capital Corp. 6.75% Notes due 2031,$24.52,0.3319,1.372%,4256672000.00,United States,,2804,Finance,Finance Companies
OXLCM,Oxford Lane Capital Corp. Preferred Stock Shares 8.25% Series 2031,$25.08,0.02,0.08%,4353888000.00,United States,,32873,Finance,Investment Managers
OXLCN,Oxford Lane Capital Corp. 7.125% Series 2029 Term Preferred Stock,$24.93,-0.005,-0.02%,4327848000.00,United States,,1055,Finance,Investment Managers
OXLCO,Oxford Lane Capital Corp. Preferred Stock Shares 6.00% Series 2029,$24.16,0.01,0.041%,4194176000.00,United States,,434,Finance,Investment Managers
OXLCZ,Oxford Lane Capital Corp. 5.00% Notes due 2027,$24.58,0.0825,0.337%,4267088000.00,United States,,7224,Finance,Finance Companies
OZK,Bank OZK Common Stock,$51.13,-0.97,-1.862%,5784650429.00,United States,,1261137,Finance,Major Banks
PACS,PACS Group Inc. Common Stock,$36.25,-0.03,-0.083%,5737373630.00,United States,2024,1129321,Health Care,Hospital/Nursing Management
PAGP,Plains GP Holdings L.P. Class A Units representing Limited Partner Interests,$23.88,-0.50,-2.051%,4725950481.00,United States,,1845768,Energy,Natural Gas Distribution
PAGS,PagSeguro Digital Ltd. Class A Common Shares,$8.87,-0.09,-1.004%,2578311279.00,Cayman Islands,2018,2660615,Technology,EDP Services
PAM,Pampa Energia S.A.,$87.00,-1.48,-1.673%,4745050905.00,Argentina,,86164,Utilities,Electric Utilities: Central
PARR,Par Pacific Holdings Inc.  Common Stock,$53.48,-2.34,-4.192%,2681715934.00,United States,,1020987,Energy,Oil & Gas Production
PATH,UiPath Inc. Class A Common Stock,$10.79,0.24,2.275%,5590517670.00,United States,2021,69961760,Technology,Computer Software: Prepackaged Software
PATK,Patrick Industries Inc. Common Stock,$86.20,-0.50,-0.577%,2835395823.00,United States,,239035,Consumer Discretionary,Auto Parts:O.E.M.
PAY,Paymentus Holdings Inc. Class A Common Stock,$21.24,0.12,0.568%,2671765518.00,United States,2021,950277,Consumer Discretionary,Business Services
PAYC,Paycom Software Inc. Common Stock,$134.69,0.17,0.126%,6415480001.00,United States,2014,1195087,Technology,Computer Software: Prepackaged Software
PAYO,Payoneer Global Inc. Common Stock,$7.03,0.28,4.148%,2353494008.00,United States,,78625322,Consumer Discretionary,Business Services
PAYP,PayPay Corporation American Depository Shares,$14.25,0.10,0.707%,9085389600.00,Japan,2026,2844410,Consumer Discretionary,Business Services
PB,Prosperity Bancshares Inc. Common Stock,$71.16,-1.51,-2.078%,7176819669.00,United States,,981251,Finance,Major Banks
PBF,PBF Energy Inc. Class A Common Stock,$39.66,-2.23,-5.323%,4692113920.00,United States,2012,2358074,Energy,Integrated oil Companies
PBH,Prestige Consumer Healthcare Inc. Common Stock,$46.67,-1.15,-2.405%,2210858987.00,United States,2005,726121,Health Care,Biotechnology: Pharmaceutical Preparations
PBI,Pitney Bowes Inc. Common Stock,$17.24,-0.08,-0.462%,2335010167.00,United States,,3050475,Miscellaneous,Office Equipment/Supplies/Services
PBLS,Parabilis Medicines Inc. Common Stock,$25.01,-2.25,-8.254%,2969955482.00,United States,2026,1280288,Health Care,Biotechnology: Pharmaceutical Preparations
PCOR,Procore Technologies Inc. Common Stock,$42.40,0.04,0.094%,6397745158.00,United States,2021,2078480,Technology,Computer Software: Prepackaged Software
PCTY,Paylocity Holding Corporation Common Stock,$106.93,-1.91,-1.755%,5725466122.00,United States,2014,886675,Technology,Computer Software: Prepackaged Software
PCVX,Vaxcyte Inc. Common Stock,$49.56,2.10,4.425%,7156349120.00,United States,2020,1739516,Health Care,Biotechnology: Pharmaceutical Preparations
PDFS,PDF Solutions Inc. Common Stock,$65.09,0.95,1.481%,2598463748.00,United States,2001,719783,Technology,Computer Software: Prepackaged Software
PDI,PIMCO Dynamic Income Fund Common Stock,$16.51,0.21,1.288%,4013415900.00,United States,2012,2931929,Finance,Trusts Except Educational Religious and Charitable
PEB,Pebblebrook Hotel Trust Common Shares of Beneficial Interest,$18.50,0.32,1.76%,2097330848.00,United States,2009,3242267,Real Estate,Real Estate Investment Trusts
PECO,Phillips Edison & Company Inc. Common Stock,$41.48,-0.3917,-0.935%,5226480000.00,United States,2021,1213415,Real Estate,Real Estate Investment Trusts
PEGA,Pegasystems Inc. Common Stock,$32.72,-0.04,-0.122%,5468037189.00,United States,1996,2256638,Technology,EDP Services
PENG,Penguin Solutions Inc. Common Stock,$63.87,-0.26,-0.405%,3241243336.00,United States,2017,2346210,Technology,Semiconductors
PENN,PENN Entertainment Inc. Common Stock,$21.84,0.16,0.738%,2923139223.00,United States,1994,3027457,Consumer Discretionary,Hotels/Resorts
PFH,Prudential Financial Inc. 4.125% Junior Subordinated Notes due 2060,$16.40,0.06,0.367%,5854800000.00,United States,2020,24320,Finance,Life Insurance
PFS,Provident Financial Services Inc Common Stock,$23.09,-0.43,-1.828%,3008943033.00,United States,2003,792950,Finance,Savings Institutions
PFSI,PennyMac Financial Services Inc. Common Stock,$82.41,0.75,0.918%,4279128949.00,United States,2013,540299,Finance,Finance: Consumer Services
PGNY,Progyny Inc. Common Stock,$26.91,0.28,1.051%,2107924077.00,United States,2019,1373118,Health Care,Misc Health and Biotechnology Services
PHI,PLDT Inc. Sponsored ADR,$17.88,0.34,1.938%,3863077257.00,Philippines,,399850,Telecommunications,Telecommunications Equipment
PHIN,PHINIA Inc. Common Stock,$83.65,-1.51,-1.773%,3096769677.00,United States,2023,372137,Consumer Discretionary,Auto Parts:O.E.M.
PHVS,Pharvaris N.V. Ordinary Shares,$31.54,0.82,2.669%,2197279928.00,Netherlands,2021,122972,Health Care,Biotechnology: Pharmaceutical Preparations
PI,Impinj Inc. Common Stock,$136.50,3.73,2.809%,4157678753.00,United States,2016,311913,Technology,Industrial Machinery/Components
PII,Polaris Inc. Common Stock,$70.11,-0.82,-1.156%,3988289168.00,United States,,814649,Consumer Discretionary,Industrial Specialties
PIPR,Piper Sandler Companies Common Stock,$79.52,0.47,0.595%,5649414506.00,United States,2026,380116,Finance,Investment Bankers/Brokers/Service
PJT,PJT Partners Inc. Class A Common Stock,$156.37,4.00,2.625%,6259385707.00,United States,2015,363741,Finance,Investment Managers
PK,Park Hotels & Resorts Inc. Common Stock ,$14.40,-0.10,-0.69%,2899610424.00,United States,2016,3588687,Consumer Discretionary,Hotels/Resorts
PLBL,Polibeli Group Ltd Class A Ordinary Shares,$8.72,0.97,12.516%,3194898738.00,Indonesia,,359729,Consumer Discretionary,Consumer Electronics/Appliances
PLGO,Pelagos Insurance Capital Limited Common Shares,$23.17,-0.48,-2.03%,2003744960.00,Bermuda,2023,374344,Finance,Property-Casualty Insurers
PLMR,Palomar Holdings Inc. Common stock,$113.01,-1.84,-1.602%,2995202462.00,United States,2019,163841,Finance,Property-Casualty Insurers
PLNT,Planet Fitness Inc. Common Stock,$49.98,-1.03,-2.019%,3970549994.00,United States,2015,2205130,Consumer Discretionary,Hotels/Resorts
PLUG,Plug Power Inc. Common Stock,$2.80,0.04,1.449%,3906193430.00,United States,1999,39533168,Energy,Industrial Machinery/Components
PLUS,ePlus inc. Common Stock,$83.09,-0.10,-0.12%,2172935031.00,United States,1996,247899,Technology,Retail: Computer Software & Peripheral Equipment
PLXS,Plexus Corp. Common Stock,$295.02,0.00,0.00%,7893679323.00,United States,,223816,Technology,Electrical Products
PMTU,PennyMac Mortgage Investment Trust 8.50% Senior Notes due 2028,$25.35,-0.42,-1.63%,2210579877.00,United States,2023,1371,Real Estate,Real Estate Investment Trusts
POET,POET Technologies Inc. Common Shares,$13.93,1.40,11.173%,2129807904.00,Canada,,44668961,Technology,Semiconductors
PONY,Pony AI Inc. American Depositary Shares ,$8.32,0.17,2.086%,3607065721.00,China,2024,4539175,Technology,EDP Services
POOL,Pool Corporation Common Stock,$191.03,-3.97,-2.036%,6961706863.00,United States,1995,993501,Consumer Discretionary,Industrial Specialties
POR,Portland General Electric Co Common Stock,$50.46,-0.26,-0.513%,5839736355.00,United States,,1073910,Utilities,Electric Utilities: Central
POST,Post Holdings Inc. Common Stock,$92.36,-0.78,-0.837%,4185994043.00,United States,2012,622450,Consumer Staples,Packaged Foods
POWI,Power Integrations Inc. Common Stock,$83.31,4.93,6.29%,4642031867.00,United States,1997,885725,Technology,Semiconductors
POWWP,Outdoor Holding Company 8.75% Series A Cumulative Redeemable Perpetual Preferred Stock,$23.85,-0.14,-0.584%,2797336020.00,United States,,1744,Industrials,Ordnance And Accessories
PPC,Pilgrim's Pride Corporation Common Stock,$29.04,-1.03,-3.425%,6909253167.00,United States,,2254266,Consumer Staples,Meat/Poultry/Fish
PPLI,People Incorporated Common Stock,$42.64,0.00,0.00%,3171882829.00,United States,,863020,Technology,Computer Software: Programming Data Processing
PPTA,Perpetua Resources Corp. Common Shares,$26.01,1.92,7.97%,3253708023.00,Canada,,1524789,Basic Materials,Precious Metals
PRAX,Praxis Precision Medicines Inc. Common Stock,$264.54,-2.04,-0.765%,7375050874.00,United States,2020,544339,Health Care,Biotechnology: Pharmaceutical Preparations
PRDO,Perdoceo Education Corporation Common Stock,$32.32,-1.72,-5.053%,2026565259.00,United States,,730578,Real Estate,Other Consumer Services
PRH,Prudential Financial Inc. 5.950% Junior Subordinated Notes due 2062,$22.99,0.09,0.393%,8092480000.00,United States,2022,26857,Finance,Life Insurance
PRI,Primerica Inc. Common Stock,$280.64,-1.37,-0.486%,8811277092.00,United States,2010,184953,Finance,Life Insurance
PRIM,Primoris Services Corporation Common Stock,$101.34,2.69,2.727%,5498195113.00,United States,,1448579,Industrials,Water Sewer Pipeline Comm & Power Line Construction
PRK,Park National Corporation Common Stock,$176.03,-4.10,-2.276%,3185454547.00,United States,1994,89903,Finance,Major Banks
PRKS,United Parks & Resorts Inc. Common Stock,$46.26,1.11,2.458%,2211502276.00,United States,2013,853618,Health Care,Biotechnology: Electromedical & Electrotherapeutic Apparatus
PRM,Perimeter Solutions SA Common Stock,$36.36,0.89,2.509%,5931300011.00,Luxembourg,,1419732,Industrials,Major Chemicals
PRMB,Primo Brands Corporation Class A Common Stock,$24.60,0.45,1.863%,8926566625.00,United States,2024,2247263,Consumer Staples,Beverages (Production/Distribution)
PRS,Prudential Financial Inc. 5.625% Junior Subordinated Notes due 2058,$22.24,0.11,0.497%,7828480000.00,United States,2018,20657,Finance,Life Insurance
PRVA,Privia Health Group Inc. Common Stock,$23.02,-0.41,-1.75%,2900804849.00,United States,2021,1170864,Health Care,Medical/Nursing Services
PSMT,PriceSmart Inc. Common Stock,$179.73,-2.57,-1.41%,5552916333.00,United States,,315372,Consumer Discretionary,Department/Specialty Retail Stores
PSN,Parsons Corporation Common Stock,$55.49,-1.21,-2.134%,5936238130.00,United States,2019,816947,Technology,EDP Services
PSNY,Polestar Automotive Holding UK PLC Class A ADS,$20.75,1.58,8.242%,3023171209.00,Sweden,,98896,Industrials,Auto Manufacturing
PSO,Pearson Plc Common Stock,$15.25,-0.16,-1.038%,9695537305.00,United Kingdom,,604631,Consumer Discretionary,Books
PTCT,PTC Therapeutics Inc. Common Stock,$76.77,1.63,2.169%,6368020678.00,United States,2013,3590757,Health Care,Biotechnology: Pharmaceutical Preparations
PTEN,Patterson-UTI Energy Inc. Common Stock,$10.66,-0.83,-7.224%,4046724181.00,United States,1993,13726433,Energy,Oil & Gas Production
PTGX,Protagonist Therapeutics Inc. Common Stock,$112.46,2.68,2.441%,7232457008.00,United States,2016,536341,Health Care,Biotechnology: Pharmaceutical Preparations
PTON,Peloton Interactive Inc. Class A Common Stock,$5.80,0.25,4.505%,2511353165.00,United States,2019,8218034,Consumer Discretionary,Recreational Games/Products/Toys
PTRN,Pattern Group Inc. Series A Common Stock,$19.60,-1.36,-6.489%,3466575266.00,United States,2025,3461075,Consumer Discretionary,Catalog/Specialty Distribution
PVH,PVH Corp. Common Stock,$83.26,1.30,1.586%,3838959740.00,United States,,954654,Industrials,Garments and Clothing
QBTS,D-Wave Quantum Inc. Common Shares,$26.26,2.89,12.366%,9630529402.00,United States,2022,44816247,Technology,EDP Services
QGEN,Qiagen N.V. Common Shares,$37.01,-0.05,-0.135%,7626826609.00,Netherlands,2026,2511647,Health Care,Biotechnology: Biological Products (No Diagnostic Substances)
QLYS,Qualys Inc. Common Stock,$114.65,3.41,3.065%,4045992653.00,United States,2012,889828,Technology,Computer Software: Prepackaged Software
QRVO,Qorvo Inc. Common Stock,$101.28,2.69,2.728%,8914024801.00,United States,,850146,Technology,Semiconductors
QS,QuantumScape Corporation Class A Common Stock,$7.23,0.14,1.975%,4447498899.00,United States,,13270082,Miscellaneous,Industrial Machinery/Components
QTWO,Q2 Holdings Inc. Common Stock,$44.05,0.16,0.365%,2757548633.00,United States,2014,505278,Technology,Computer Software: Prepackaged Software
QUBT,Quantum Computing Inc. Common Stock,$11.10,1.17,11.782%,2503438356.00,United States,,24611466,Technology,Computer Software: Prepackaged Software
RAL,Ralliant Corporation Common Stock,$68.77,2.69,4.071%,7697642588.00,United States,2025,2210698,Industrials,Industrial Machinery/Components
RAMP,LiveRamp Holdings Inc. Common Stock,$37.57,-0.05,-0.133%,2257501126.00,United States,2018,526307,Technology,EDP Services
RARE,Ultragenyx Pharmaceutical Inc. Common Stock,$25.38,1.03,4.23%,2499656505.00,United States,2014,1479310,Health Care,Biotechnology: Pharmaceutical Preparations
RCUS,Arcus Biosciences Inc. Common Stock,$24.18,0.38,1.597%,3041195057.00,United States,2018,1218670,Health Care,Biotechnology: Pharmaceutical Preparations
RDN,Radian Group Inc. Common Stock,$34.54,-0.12,-0.346%,4592963270.00,United States,,1167158,Finance,Property-Casualty Insurers
RDNT,RadNet Inc. Common Stock,$57.05,0.34,0.60%,4486083164.00,United States,,840870,Health Care,Medical Specialities
RDW,Redwire Corporation Common Stock,$14.83,-0.29,-1.918%,3541779866.00,United States,2021,41865144,Industrials,Military/Government/Technical
REGCO,Regency Centers Corporation 5.875% Series B Cumulative Redeemable Preferred Stock,$22.33,-0.15,-0.667%,4088551321.00,United States,,1073,Real Estate,Real Estate Investment Trusts
REGCP,Regency Centers Corporation 6.25% Series A Cumulative Redeemable Preferred Stock,$23.29,0.03,0.129%,4264324239.00,United States,,7675,Real Estate,Real Estate Investment Trusts
RELY,Remitly Global Inc. Common Stock,$19.63,0.55,2.883%,4133313981.00,United States,2021,5095953,Consumer Discretionary,Business Services
REXR,Rexford Industrial Realty Inc. Common Stock,$34.80,-0.29,-0.826%,7854990541.00,United States,2013,2354542,Real Estate,Real Estate Investment Trusts
REYN,Reynolds Consumer Products Inc. Common Stock,$23.43,-0.10,-0.425%,4938279643.00,United States,2020,770102,Consumer Discretionary,Containers/Packaging
REZI,Resideo Technologies Inc. Common Stock ,$31.62,-0.04,-0.126%,4788098341.00,United States,2018,1169601,Industrials,Wholesale Distributors
RGC,Regencell Bioscience Holdings Limited Ordinary Shares,$17.09,-1.74,-9.241%,8450815438.00,Hong Kong,2021,153893,Health Care, Medicinal Chemicals and Botanical Products 
RGEN,Repligen Corporation Common Stock,$130.87,0.28,0.214%,7382080934.00,United States,1986,633304,Health Care,Biotechnology: Biological Products (No Diagnostic Substances)
RGTI,Rigetti Computing Inc. Common Stock,$22.70,1.72,8.198%,7545452919.00,United States,,44775684,Technology,EDP Services
RGTIW,Rigetti Computing Inc. Warrants,$11.74,1.15,10.859%,3902361994.00,United States,,283690,Technology,EDP Services
RH,RH Common Stock,$148.12,-4.92,-3.215%,2799611528.00,United States,2012,1409099,Consumer Discretionary,Other Specialty Stores
RHI,Robert Half Inc. Common Stock,$32.07,-0.42,-1.293%,3280555399.00,United States,,2893850,Consumer Discretionary,Professional Services
RHP,Ryman Hospitality Properties Inc. (REIT),$122.47,-0.34,-0.277%,7728992542.00,United States,,408868,Real Estate,Real Estate Investment Trusts
RIG,Transocean Ltd (Switzerland) Common Stock,$5.83,-0.21,-3.477%,7602376440.00,Switzerland,,33199628,Energy,Oil & Gas Production
RITM,Rithm Capital Corp. Common Stock,$9.19,-0.12,-1.289%,5130837626.00,United States,,5082858,Real Estate,Real Estate Investment Trusts
RLAY,Relay Therapeutics Inc. Common Stock,$14.96,0.15,1.013%,2866129028.00,United States,2020,1879851,Health Care,Biotechnology: Biological Products (No Diagnostic Substances)
RLI,RLI Corp. Common Stock (DE),$53.59,-0.76,-1.398%,4926975158.00,United States,,1001182,Finance,Property-Casualty Insurers
RLX,RLX Technology Inc. American Depositary Shares each representing the right to receive one (1) Class A ordinary share,$2.01,-0.04,-1.951%,3113370017.00,Cayman Islands,2021,1601942,Health Care, Medicinal Chemicals and Botanical Products 
RNG,RingCentral Inc. Class A Common Stock,$38.32,-0.32,-0.828%,3213461705.00,United States,2013,1506081,Technology,EDP Services
RNST,Renasant Corporation Common Stock,$42.13,-0.68,-1.588%,3887424416.00,United States,2023,818473,Finance,Major Banks
RNW,ReNew Energy Global plc Class A Ordinary Shares,$6.32,-0.11,-1.711%,2292700990.00,United Kingdom,,1224638,Utilities,Electric Utilities: Central
ROAD,Construction Partners Inc. Class A Common Stock,$120.28,6.41,5.629%,6799998768.00,United States,2018,972012,Industrials,Military/Government/Technical
ROG,Rogers Corporation Common Stock,$154.93,3.87,2.562%,2765273528.00,United States,1960,478125,Industrials,Major Chemicals
RRC,Range Resources Corporation Common Stock,$37.46,-1.13,-2.928%,8826409485.00,United States,,3948565,Energy,Oil & Gas Production
RRR,Red Rock Resorts Inc. Class A Common Stock,$61.13,-1.72,-2.737%,6379003405.00,United States,2016,945196,Consumer Discretionary,Hotels/Resorts
RSI,Rush Street Interactive Inc. Class A Common Stock,$30.12,0.52,1.757%,7009770312.00,United States,2020,2401222,Consumer Discretionary,Services-Misc. Amusement & Recreation
RTO,Rentokil Initial plc American Depositary Shares (each representing five (5) Ordinary Shares),$30.19,-0.47,-1.533%,7613918000.00,United States,2022,585617,Consumer Discretionary,Other Consumer Services
RUM,Rumble Inc. Class A Common Stock,$7.75,0.59,8.24%,3378059065.00,United States,2021,2776439,Technology,Computer Software: Programming Data Processing
RUN,Sunrun Inc. Common Stock,$12.47,-0.42,-3.258%,2974709609.00,United States,2015,7200448,Miscellaneous,Industrial Machinery/Components
RUSHA,Rush Enterprises Inc. Common Stock Cl A,$70.05,0.07,0.10%,5443745985.00,United States,,491151,Consumer Discretionary,Retail-Auto Dealers and Gas Stations
RUSHB,Rush Enterprises Inc. Class B,$70.75,-0.17,-0.24%,5498144588.00,United States,,87870,Consumer Discretionary,Retail-Auto Dealers and Gas Stations
RWTN,Redwood Trust Inc. 9.125% Senior Notes Due 2029,$24.69,0.24,0.982%,3190527326.00,United States,2024,1655,Real Estate,Real Estate Investment Trusts
RWTO,Redwood Trust Inc. 9.00% Senior Notes Due 2029,$24.02,0.16,0.671%,3103947605.00,United States,2024,8521,Real Estate,Real Estate Investment Trusts
RXO,RXO Inc. Common Stock,$27.71,-0.64,-2.257%,4569941846.00,United States,2022,2510488,Consumer Discretionary,Transportation Services
RYAN,Ryan Specialty Holdings Inc. Class A Common Stock,$35.34,-0.30,-0.842%,9317723726.00,United States,2021,2152019,Finance,Specialty Insurers
RYN,Rayonier Inc. REIT Common Stock,$21.54,-0.38,-1.734%,6478095183.00,United States,,2641772,Real Estate,Real Estate Investment Trusts
RYTM,Rhythm Pharmaceuticals Inc. Common Stock,$89.70,1.32,1.494%,6147374848.00,United States,2017,2239749,Health Care,Biotechnology: Pharmaceutical Preparations
S,SentinelOne Inc. Class A Common Stock,$15.19,0.34,2.29%,5207188552.00,United States,2021,6035301,Technology,Computer Software: Prepackaged Software
SA,Seabridge Gold Inc. Common Shares New,$30.37,2.33,8.31%,3268508657.00,Canada,2026,866485,Basic Materials,Precious Metals
SAH,Sonic Automotive Inc. Common Stock,$83.71,-0.90,-1.064%,2645579462.00,United States,1997,168754,Consumer Discretionary,Retail-Auto Dealers and Gas Stations
SAIC,Science Applications International Corporation Common Stock,$109.39,-4.42,-3.884%,4624661230.00,United States,,525978,Technology,EDP Services
SAIL,SailPoint Inc. Common Stock,$14.21,-0.41,-2.804%,8059670387.00,United States,2025,4114311,Technology,Computer Software: Prepackaged Software
SARO,StandardAero Inc. Common Stock,$26.98,0.07,0.26%,8970093805.00,United States,2024,3153591,Industrials,Aerospace
SATA,Strive Inc. Variable Rate Series A Perpetual Preferred Stock,$100.01,1.1242,1.137%,7308993926.00,United States,,787535,,
SBCF,Seacoast Banking Corporation of Florida Common Stock,$31.12,-0.77,-2.415%,3026319545.00,United States,,859409,Finance,Major Banks
SBLK,Star Bulk Carriers Corp. Common Shares,$27.07,-0.08,-0.295%,3019121161.00,Greece,,746560,Consumer Discretionary,Marine Transportation
SBRA,Sabra Health Care REIT Inc. Common Stock,$18.58,-0.15,-0.801%,4685691965.00,United States,,2389544,Real Estate,Real Estate Investment Trusts
SBSW,D/B/A Sibanye-Stillwater Limited ADS,$10.72,0.86,8.722%,7585920268.00,South Africa,,5842879,Basic Materials,Precious Metals
SDRL,Seadrill Limited Common Shares,$42.39,-1.86,-4.203%,2650668234.00,Bermuda,2022,982568,Energy,Oil & Gas Production
SEB,Seaboard Corporation Common Stock,$5198.05,-119.34,-2.244%,4978661102.00,United States,1996,16779,Industrials,Farming/Seeds/Milling
SEDG,SolarEdge Technologies Inc. Common Stock,$60.19,-0.61,-1.003%,3660647578.00,Israel,2015,2782591,Technology,Semiconductors
SEI,Solaris Energy Infrastructure Inc. Class A Common Stock,$78.07,4.06,5.486%,5741423081.00,United States,2017,1958075,Consumer Discretionary,Oil and Gas Field Machinery
SEM,Select Medical Holdings Corporation Common Stock,$16.65,-0.01,-0.06%,2064879720.00,United States,2009,1223621,Health Care,Hospital/Nursing Management
SEZL,Sezzle Inc. Common Stock,$146.12,13.42,10.113%,4913580016.00,United States,,964524,Finance,Finance: Consumer Services
SFB,Stifel Financial Corporation 5.20% Senior Notes due 2047,$19.80,0.1499,0.763%,2023033439.00,United States,2017,10060,Finance,Investment Bankers/Brokers/Service
SFBS,ServisFirst Bancshares Inc. Common Stock,$81.06,-1.33,-1.614%,4430968432.00,United States,,304466,Finance,Major Banks
SFM,Sprouts Farmers Market Inc. Common Stock,$85.39,-0.94,-1.089%,8030442862.00,United States,2013,1692330,Consumer Staples,Food Chains
SFNC,Simmons First National Corporation Class A Common Stock,$22.00,-0.295,-1.323%,3191412598.00,United States,,1265783,Finance,Major Banks
SGHC,Super Group (SGHC) Limited Ordinary Shares,$13.65,0.17,1.261%,6935248156.00,,2022,3718100,Consumer Discretionary,Services-Misc. Amusement & Recreation
SHAK,Shake Shack Inc. Class A Common Stock,$58.40,0.18,0.309%,2498440826.00,United States,2015,2386977,Consumer Discretionary,Restaurants
SHC,Sotera Health Company Common Stock,$16.23,0.04,0.247%,4628260313.00,United States,2020,1782910,Health Care,Misc Health and Biotechnology Services
SHO,Sunstone Hotel Investors Inc. Sunstone Hotel Investors Inc. Common Shares,$11.78,0.06,0.512%,2194511161.00,United States,2004,1818127,Consumer Discretionary,Hotels/Resorts
SHOO,Steven Madden Ltd. Common Stock,$45.42,-0.73,-1.582%,3319540503.00,United States,1993,722163,Consumer Discretionary,Shoe Manufacturing
SIG,Signet Jewelers Limited Common Shares,$88.72,-1.53,-1.695%,3489338348.00,Bermuda,,971791,Consumer Discretionary,Consumer Specialties
SIGI,Selective Insurance Group Inc. Common Stock,$92.27,-0.14,-0.151%,5524160610.00,United States,,331443,Finance,Property-Casualty Insurers
SII,Sprott Inc. Common Shares,$128.35,9.55,8.039%,3311430000.00,,2020,258449,Finance,Finance: Consumer Services
SIM,Grupo Simec S.A.B. de C.V. American Depositary Shares,$30.045,0.00,0.00%,4616963773.00,Mexico,1998,31,Industrials,Steel/Iron Ore
SIMO,Silicon Motion Technology Corporation American Depositary Shares,$276.40,-4.09,-1.458%,9372125594.00,Taiwan,2005,757375,Technology,Semiconductors
SIRI,SiriusXM Holdings Inc. Common Stock,$27.46,-0.06,-0.218%,9243583443.00,United States,,4301336,Consumer Discretionary,Broadcasting
SITE,SiteOne Landscape Supply Inc. Common Stock,$107.26,0.76,0.714%,4752500643.00,United States,2016,725198,Consumer Discretionary,Professional and commerical equipment
SKE,Skeena Resources Limited Common Shares,$30.03,1.92,6.83%,3723771021.00,,2021,1485638,Basic Materials,Precious Metals
SKT,Tanger Inc. Common Stock,$40.61,0.15,0.371%,4665108309.00,United States,1993,1451316,Real Estate,Real Estate Investment Trusts
SKY,Champion Homes Inc. Common Stock,$78.61,-0.04,-0.051%,4315205863.00,United States,,790704,Consumer Discretionary,Homebuilding
SKYW,SkyWest Inc. Common Stock,$91.96,0.215,0.234%,3647159441.00,United States,1986,392687,Consumer Discretionary,Air Freight/Delivery Services
SLAB,Silicon Laboratories Inc. Common Stock,$220.34,0.83,0.378%,7267214880.00,United States,2000,351205,Technology,Semiconductors
SLG,SL Green Realty Corp Common Stock,$51.45,0.30,0.587%,3659354650.00,United States,1997,990250,Real Estate,Real Estate Investment Trusts
SLGN,Silgan Holdings Inc. Common Stock,$40.74,-0.17,-0.416%,4305393341.00,United States,2022,1170475,Industrials,Containers/Packaging
SLM,SLM Corporation Common Stock,$21.92,-0.46,-2.055%,4133958450.00,United States,,2855169,Finance,Finance: Consumer Services
SM,SM Energy Company Common Stock,$28.47,-2.68,-8.604%,6825645517.00,United States,,6117790,Energy,Oil & Gas Production
SMG,Scotts Miracle-Gro Company (The) Common Stock,$63.17,1.50,2.432%,3675352960.00,United States,1992,1084811,Industrials,Agricultural Chemicals
SMR,NuScale Power Corporation Class A Common Stock,$10.64,0.75,7.583%,3888719500.00,United States,2022,36598131,Industrials,Metal Fabrications
SNAP,Snap Inc. Class A Common Stock,$5.71,0.45,8.555%,9462388933.00,United States,2017,47037733,Technology,Computer Software: Programming Data Processing
SNDR,Schneider National Inc. Common Stock,$37.69,-0.75,-1.951%,6600435169.00,United States,2017,946302,Industrials,Trucking Freight/Courier Services
SOBO,South Bow Corporation Common Shares,$37.63,-0.54,-1.415%,7849039514.00,Canada,2024,784513,Energy,Natural Gas Distribution
SON,Sonoco Products Company Common Stock,$50.35,-0.22,-0.435%,4978038491.00,United States,,1256738,Consumer Discretionary,Containers/Packaging
SOUN,SoundHound AI Inc Class A Common Stock,$7.33,0.43,6.232%,3172201425.00,United States,,33128398,Technology,Computer Software: Prepackaged Software
SPHR,Sphere Entertainment Co. Class A Common Stock,$154.38,1.13,0.737%,5525600299.00,United States,2020,683976,Consumer Discretionary,Services-Misc. Amusement & Recreation
SPNT,SiriusPoint Ltd. Common Shares,$23.17,-0.21,-0.898%,2723451152.00,Bermuda,2013,740030,Finance,Property-Casualty Insurers
SPSC,SPS Commerce Inc. Common Stock,$55.20,-0.04,-0.072%,2026541150.00,United States,2010,516872,Technology,Computer Software: Prepackaged Software
SR,Spire Inc. Common Stock,$78.74,-0.36,-0.455%,4654856202.00,United States,,609328,Utilities,Oil/Gas Transmission
SRAD,Sportradar Group AG Class A Ordinary Shares,$15.96,-0.03,-0.188%,4975647529.00,Switzerland,2021,2445023,Technology,Computer Software: Programming Data Processing
SRRK,Scholar Rock Holding Corporation Common Stock,$45.92,1.74,3.938%,5502517281.00,United States,2018,824522,Health Care,Biotechnology: Biological Products (No Diagnostic Substances)
SSB,SouthState Bank Corporation Common Stock,$97.60,-1.36,-1.374%,9532400997.00,United States,,711271,Finance,Major Banks
SSD,Simpson Manufacturing Company Inc. Common Stock,$193.64,0.57,0.295%,7966025253.00,United States,,197660,Consumer Discretionary,Industrial Machinery/Components
SSL,Sasol Ltd. American Depositary Shares,$11.39,-1.61,-12.385%,7396382435.00,South Africa,,2602004,Energy,Oil & Gas Production
SSMR,Sunshine Silver Mining & Refining Company Common Stock,$15.03,0.03,0.20%,2116830611.00,,2026,146515,Basic Materials,Precious Metals
SSRM,SSR Mining Inc. Common Stock,$28.94,1.71,6.28%,6265866859.00,Canada,,3228970,Industrials,Precious Metals
ST,Sensata Technologies Holding plc Ordinary Shares,$51.37,0.97,1.925%,7470844203.00,Netherlands,2010,1443546,Industrials,Industrial Machinery/Components
STAG,Stag Industrial Inc. Common Stock,$38.52,-0.26,-0.67%,7365218719.00,United States,2011,1647372,Real Estate,Real Estate Investment Trusts
STEP,StepStone Group Inc. Class A Common Stock,$47.05,3.49,8.012%,5615155384.00,United States,2020,1951388,Finance,Investment Managers
STN,Stantec Inc Common Stock,$71.25,-1.01,-1.398%,8127273394.00,Canada,,222725,Consumer Discretionary,Military/Government/Technical
STNE,StoneCo Ltd. Class A Common Shares,$10.99,-0.27,-2.398%,2673078204.00,Brazil,2018,3561207,Technology,EDP Services
STNG,Scorpio Tankers Inc. Common Shares,$78.75,-0.30,-0.38%,4076319713.00,Monaco,2010,804004,Consumer Discretionary,Marine Transportation
STUB,StubHub Holdings Inc. Class A Common Stock,$11.50,0.04,0.349%,4317528962.00,United States,2025,7054291,Consumer Discretionary,Services-Misc. Amusement & Recreation
STVN,Stevanato Group S.p.A. Ordinary Shares,$16.63,-0.45,-2.635%,5036271374.00,,2021,561094,Health Care,Medical/Dental Instruments
STWD,STARWOOD PROPERTY TRUST INC. Starwood Property Trust Inc.,$16.82,-0.18,-1.059%,6235990947.00,United States,2009,3094689,Real Estate,Real Estate Investment Trusts
SUNC,SunocoCorp LLC Common Units representing limited liability company interests,$65.68,-0.84,-1.263%,3383649565.00,,2025,729702,Energy,Integrated oil Companies
SUPN,Supernus Pharmaceuticals Inc. Common Stock,$43.86,-0.55,-1.238%,2545622163.00,United States,2012,902302,Health Care,Biotechnology: Pharmaceutical Preparations
SVM,Silvercorp Metals Inc. Common Shares,$12.18,0.88,7.788%,2694246876.00,Canada,,5775731,Basic Materials,Precious Metals
SWX,Southwest Gas Holdings Inc. Common Stock (DE),$88.42,-0.59,-0.663%,6399386271.00,United States,,378489,Utilities,Oil & Gas Production
SXI,Standex International Corporation Common Stock,$309.28,6.12,2.019%,3746903076.00,United States,,213053,Industrials,Industrial Machinery/Components
SXT,Sensient Technologies Corporation Common Stock,$121.94,-2.17,-1.748%,5190858982.00,United States,,318945,Industrials,Major Chemicals
SYBT,Stock Yards Bancorp Inc. Common Stock,$73.45,-1.81,-2.405%,2167890559.00,United States,,148915,Finance,Major Banks
SYNA,Synaptics Incorporated Common Stock $0.001 Par Value,$140.23,1.79,1.293%,5418162568.00,United States,2002,463236,Technology,Semiconductors
SYRE,Spyre Therapeutics Inc. Common Stock,$83.58,2.79,3.453%,7258191926.00,United States,2016,1156460,Health Care,Biotechnology: Pharmaceutical Preparations
TAC,TransAlta Corporation Ordinary Shares,$13.57,0.18,1.344%,4041146000.00,Canada,,1186843,Utilities,Electric Utilities: Central
TAL,TAL Education Group American Depositary Shares,$9.32,0.06,0.648%,5685402141.00,China,,2769389,Real Estate,Other Consumer Services
TALO,Talos Energy Inc. Common Stock,$13.86,-1.10,-7.353%,2313591837.00,United States,2018,1915229,Energy,Oil & Gas Production
TAP,Molson Coors Beverage Company Class B Common Stock,$40.89,-0.69,-1.659%,7668975110.00,Canada,,2802897,Consumer Staples,Beverages (Production/Distribution)
TARS,Tarsus Pharmaceuticals Inc. Common Stock,$61.85,-0.10,-0.161%,2661031864.00,United States,2020,502415,Health Care,Biotechnology: Biological Products (No Diagnostic Substances)
TBBB,BBB Foods Inc. Class A Common Shares,$42.41,0.29,0.689%,4998321689.00,Mexico,2024,1047274,Consumer Staples,Food Chains
TBBK,The Bancorp Inc Common Stock,$56.06,-1.40,-2.436%,2334026650.00,United States,2004,404643,Finance,Major Banks
TCBI,Texas Capital Bancshares Inc. Common Stock,$100.73,-0.78,-0.768%,4398973685.00,United States,2003,438741,Finance,Major Banks
TDC,Teradata Corporation Common Stock,$33.62,0.62,1.879%,3163642000.00,United States,,2656042,Technology,Computer Software: Prepackaged Software
TDS,Telephone and Data Systems Inc. Common Shares,$39.83,-0.32,-0.797%,4532654000.00,United States,,1006657,Telecommunications,Telecommunications Equipment
TDW,Tidewater Inc. Common Stock,$74.35,-2.56,-3.329%,3697473976.00,United States,2017,501789,Consumer Discretionary,Marine Transportation
TE,T1 Energy Inc. Common Stock,$8.92,0.42,4.941%,2491100710.00,Luxembourg,2021,30874616,Miscellaneous,Industrial Machinery/Components
TECH,Bio-Techne Corp Common Stock,$56.17,2.17,4.019%,8794466744.00,United States,,3298923,Health Care,Biotechnology: Biological Products (No Diagnostic Substances)
TEM,Tempus AI Inc. Class A Common Stock,$52.32,4.50,9.41%,9394828609.00,United States,2024,10217178,Technology,Computer Software: Programming Data Processing
TENB,Tenable Holdings Inc. Common Stock,$27.72,0.92,3.433%,3056739092.00,United States,2018,1915499,Technology,Computer Software: Prepackaged Software
TEO,Telecom Argentina SA,$15.11,-0.15,-0.983%,6508445166.00,Argentina,,376399,Telecommunications,Telecommunications Equipment
TEX,Terex Corporation Common Stock,$65.29,1.49,2.335%,7456118000.00,United States,,1166853,Industrials,Construction/Ag Equipment/Trucks
TFPM,Triple Flag Precious Metals Corp. Common Shares,$30.74,1.58,5.418%,6351004255.00,Canada,2022,1158248,Industrials,Precious Metals
TFSL,TFS Financial Corporation Common Stock,$16.51,-0.41,-2.423%,4629934648.00,United States,2007,981711,Finance,Savings Institutions
TFX,Teleflex Incorporated Common Stock,$130.09,-0.39,-0.299%,5759111749.00,United States,,437465,Health Care,Medical/Dental Instruments
TGB,Taseko Mines Ltd. Common Stock,$7.76,0.26,3.467%,2837313244.00,Canada,,4124859,Basic Materials,Precious Metals
TGS,Transportadora de Gas del Sur SA TGS Common Stock,$32.40,-0.66,-1.996%,4877891669.00,Argentina,,322550,Utilities,Natural Gas Distribution
TGTX,TG Therapeutics Inc. Common Stock,$50.30,0.78,1.575%,7700104074.00,United States,,2580425,Health Care,Biotechnology: Pharmaceutical Preparations
THG,Hanover Insurance Group Inc,$198.27,0.62,0.314%,6936830258.00,United States,,301481,Finance,Property-Casualty Insurers
THO,Thor Industries Inc. Common Stock,$75.98,-1.19,-1.542%,3955319201.00,United States,,879540,Industrials,Homebuilding
TKC,Turkcell Iletisim Hizmetleri AS Common Stock,$6.16,0.18,3.01%,5420800000.00,Turkey,,2370505,Telecommunications,Telecommunications Equipment
TKR,Timken Company (The) Common Stock,$139.12,2.06,1.503%,9668076231.00,United States,,1228372,Industrials,Metal Fabrications
TLX,Telix Pharmaceuticals Limited American Depositary Shares,$9.54,-0.02,-0.209%,3231933047.00,Australia,,297137,Health Care,Biotechnology: Pharmaceutical Preparations
TMC,TMC the metals company Inc. Common Stock,$5.34,-0.09,-1.657%,2313400877.00,Canada,,5564869,Basic Materials,Metal Mining
TMDX,TransMedics Group Inc. Common Stock,$75.48,2.57,3.525%,2608657562.00,United States,2019,948098,Health Care,Biotechnology: Electromedical & Electrotherapeutic Apparatus
TMHC,Taylor Morrison Home Corporation Common Stock,$71.95,0.05,0.07%,6722119705.00,United States,2013,2879658,Consumer Discretionary,Homebuilding
TNET,TriNet Group Inc. Common Stock,$46.68,-0.70,-1.477%,2144695935.00,United States,2014,305311,Consumer Discretionary,Business Services
TNGX,Tango Therapeutics Inc.,$32.90,1.96,6.335%,4758918608.00,United States,2020,3225490,Health Care,Biotechnology: Pharmaceutical Preparations
TNK,Teekay Tankers Ltd.,$75.56,0.16,0.212%,2617689910.00,Bermuda,2007,340862,Consumer Discretionary,Marine Transportation
TNL,Travel   Leisure Co. Common  Stock,$74.33,0.20,0.27%,4639798717.00,United States,,789571,Consumer Discretionary,Hotels/Resorts
TOWN,TowneBank Common Stock,$35.09,-0.58,-1.626%,2618322110.00,United States,,478082,Finance,Major Banks
TPC,Tutor Perini Corporation Common Stock,$76.55,1.63,2.176%,4027655515.00,United States,1970,464900,Consumer Discretionary,General Bldg Contractors - Nonresidential Bldgs
TPGXL,TPG Operating Group II L.P. 6.950% Fixed-Rate Junior Subordinated Notes due 2064,$22.98,0.25,1.10%,8383696310.00,United States,,23939,,
TR,Tootsie Roll Industries Inc. Common Stock,$37.86,-1.02,-2.623%,2845980913.00,United States,,170149,Consumer Staples,Specialty Foods
TREX,Trex Company Inc. Common Stock,$46.37,0.74,1.622%,4817784064.00,United States,,2456867,Basic Materials,Forest Products
TRMD,TORM plc Class A Common Stock,$30.05,-0.35,-1.151%,3045047845.00,United Kingdom,,799661,Consumer Discretionary,Marine Transportation
TRMK,Trustmark Corporation Common Stock,$45.17,-0.74,-1.612%,2647212558.00,United States,,375873,Finance,Major Banks
TRN,Trinity Industries Inc. Common Stock,$34.80,0.04,0.115%,2766791504.00,United States,,657941,Industrials,Railroads
TRNO,Terreno Realty Corporation Common Stock,$66.71,-0.56,-0.832%,7091753912.00,United States,2010,776361,Finance,Real Estate
TRVI,Trevi Therapeutics Inc. Common Stock,$14.66,0.45,3.167%,2081422519.00,United States,2019,1351115,Health Care,Biotechnology: Pharmaceutical Preparations
TTAM,Titan America SA Common Shares,$17.11,0.50,3.01%,3154441776.00,,2025,169838,Industrials,Mining & Quarrying of Nonmetallic Minerals (No Fuels)
TTAN,ServiceTitan Inc. Class A Common Stock,$68.80,2.03,3.04%,6563353435.00,United States,2024,1092096,Technology,Computer Software: Prepackaged Software
TTC,Toro Company (The) Common Stock,$88.84,-1.90,-2.094%,8460191801.00,United States,,1148388,Consumer Discretionary,Tools/Hardware
TTD,The Trade Desk Inc. Class A Common Stock,$19.27,-0.01,-0.052%,9058988116.00,United States,2016,24028800,Technology,Computer Software: Programming Data Processing
TTEK,Tetra Tech Inc. Common Stock,$28.00,-0.43,-1.512%,7266691572.00,United States,1991,4204850,Consumer Discretionary,Military/Government/Technical
TV,Grupo Televisa S.A.B. Common Stock,$2.93,0.04,1.384%,6369637933.00,Mexico,1993,1492551,Industrials,Broadcasting
TVTX,Travere Therapeutics Inc. Common Stock,$53.80,1.76,3.382%,5003018289.00,United States,,2105980,Health Care,Biotechnology: Pharmaceutical Preparations
TWST,Twist Bioscience Corporation Common Stock,$80.79,4.62,6.065%,5030899458.00,United States,2018,2642748,Health Care,Biotechnology: Biological Products (No Diagnostic Substances)
TX,Ternium S.A. Ternium S.A. American Depositary Shares (each representing ten shares USD1.00 par value),$49.92,0.37,0.747%,9799679286.00,Luxembourg,,625883,Industrials,Steel/Iron Ore
TXG,10x Genomics Inc. Class A Common Stock,$32.22,3.38,11.72%,4090528410.00,United States,2019,4477530,Industrials,Biotechnology: Laboratory Analytical Instruments
TXNM,TXNM Energy Inc. Common Stock,$57.05,-0.01,-0.018%,6315849012.00,United States,,1074756,Utilities,Electric Utilities: Central
UA,Under Armour Inc. Class C Common Stock,$5.85,-0.03,-0.51%,2494000618.00,United States,2016,3046070,Consumer Discretionary,Apparel
UAA,Under Armour Inc. Class A Common Stock,$6.02,-0.03,-0.496%,2566475850.00,United States,,7438256,Consumer Discretionary,Apparel
UBSI,United Bankshares Inc. Common Stock,$44.86,-0.79,-1.731%,6181644747.00,United States,,900077,Finance,Major Banks
UCB,United Community Banks Inc. Common Stock,$33.45,-1.18,-3.407%,4003518208.00,United States,2024,1043416,Finance,Major Banks
UCTT,Ultra Clean Holdings Inc. Common Stock,$113.55,4.65,4.27%,5090259370.00,United States,2004,1455830,Technology,Semiconductors
UE,Urban Edge Properties Common Shares of Beneficial Interest,$22.92,-1.00,-4.181%,2888378262.00,United States,2015,1108228,Finance,Real Estate
UEC,Uranium Energy Corp. Common Stock,$11.77,0.74,6.709%,5824647748.00,Canada,,13225055,Basic Materials,Other Metals and Minerals
UFPI,UFP Industries Inc. Common Stock,$84.65,0.09,0.106%,4808111112.00,United States,1993,546478,Basic Materials,Forest Products
UGI,UGI Corporation Common Stock,$34.36,-0.67,-1.913%,7366567944.00,United States,,1151260,Utilities,Natural Gas Distribution
UGP,Ultrapar Participacoes S.A. (New) American Depositary Shares (Each representing one Common Share),$4.77,-0.12,-2.454%,5308104616.00,Brazil,,3146721,Utilities,Oil/Gas Transmission
UHS,Universal Health Services Inc. Common Stock,$145.97,-0.45,-0.307%,8836491155.00,United States,,1009609,Health Care,Hospital/Nursing Management
UMBFO,UMB Financial Corporation Depositary Shares Each Representing a 1/400th Interest in a Share of 7.750% Fixed-Rate Reset Non-Cumulative Perpetual Preferred Stock Series B,$26.80,0.22,0.828%,2036229884.00,United States,,23144,Finance,Major Banks
UNF,Unifirst Corporation Common Stock,$263.83,-1.00,-0.378%,4770826809.00,United States,,131769,Consumer Discretionary,Other Consumer Services
UNFI,United Natural Foods Inc. Common Stock,$50.33,-0.06,-0.119%,3045928316.00,United States,2019,553322,Consumer Discretionary,Food Distributors
UNIT,Uniti Group Inc. Common Stock,$12.61,-0.14,-1.098%,3061905372.00,United States,,2026204,Real Estate,Real Estate Investment Trusts
UNMA,Unum Group 6.250% Junior Subordinated Notes due 2058,$22.50,0.10,0.446%,3832047900.00,United States,2018,11825,Finance,Accident &Health Insurance
UPST,Upstart Holdings Inc. Common stock,$32.36,1.86,6.098%,3097226373.00,United States,2020,7075182,Finance,Finance: Consumer Services
URBN,Urban Outfitters Inc. Common Stock,$77.01,0.01,0.013%,6594757742.00,United States,1993,1218884,Consumer Discretionary,Clothing/Shoe/Accessory Stores
USAC,USA Compression Partners LP Common Units Representing Limited Partner Interests,$26.04,-0.69,-2.581%,3775080202.00,United States,2013,403136,Utilities,Natural Gas Distribution
USAR,USA Rare Earth Inc. Class A Common Stock,$23.02,1.03,4.684%,5260610556.00,United States,2023,13685224,Basic Materials,Metal Mining
USLM,United States Lime & Minerals Inc. Common Stock,$110.35,1.96,1.808%,3165064880.00,United States,,360018,Industrials,Mining & Quarrying of Nonmetallic Minerals (No Fuels)
UTI,Universal Technical Institute Inc Common Stock,$36.70,-2.44,-6.234%,2020752683.00,United States,2003,1230882,Real Estate,Other Consumer Services
UUUU,Energy Fuels Inc Ordinary Shares (Canada),$15.64,0.60,3.989%,3907919880.00,Canada,,6623612,Industrials,Mining & Quarrying of Nonmetallic Minerals (No Fuels)
UWMC,UWM Holdings Corporation Class A Common Stock,$2.35,-0.03,-1.261%,3762557089.00,United States,,30014374,Finance,Finance: Consumer Services
VAC,Marriott Vacations Worldwide Corporation Common Stock,$95.32,1.94,2.078%,3273580860.00,United States,,505865,Finance,Real Estate
VAL,Valaris Limited Common Shares,$86.67,-3.28,-3.646%,6002051773.00,United States,2021,1071176,Energy,Oil & Gas Production
VC,Visteon Corporation Common Stock,$116.89,-1.55,-1.309%,3120264115.00,United States,,338941,Consumer Discretionary,Auto Parts:O.E.M.
VCTR,Victory Capital Holdings Inc. Class A Common Stock,$85.97,1.13,1.332%,5375799183.00,United States,2018,579789,Finance,Investment Managers
VCYT,Veracyte Inc. Common Stock,$49.15,1.82,3.845%,3921808600.00,United States,2013,1426647,Health Care,Medical Specialities
VECO,Veeco Instruments Inc. Common Stock,$83.04,5.56,7.176%,5068220594.00,United States,1994,3338719,Technology,Industrial Machinery/Components
VEON,VEON Ltd. ADS,$52.215,-0.205,-0.391%,3862219644.00,Netherlands,,55456,Telecommunications,Telecommunications Equipment
VERA,Vera Therapeutics Inc. Class A Common Stock,$34.24,-0.02,-0.058%,2457846633.00,United States,2021,559740,Health Care,Biotechnology: Pharmaceutical Preparations
VFC,V.F. Corporation Common Stock,$17.97,0.33,1.871%,7040101599.00,United States,,11323068,Industrials,Garments and Clothing
VFS,VinFast Auto Ltd. Ordinary Shares,$3.17,0.02,0.635%,7416329152.00,Singapore,,424678,Industrials,Auto Manufacturing
VGNT,Versigent PLC Ordinary Shares,$46.94,0.25,0.535%,3327748400.00,United Kingdom,2026,1252187,,
VIPS,Vipshop Holdings Limited American Depositary Shares each representing two ordinary shares,$13.87,-0.05,-0.359%,6661352390.00,China,2012,1901815,Consumer Discretionary,Catalog/Specialty Distribution
VIRT,Virtu Financial Inc. Class A Common Stock,$57.70,0.08,0.139%,8948482741.00,United States,,1232725,Finance,Investment Bankers/Brokers/Service
VISN,Vistance Networks Inc. Common Stock,$12.76,0.10,0.79%,2878268492.00,United States,2013,4429618,Technology,Radio And Television Broadcasting And Communications Equipment
VIST,Vista Energy S.A.B. de C.V. American Depositary Shares each representing one series A share with no par value,$68.59,-3.55,-4.921%,7153916629.00,Mexico,2019,993240,Energy,Oil & Gas Production
VKTX,Viking Therapeutics Inc. Common Stock,$29.63,0.88,3.061%,3440210202.00,United States,2015,1176674,Health Care,Biotechnology: Pharmaceutical Preparations
VLY,Valley National Bancorp Common Stock,$14.29,-0.23,-1.584%,7918538821.00,United States,,7871533,Finance,Major Banks
VNET,VNET Group Inc. American Depositary Shares,$9.34,0.47,5.299%,2659019946.00,China,2011,4537616,Technology,Computer Software: Programming Data Processing
VNO,Vornado Realty Trust Common Stock,$38.33,0.06,0.157%,7209786987.00,United States,,1840926,Real Estate,Real Estate Investment Trusts
VNT,Vontier Corporation Common Stock ,$29.54,0.27,0.922%,4159232000.00,United States,2020,1313222,Industrials,Industrial Machinery/Components
VOYA,Voya Financial Inc. Common Stock,$91.17,-0.31,-0.339%,8266047939.00,United States,2013,1122607,Finance,Life Insurance
VOYG,Voyager Technologies Inc. Class A Common Stock,$40.31,-0.84,-2.041%,2388857146.00,United States,2025,2799089,Industrials,Military/Government/Technical
VRNS,Varonis Systems Inc. Common Stock,$33.89,0.55,1.65%,3891051544.00,United States,2014,1279144,Technology,Computer Software: Prepackaged Software
VSAT,ViaSat Inc. Common Stock,$65.87,-4.30,-6.128%,8995796934.00,United States,1996,3456581,Technology,Radio And Television Broadcasting And Communications Equipment
VSEC,VSE Corporation Common Stock,$198.55,2.42,1.234%,5570747530.00,United States,,625041,Consumer Discretionary,Military/Government/Technical
VSH,Vishay Intertechnology Inc. Common Stock,$63.72,4.34,7.309%,8672663296.00,United States,,7035098,Technology,Electrical Products
VSNT,Versant Media Group Inc. Class A Common Stock ,$38.94,-1.59,-3.923%,5509932704.00,United States,,2249984,Industrials,Broadcasting
VSXY,Victorias Secret & Co. Common Stock ,$79.42,0.54,0.685%,6313232402.00,United States,2021,1870326,Consumer Discretionary,Clothing/Shoe/Accessory Stores
VTMX,Corporacion Inmobiliaria Vesta S.A.B de C.V. American Depositary Shares each representing ten (10) Common Shares,$34.32,-0.01,-0.029%,3035557462.00,,2023,61395,Finance,Real Estate
VVV,Valvoline Inc. Common Stock,$38.14,0.53,1.409%,4864226053.00,United States,2016,2463437,Industrials,Major Chemicals
VVX,V2X Inc. Common Stock,$87.57,-3.24,-3.568%,2741835002.00,United States,2014,619238,Consumer Discretionary,Diversified Commercial Services
WAFD,WaFd Inc. Common Stock,$36.59,-0.48,-1.295%,2703579483.00,United States,,542957,Finance,Major Banks
WAL,Western Alliance Bancorporation Common Stock (DE),$81.81,-1.86,-2.223%,8932454302.00,United States,2005,1081391,Finance,Major Banks
WAY,Waystar Holding Corp. Common Stock,$18.55,-0.20,-1.067%,3558129128.00,United States,2024,1709831,Technology,EDP Services
WBI,WaterBridge Infrastructure LLC Class A Shares Representing Limited Liability Company Interests,$32.27,-0.17,-0.524%,3983931864.00,,2025,1836945,Energy,Oilfield Services/Equipment
WDFC,WD-40 Company Common Stock,$226.34,3.33,1.493%,3045495689.00,United States,1973,139156,Industrials,Major Chemicals
WERN,Werner Enterprises Inc. Common Stock,$43.07,-0.89,-2.025%,2582051453.00,United States,1986,698545,Industrials,Trucking Freight/Courier Services
WEX,WEX Inc. common stock,$131.66,-3.84,-2.834%,4564407707.00,United States,,728297,Consumer Discretionary,Business Services
WFG,West Fraser Timber Co. Ltd Common stock,$70.79,1.75,2.535%,5543127559.00,Canada,2021,242333,Basic Materials,Forest Products
WFRD,Weatherford International plc Ordinary Shares,$100.10,-1.21,-1.194%,7199725733.00,United States,,839318,Consumer Discretionary,Oil and Gas Field Machinery
WH,Wyndham Hotels & Resorts Inc. Common Stock ,$81.35,1.96,2.469%,6089900211.00,United States,2018,1616550,Consumer Discretionary,Hotels/Resorts
WHD,Cactus Inc. Class A Common Stock,$58.07,-1.03,-1.743%,4655870551.00,United States,2018,396370,Consumer Discretionary,Oil and Gas Field Machinery
WHR,Whirlpool Corporation Common Stock,$41.86,-1.03,-2.401%,2713495845.00,United States,,2415395,Consumer Discretionary,Consumer Electronics/Appliances
WING,Wingstop Inc. Common Stock,$166.22,3.93,2.422%,4526594960.00,United States,2015,1241934,Consumer Discretionary,Restaurants
WIX,Wix.com Ltd. Ordinary Shares,$45.59,-0.32,-0.697%,2509613382.00,Israel,2013,1784433,Technology,Computer Software: Programming Data Processing
WK,Workiva Inc. Class A Common Stock,$48.80,-0.13,-0.266%,2738623597.00,United States,2014,632568,Technology,Computer Software: Prepackaged Software
WLY,John Wiley & Sons Inc. Common Stock,$43.33,-0.84,-1.902%,2223825417.00,United States,,731778,Consumer Discretionary,Books
WLYB,John Wiley & Sons Inc. Common Stock,$44.10,0.94,2.178%,2263344124.00,United States,,619,Consumer Discretionary,Books
WOLF,Wolfspeed Inc. Common Stock New,$49.09,5.95,13.792%,2551310438.00,United States,2025,8258557,Technology,Semiconductors
WOR,Worthington Enterprises Inc. Common Shares,$59.85,0.17,0.285%,2947791691.00,United States,,186616,Industrials,Steel/Iron Ore
WPP,WPP plc American Depositary Shares,$18.74,-0.33,-1.73%,4043351245.00,Ireland,,273446,Consumer Discretionary,Advertising
WRBY,Warby Parker Inc. Class A Common Stock,$26.38,-0.08,-0.302%,3237227926.00,United States,2021,3064027,Health Care,Ophthalmic Goods
WRD,WeRide Inc. American Depositary Shares,$6.48,0.31,5.024%,2172461958.00,China,2024,2852884,Technology,EDP Services
WS,Worthington Steel Inc. Common Shares,$41.69,-1.76,-4.051%,2118116231.00,United States,2023,253231,Industrials,Steel/Iron Ore
WSBC,WesBanco Inc. Common Stock,$36.08,-0.69,-1.877%,3470194605.00,United States,,1532023,Finance,Major Banks
WSBCO,WesBanco Inc. Depositary Shares each representing 1/40th interest in a share of 7.375% Fixed-Rate Reset Non-Cumulative Perpetual Preferred Stock Series B,$25.53,0.05,0.196%,2455489697.00,United States,,3847,Finance,Major Banks
WSC,WillScot Holdings Corporation Class A Common Stock,$28.30,0.17,0.604%,5122149416.00,United States,2015,1834014,Industrials,Misc Corporate Leasing Services
WSFS,WSFS Financial Corporation Common Stock,$74.17,-1.07,-1.422%,3860106892.00,United States,,436666,Finance,Major Banks
WT,WisdomTree Inc. Common Stock,$18.32,0.35,1.948%,2801884011.00,United States,2022,4001566,Finance,Investment Bankers/Brokers/Service
WTM,White Mountains Insurance Group Ltd. Common Stock,$2030.64,6.59,0.326%,5029225169.00,United States,,31055,Finance,Property-Casualty Insurers
WTTR,Select Water Solutions Inc. Class A common stock,$18.46,-0.45,-2.38%,2550153230.00,United States,2017,1356604,Energy,Oilfield Services/Equipment
WU,Western Union Company (The) Common Stock,$7.49,-0.06,-0.795%,2340138929.00,United States,,10026629,Consumer Discretionary,Business Services
XE,X-Energy Inc. Class A Common Stock,$21.10,2.51,13.502%,8574324879.00,United States,2026,6405046,Industrials,Metal Fabrications
XENE,Xenon Pharmaceuticals Inc. Common Shares,$52.40,0.30,0.576%,5065274820.00,Canada,2014,1168403,Health Care,Biotechnology: Pharmaceutical Preparations
XMTR,Xometry Inc. Class A Common Stock,$87.03,0.04,0.046%,4577673390.00,United States,2021,421259,Consumer Discretionary,Business Services
XNDU,Xanadu Quantum Technologies Limited Class B Subordinate Voting Shares,$13.94,2.15,18.236%,4161249460.00,Canada,,7027331,Technology,Computer Manufacturing
XP,XP Inc. Class A Common Stock,$15.81,-0.21,-1.311%,8194511756.00,Brazil,2019,4288395,Finance,Investment Bankers/Brokers/Service
XRAY,DENTSPLY SIRONA Inc. Common Stock,$10.14,0.05,0.496%,2031312566.00,United States,1987,2940898,Health Care,Medical/Dental Instruments
XXI,Twenty One Capital Inc. Class A Common Stock,$6.08,0.31,5.373%,3962035618.00,,2025,1171629,Finance,Finance: Consumer Services
YETI,YETI Holdings Inc. Common Stock,$49.88,-0.54,-1.071%,3778825151.00,United States,2018,1766875,Consumer Discretionary,Recreational Games/Products/Toys
YMM,Full Truck Alliance Co. Ltd. American Depositary Shares (each representing 20 Class A Ordinary Shares),$8.41,-0.03,-0.355%,8725747807.00,China,2021,3796737,Technology,Computer Software: Prepackaged Software
YOU,Clear Secure Inc. Class A Common Stock,$51.66,1.41,2.806%,6903908938.00,United States,2021,2470208,Technology,Computer Software: Prepackaged Software
YSS,York Space Systems Inc. Common Stock,$30.50,2.81,10.148%,3955680969.00,,2026,2116998,Industrials,Military/Government/Technical
Z,Zillow Group Inc. Class C Capital Stock,$32.36,0.33,1.03%,7404026572.00,United States,,5460219,Consumer Discretionary,Business Services
ZETA,Zeta Global Holdings Corp. Class A Common Stock,$19.77,-0.44,-2.177%,4927823167.00,United States,2021,9181700,Technology,Computer Software: Prepackaged Software
ZG,Zillow Group Inc. Class A Common Stock,$32.68,0.46,1.428%,7477243151.00,United States,2011,1117991,Consumer Discretionary,Business Services
ZGN,Ermenegildo Zegna N.V. Ordinary Shares,$14.77,0.07,0.476%,3962968979.00,,2021,1227697,Consumer Discretionary,Apparel
ZIM,ZIM Integrated Shipping Services Ltd. Ordinary Shares,$24.92,-1.31,-4.994%,3002010427.00,,2021,1735338,Consumer Discretionary,Marine Transportation
ZION,Zions Bancorporation N.A. Common Stock,$66.27,-0.98,-1.457%,9747774713.00,United States,,1627572,Finance,Major Banks
ZIONP,Zions Bancorporation N.A. Depositary Shares (Each representing 1/40th Interest in a Share of Series A Floating-Rate Non-Cumulative Perpetual Preferred Stock),$18.71,0.075,0.402%,2752087896.00,United States,,5064,Finance,Major Banks
ZWS,Zurn Elkay Water Solutions Corporation Common Stock,$48.83,0.44,0.909%,8148355512.00,United States,2012,678568,Industrials,Industrial Machinery/Components
