Symbol,Name,Last Sale,Net Change,% Change,Market Cap,Country,IPO Year,Volume,Sector,Industry
AAPG,Ascentage Pharma Group International American Depository Shares,$17.34,-0.26,-1.477%,1618351702.00,China,2025,11565,Health Care,Biotechnology: Pharmaceutical Preparations
AAT,American Assets Trust Inc. Common Stock,$24.28,-0.13,-0.533%,1490571926.00,United States,2011,379074,Real Estate,Real Estate Investment Trusts
ABAT,American Battery Technology Company Common Stock,$3.39,0.01,0.296%,462444847.00,United States,,6300046,Basic Materials,Metal Mining
ABCL,AbCellera Biologics Inc. Common Shares,$5.26,0.02,0.382%,1549940698.00,Canada,2020,3688011,Health Care,Biotechnology: Pharmaceutical Preparations
ABEO,Abeona Therapeutics Inc. Common Stock,$5.67,0.14,2.532%,323162466.00,United States,,620464,Health Care,Biotechnology: Pharmaceutical Preparations
ABR,Arbor Realty Trust Common Stock,$5.16,-0.05,-0.96%,992583807.00,United States,2004,3300303,Real Estate,Real Estate Investment Trusts
ABSI,Absci Corporation Common Stock,$7.27,0.47,6.912%,1133429757.00,United States,2021,6688590,Health Care,Biotechnology: Commercial Physical & Biological Resarch
ABTC,American Bitcoin Corp. Class A Common Stock,$0.8536,-0.0038,-0.443%,907388072.00,United States,2018,16288491,Technology,EDP Services
ABUS,Arbutus Biopharma Corporation Common Stock,$4.32,0.06,1.408%,853362907.00,Canada,,1097074,Health Care,Biotechnology: Pharmaceutical Preparations
ABX,Abacus Global Management Inc. Class A Common Stock,$9.65,0.06,0.626%,925650842.00,United States,,605630,Finance,Investment Managers
ACCO,Acco Brands Corporation Common Stock,$3.93,-0.11,-2.723%,362573130.00,United States,,578573,Consumer Discretionary,Publishing
ACDC,ProFrac Holding Corp. Class A Common Stock,$7.00,-0.55,-7.285%,1266445271.00,United States,2022,1513259,Energy,Oilfield Services/Equipment
ACEL,Accel Entertainment Inc. ,$13.13,-0.07,-0.53%,1068688777.00,United States,2017,510035,Consumer Discretionary,Services-Misc. Amusement & Recreation
ACHV,Achieve Life Sciences Inc. Common Shares,$5.60,0.08,1.449%,574890719.00,United States,,1943610,Health Care,Biotechnology: In Vitro & In Vivo Diagnostic Substances
ACIC,American Coastal Insurance Corporation Common Stock,$10.36,-0.09,-0.861%,502087527.00,United States,,211906,Finance,Property-Casualty Insurers
ACNB,ACNB Corporation Common Stock,$56.48,-1.02,-1.774%,576776245.00,United States,,43254,Finance,Major Banks
ACRS,Aclaris Therapeutics Inc. Common Stock,$4.36,0.04,0.926%,608933645.00,United States,2015,1675619,Health Care,Biotechnology: Pharmaceutical Preparations
ACTG,Acacia Research Corporation (Acacia Tech) Common Stock,$4.70,0.02,0.427%,453968920.00,United States,,199256,Miscellaneous,Multi-Sector Companies
ACVA,ACV Auctions Inc. Class A Common Stock,$6.31,0.30,4.992%,1101630681.00,United States,2025,1954364,Consumer Discretionary,Business Services
ADAM,Adamas Trust Inc. Common Stock,$9.28,-0.03,-0.322%,833911082.00,United States,,961591,Real Estate,Real Estate Investment Trusts
ADAMZ,Adamas Trust Inc. 7.000% Series G Cumulative Redeemable Preferred Stock $0.01 par value per share,$19.035,0.155,0.821%,1710506191.00,United States,,16319,Real Estate,Real Estate Investment Trusts
ADMA,ADMA Biologics Inc Common Stock,$8.50,0.29,3.532%,1974756406.00,United States,,4513119,Health Care,Biotechnology: Biological Products (No Diagnostic Substances)
ADNT,Adient plc Ordinary Shares ,$22.84,0.16,0.705%,1790961759.00,United States,2016,1252197,Consumer Discretionary,Auto Parts:O.E.M.
ADSE,ADS-TEC ENERGY PLC Ordinary Shares,$11.50,0.01,0.087%,828023587.00,Ireland,,1528,Consumer Discretionary,Industrial Specialties
ADTN,ADTRAN Holdings Inc. Common Stock,$15.13,-0.13,-0.852%,1225501253.00,United States,1994,4140275,Utilities,Telecommunications Equipment
ADUR,Aduro Clean Technologies Inc. Common Stock,$14.81,0.61,4.296%,501654731.00,Canada,,632121,Industrials,Major Chemicals
ADUS,Addus HomeCare Corporation Common Stock,$94.83,1.55,1.662%,1769980708.00,United States,2009,260396,Health Care,Medical/Nursing Services
ADV,Advantage Solutions Inc. Class A Common Stock,$38.90,-0.30,-0.765%,517186392.00,United States,2019,68352,Consumer Discretionary,Business Services
AEBI,Aebi Schmidt Holding AG Common Stock ,$12.20,-0.14,-1.135%,946712485.00,Switzerland,,110209,Industrials,Auto Manufacturing
AEF,abrdn Emerging Markets ex-China Fund Inc. Common Stock,$10.02,0.36,3.727%,1075772250.00,United States,,107528,Finance,Finance/Investors Services
AEVA,Aeva Technologies Inc. Common Stock,$26.87,1.98,7.955%,1693906860.00,United States,,2156722,Consumer Discretionary,Auto Parts:O.E.M.
AFGB,American Financial Group Inc. 5.875% Subordinated Debentures due 2059,$20.39,-0.33,-1.593%,1694125232.00,United States,2019,6038,Finance,Property-Casualty Insurers
AFGC,American Financial Group Inc. 5.125% Subordinated Debentures due 2059,$17.87,0.03,0.168%,1484748303.00,United States,2019,6834,Finance,Property-Casualty Insurers
AFGD,American Financial Group Inc. 5.625% Subordinated Debentures due 2060,$19.55,0.05,0.256%,1624332923.00,United States,2020,4093,Finance,Property-Casualty Insurers
AFGE,American Financial Group Inc. 4.500% Subordinated Debentures due 2060,$16.00,0.01,0.063%,1329377328.00,United States,2020,4472,Finance,Property-Casualty Insurers
AFYA,Afya Limited Class A Common Shares,$13.95,-0.15,-1.064%,1275764091.00,Brazil,2019,187595,Real Estate,Other Consumer Services
AGBK,AGI Inc Class A Common Shares,$6.94,-0.23,-3.208%,1109914686.00,Cayman Islands,2026,251810,Finance,Commercial Banks
AGCC,Agencia Comercial Spirits Ltd Class A Ordinary Shares,$14.145,-0.255,-1.771%,527417543.00,Taiwan,2025,56492,Consumer Staples,Beverages (Production/Distribution)
AGIO,Agios Pharmaceuticals Inc. Common Stock,$31.82,2.36,8.011%,1892386598.00,United States,2013,1651781,Health Care,Biotechnology: Pharmaceutical Preparations
AGL,agilon health inc. Common Stock,$114.34,1.43,1.266%,1907624091.00,United States,2021,312435,Health Care,Misc Health and Biotechnology Services
AGM,Federal Agricultural Mortgage Corporation Common Stock,$183.46,1.35,0.741%,1990357173.00,United States,,114465,Finance,Finance Companies
AGMB,AgomAb Therapeutics NV American Depositary Shares,$10.00,0.39,4.058%,492479750.00,Belgium,2026,158925,Health Care,Biotechnology: Biological Products (No Diagnostic Substances)
AGNT,AGNT Inc. Common Stock,$4.74,0.11,2.376%,778895400.00,United States,,1158722,Finance,Real Estate
AGRO,Adecoagro S.A. Common Shares,$10.90,-0.75,-6.438%,1572962279.00,Luxembourg,2011,1113950,Consumer Staples,Farming/Seeds/Milling
AHCO,AdaptHealth Corp. Common Stock,$9.96,-0.20,-1.969%,1355099354.00,United States,2018,1225639,Health Care,Medical/Nursing Services
AHG,Akso Health Group ADS,$1.16,-0.18,-13.433%,640158965.00,China,2017,11847,Consumer Discretionary,Business Services
AHRT,AH Realty Trust Inc. Common Stock,$6.79,-0.09,-1.308%,515737139.00,United States,2013,755404,Finance,Real Estate
AI,C3.ai Inc. Class A Common Stock,$11.03,0.13,1.193%,1602562179.00,United States,2020,6983702,Technology,Computer Software: Prepackaged Software
AIAI,AIAI Holdings Corporation Class A Common Stock,$14.84,0.05,0.338%,1043459612.00,United States,,356606,Technology,EDP Services
AIBZ,Bitzero Holdings Inc. Common Shares,$6.25,0.64,11.408%,337208531.00,Canada,,258577,,
AIFU,AIFU Inc. Class A Ordinary Share,$2.69,-0.015,-0.555%,332252956.00,China,2007,24673,Finance,Specialty Insurers
AII,American Integrity Insurance Group Inc. Common Stock,$16.67,-0.34,-1.999%,326578919.00,United States,2025,217533,Finance,Property-Casualty Insurers
AIIR,Air Global PLC Ordinary Shares,$7.0299,0.1299,1.883%,1127501773.00,United Arab Emirates,,4565,Consumer Discretionary,Tobacco
AIO,Virtus Artificial Intelligence & Technology Opportunities Fund Common Shares of Beneficial Interest,$27.57,0.58,2.149%,946780598.00,,2019,54534,Finance,Finance/Investors Services
AIOT,PowerFleet Inc. Common Stock,$4.14,-0.08,-1.896%,555369727.00,United States,,4538737,Telecommunications,Telecommunications Equipment
AIRS,AirSculpt Technologies Inc. Common Stock,$5.08,-0.27,-5.047%,358372059.00,United States,2021,573815,Health Care,Medical/Nursing Services
AIV,Apartment Investment and Management Company Common Stock,$2.87,-0.01,-0.347%,412867245.00,United States,1994,1201922,Real Estate,Real Estate Investment Trusts
AIZN,Assurant Inc. 5.25% Subordinated Notes due 2061,$19.17,0.09,0.472%,967303075.00,United States,2020,6282,Finance,Property-Casualty Insurers
AKTS,Aktis Oncology Inc. Common stock,$20.69,-1.24,-5.654%,1143690378.00,United States,2026,488619,Health Care,Biotechnology: Pharmaceutical Preparations
ALG,Alamo Group Inc. Common Stock,$152.06,-1.68,-1.093%,1850318237.00,United States,,151712,Industrials,Industrial Machinery/Components
ALGT,Allegiant Travel Company Common Stock,$95.24,3.65,3.985%,1755967500.00,United States,2006,742359,Consumer Discretionary,Air Freight/Delivery Services
ALIT,Alight Inc. Class A Common Stock,$0.6619,-0.102,-13.353%,355600467.00,United States,2021,35176536,Consumer Discretionary,Business Services
ALKT,Alkami Technology Inc. Common Stock,$15.31,0.12,0.79%,1638463554.00,United States,2021,840578,Technology,Computer Software: Prepackaged Software
ALLO,Allogene Therapeutics Inc. Common Stock,$1.94,0.04,2.105%,669599848.00,United States,2018,5792315,Health Care,Biotechnology: Biological Products (No Diagnostic Substances)
ALLT,Allot Ltd. Ordinary Shares,$7.38,0.01,0.136%,361052471.00,Israel,2006,308438,Telecommunications,Computer Communications Equipment
ALMR,Alamar Biosciences Inc. Common Stock,$20.69,-1.31,-5.955%,1434048438.00,United States,2026,172404,Industrials,Biotechnology: Laboratory Analytical Instruments
ALMU,Aeluma Inc. Common Stock,$24.93,-0.27,-1.071%,456352002.00,United States,,1051643,Technology,Semiconductors
ALNT,Allient Inc. Common Stock,$95.09,3.72,4.071%,1616198326.00,United States,,281609,Industrials,Electrical Products
ALOY,REalloys Inc. Common Stock,$15.40,0.18,1.183%,942687869.00,United States,,2748721,Technology,EDP Services
ALRS,Alerus Financial Corporation Common Stock,$29.91,-0.39,-1.287%,751597802.00,United States,2019,118550,Finance,Major Banks
ALT,Altimmune Inc. Common Stock,$2.64,0.03,1.149%,513411767.00,United States,,3506124,Health Care,Biotechnology: Pharmaceutical Preparations
ALTI,AlTi Global Inc. Class A Common Stock,$2.88,-0.18,-5.882%,436659379.00,United States,2021,202977,Finance,Investment Managers
ALTO,Alto Ingredients Inc. Common Stock,$5.54,-0.16,-2.807%,429267748.00,United States,,3004194,Industrials,Major Chemicals
ALVO,Alvotech Ordinary Shares,$4.24,0.07,1.679%,1323084758.00,Luxembourg,,640905,Health Care,Biotechnology: Biological Products (No Diagnostic Substances)
ALX,Alexander's Inc. Common Stock,$263.05,0.45,0.171%,1343472635.00,United States,,25644,Real Estate,Real Estate Investment Trusts
AMAL,Amalgamated Financial Corp. Common Stock (DE),$43.68,-0.97,-2.172%,1304605717.00,United States,2018,144071,Finance,Major Banks
AMBQ,Ambiq Micro Inc. Common Stock,$85.49,0.77,0.909%,1827413209.00,United States,2025,645285,Technology,Semiconductors
AMC,AMC Entertainment Holdings Inc. Class A Common Stock,$2.28,-0.06,-2.564%,1395518289.00,United States,2013,39985613,Consumer Discretionary,Movies/Entertainment
AMCX,AMC Global Media Inc. Class A Common Stock,$9.67,-0.41,-4.067%,424780975.00,United States,,528939,Telecommunications,Cable & Other Pay Television Services
AMLX,Amylyx Pharmaceuticals Inc. Common Stock,$15.19,0.60,4.112%,1688920155.00,United States,2022,2920319,Health Care,Biotechnology: Pharmaceutical Preparations
AMN,AMN Healthcare Services Inc,$30.88,0.08,0.26%,1197713286.00,United States,,1251229,Consumer Discretionary,Professional Services
AMOD,Alpha Modus Holdings Inc. Class A Common Stock,$5.72,0.392,7.357%,316295265.00,United States,,387451,Miscellaneous,Multi-Sector Companies
AMPH,Amphastar Pharmaceuticals Inc. Common Stock,$19.71,-0.38,-1.891%,869071433.00,United States,2014,528538,Health Care,Biotechnology: Pharmaceutical Preparations
AMPL,Amplitude Inc. Class A Common Stock,$6.84,-0.05,-0.726%,907115643.00,United States,,1583271,Technology,Computer Software: Prepackaged Software
AMRC,Ameresco Inc. Class A Common Stock,$28.14,0.08,0.285%,1490052874.00,United States,2010,523697,Consumer Discretionary,Engineering & Construction
AMRN,Amarin Corporation plc,$15.35,0.11,0.722%,321875823.00,Ireland,,97604,Health Care,Biotechnology: Pharmaceutical Preparations
AMSC,American Superconductor Corporation Common Stock,$41.07,1.05,2.624%,1958810856.00,United States,1991,924462,Consumer Discretionary,Metal Fabrications
AMSF,AMERISAFE Inc. Common Stock,$31.00,-0.53,-1.681%,579816901.00,United States,2005,191946,Finance,Property-Casualty Insurers
AMTB,Amerant Bancorp Inc. Class A Common Stock,$23.31,-0.60,-2.509%,896699570.00,United States,,299591,Finance,Major Banks
ANAB,AnaptysBio Inc. Common Stock,$59.51,3.44,6.135%,1731794678.00,United States,2017,668596,Health Care,Biotechnology: Pharmaceutical Preparations
ANGO,AngioDynamics Inc. Common Stock,$11.98,-0.12,-0.992%,495000602.00,United States,2004,333935,Health Care,Medical/Dental Instruments
ANGX,Angel Studios Inc. Class A Common Stock,$3.21,0.31,10.69%,598383688.00,United States,2025,2056891,Consumer Discretionary,Movies/Entertainment
ANIP,ANI Pharmaceuticals Inc.,$82.29,0.61,0.747%,1848082645.00,United States,,293897,Health Care,Biotechnology: Pharmaceutical Preparations
ANL,Adlai Nortye Ltd. American Depositary Shares,$11.33,1.01,9.787%,825497874.00,Cayman Islands,2023,144367,Health Care,Biotechnology: Pharmaceutical Preparations
ANNX,Annexon Inc. Common Stock,$4.64,-0.07,-1.486%,760229376.00,United States,2020,2898070,Health Care,Biotechnology: Pharmaceutical Preparations
ANRO,Alto Neuroscience Inc. Common Stock,$21.17,-0.30,-1.397%,742938710.00,United States,2024,246784,Health Care,Biotechnology: Pharmaceutical Preparations
AORT,Artivion Inc. Common Stock,$21.07,0.97,4.826%,1022808385.00,United States,,1059395,Health Care,Medical/Dental Instruments
AOSL,Alpha and Omega Semiconductor Limited Common Shares,$47.355,2.145,4.745%,1417315166.00,Bermuda,2010,585765,Technology,Semiconductors
APEI,American Public Education Inc. Common Stock,$51.71,-0.42,-0.806%,948541764.00,United States,2007,256864,Real Estate,Other Consumer Services
API,Agora Inc. American Depositary Shares,$4.24,-0.08,-1.852%,358491088.00,China,2020,427699,Technology,Computer Software: Prepackaged Software
APOG,Apogee Enterprises Inc. Common Stock,$40.04,-0.10,-0.249%,854894240.00,United States,,242363,Consumer Discretionary,Auto Parts:O.E.M.
APPN,Appian Corporation Class A Common Stock,$23.27,-0.74,-3.082%,1708300032.00,United States,2017,1108448,Technology,Computer Software: Prepackaged Software
APPS,Digital Turbine Inc. Common Stock,$9.83,0.07,0.717%,1186107254.00,United States,,5367536,Miscellaneous,Multi-Sector Companies
AQST,Aquestive Therapeutics Inc. Common Stock,$4.22,0.05,1.199%,529399502.00,United States,2018,1308215,Health Care,Biotechnology: Pharmaceutical Preparations
ARCO,Arcos Dorados Holdings Inc. Class A Shares,$8.78,-0.05,-0.566%,1849621640.00,Argentina,2011,1224673,Consumer Discretionary,Restaurants
ARDT,Ardent Health Inc. Common Stock,$9.50,0.15,1.604%,1361825295.00,United States,2024,801462,Health Care,Hospital/Nursing Management
ARDX,Ardelyx Inc. Common Stock,$5.685,-0.005,-0.088%,1404362065.00,United States,2014,3099741,Health Care,Biotechnology: Pharmaceutical Preparations
ARHS,Arhaus Inc. Class A Common Stock,$7.45,0.28,3.905%,1054473477.00,United States,2021,1303300,Consumer Discretionary,Other Specialty Stores
ARI,Apollo Commercial Real Estate Finance Inc,$10.66,-0.08,-0.745%,1416177823.00,United States,2009,1116697,Real Estate,Real Estate Investment Trusts
ARKO,ARKO Corp. Common Stock,$8.20,-0.43,-4.983%,919922912.00,United States,,1037579,Consumer Staples,Food Chains
ARLO,Arlo Technologies Inc. Common Stock,$13.21,0.29,2.245%,1434735683.00,United States,2018,1175264,Consumer Staples,Consumer Electronics/Appliances
AROW,Arrow Financial Corporation Common Stock,$39.15,-0.71,-1.781%,647111094.00,United States,,81871,Finance,Major Banks
ARQQ,Arqit Quantum Inc. Ordinary Shares,$17.92,4.32,31.765%,431703283.00,United Kingdom,,3037530,Technology,Computer Software: Prepackaged Software
ARRY,Array Technologies Inc. Common Stock,$8.08,0.31,3.99%,1242917134.00,United States,2020,8311606,Consumer Discretionary,Miscellaneous manufacturing industries
ARTNA,Artesian Resources Corporation Class A Common Stock,$32.51,-0.26,-0.793%,335647479.00,United States,,21233,Utilities,Water Supply
ARVN,Arvinas Inc. Common Stock,$7.49,-0.09,-1.187%,483263773.00,United States,2018,575653,Health Care,Biotechnology: Pharmaceutical Preparations
ASA,ASA  Gold and Precious Metals Limited,$60.54,3.15,5.489%,1108292643.00,United States,,88803,Industrials,Precious Metals
ASAN,Asana Inc. Class A Common Stock,$7.43,0.04,0.541%,1712688015.00,United States,2020,4263638,Technology,Computer Software: Prepackaged Software
ASC,Ardmore Shipping Corporation Common Stock,$16.86,-0.22,-1.288%,687932072.00,,2013,609404,Consumer Discretionary,Marine Transportation
ASIC,Ategrity Specialty Insurance Company Holdings Common Stock,$20.75,-0.02,-0.096%,996677529.00,,2025,36587,Finance,Property-Casualty Insurers
ASIX,AdvanSix Inc. Common Stock ,$22.33,-0.48,-2.104%,601995274.00,United States,2016,188258,Industrials,Major Chemicals
ASM,Avino Silver & Gold Mines Ltd. Common Shares (Canada),$6.83,0.44,6.886%,1162471532.00,Canada,,5215809,Basic Materials,Metal Mining
ASMB,Assembly Biosciences Inc. Common Stock,$23.34,0.38,1.655%,370933471.00,United States,2010,173217,Health Care,Biotechnology: Pharmaceutical Preparations
ASPI,ASP Isotopes Inc. Common Stock,$6.64,0.09,1.374%,835998888.00,United States,2022,4943918,Industrials,Major Chemicals
ASPN,Aspen Aerogels Inc. Common Stock,$6.04,0.12,2.027%,500579816.00,United States,2014,1225702,Consumer Discretionary,RETAIL: Building Materials
ASST,Strive Inc. Class A Common Stock,$16.67,1.52,10.033%,1218287459.00,United States,2023,8394435,Technology,Computer Software: Prepackaged Software
ASTE,Astec Industries Inc. Common Stock,$52.17,0.80,1.557%,1199525507.00,United States,1986,123641,Industrials,Construction/Ag Equipment/Trucks
ASTL,Algoma Steel Group Inc. Common Shares,$4.93,-0.08,-1.597%,519565892.00,Canada,,640480,Industrials,Steel/Iron Ore
ASYS,Amtech Systems Inc. Common Stock,$22.78,-1.21,-5.044%,331614656.00,United States,,896063,Technology,Industrial Machinery/Components
ATAI,AtaiBeckley Inc. Common Stock,$3.84,-0.08,-2.041%,1413760028.00,Germany,2008,3350151,Health Care,Biotechnology: Pharmaceutical Preparations
ATEC,Alphatec Holdings Inc. Common Stock,$8.29,0.01,0.121%,1274913338.00,United States,2006,3824532,Health Care,Medical/Dental Instruments
ATEX,Anterix Inc. Common Stock,$83.01,0.51,0.618%,1555017116.00,United States,2015,845679,Telecommunications,Telecommunications Equipment
ATLC,Atlanticus Holdings Corporation Common Stock,$95.06,2.68,2.901%,1437116795.00,United States,1995,233360,Finance,Finance: Consumer Services
ATLCL,Atlanticus Holdings Corporation 6.125% Senior Notes due 2026,$25.20,0.02,0.079%,381161315.00,United States,,5174,Finance,Finance: Consumer Services
ATLCP,Atlanticus Holdings Corporation 7.625% Series B Cumulative Perpetual Preferred Stock no par value per share,$23.90,0.40,1.702%,361320128.00,United States,,4353,Finance,Finance: Consumer Services
ATLCZ,Atlanticus Holdings Corporation 9.25% Senior Notes due 2029,$25.57,0.04,0.157%,386757731.00,United States,,12186,Finance,Finance: Consumer Services
ATNI,ATN International Inc. Common Stock,$27.63,-0.74,-2.608%,424972968.00,United States,,90040,Telecommunications,Telecommunications Equipment
ATOM,Atomera Incorporated Common Stock,$9.50,0.50,5.556%,367806750.00,United States,2016,1023428,Technology,Semiconductors
ATRC,AtriCure Inc. Common Stock,$27.98,-0.81,-2.813%,1416934341.00,United States,2005,808479,Health Care,Medical/Dental Instruments
AUNA,Auna SA Class A Ordinary Shares,$4.99,0.06,1.217%,369324695.00,Peru,2024,427873,Health Care,Medical/Nursing Services
AURA,Aura Biosciences Inc. Common Stock,$6.45,0.04,0.624%,666843299.00,United States,2021,581902,Health Care,Biotechnology: Biological Products (No Diagnostic Substances)
AUROW,Aurora Innovation Inc. Warrant,$0.3605,0.0605,20.167%,707013714.00,United States,2021,5444,Technology,EDP Services
AUTL,Autolus Therapeutics plc American Depositary Share,$1.50,-0.06,-3.846%,399233679.00,United Kingdom,2018,1275559,Health Care,Biotechnology: Biological Products (No Diagnostic Substances)
AVAH,Aveanna Healthcare Holdings Inc. Common Stock,$7.23,0.14,1.975%,1574370118.00,United States,2021,1272760,Health Care,Medical/Nursing Services
AVBC,Avidia Bancorp Inc. Common Stock,$19.97,-0.50,-2.443%,400922713.00,United States,2025,54971,Finance,Banks
AVBH,Avidbank Holdings Inc. Common stock,$32.01,-0.50,-1.538%,350674896.00,United States,,68145,Finance,Commercial Banks
AVBP,ArriVent BioPharma Inc. Common Stock,$30.30,-0.24,-0.786%,1411220318.00,United States,2024,352617,Health Care,Biotechnology: Pharmaceutical Preparations
AVIR,Atea Pharmaceuticals Inc. Common Stock,$4.35,-0.14,-3.118%,348117881.00,United States,2020,210723,Health Care,Biotechnology: Pharmaceutical Preparations
AVLN,Avalyn Pharma Inc. Common Stock,$28.75,-1.33,-4.422%,1274576481.00,United States,2026,275610,Health Care,Biotechnology: Pharmaceutical Preparations
AVNS,Avanos Medical Inc. Common Stock,$24.96,0.00,0.00%,1168746833.00,United States,2014,532928,Health Care,Industrial Specialties
AVO,Mission Produce Inc. Common Stock,$11.18,-0.02,-0.179%,987415442.00,United States,2020,2187116,Consumer Staples,Farming/Seeds/Milling
AVR,Anteris Technologies Global Corp. Common Stock,$9.42,0.27,2.951%,916963552.00,United States,2024,855494,Health Care,Industrial Specialties
AVTX,Avalo Therapeutics Inc. Common Stock,$14.60,-0.16,-1.084%,767457351.00,United States,2015,950292,Health Care,Biotechnology: Pharmaceutical Preparations
AVX,Avax One Technology Ltd. Common Shares,$5.32,0.3124,6.239%,476758301.00,Canada,2021,54385,Finance,Finance: Consumer Services
AXG,Solowin Holdings Class A Ordinary Share,$3.43,-0.02,-0.58%,653256627.00,Hong Kong,2023,42598,Finance,Investment Bankers/Brokers/Service
AZTA,Azenta Inc.,$22.95,0.36,1.594%,1057829852.00,United States,,739076,Technology,Industrial Machinery/Components
BAK,Braskem SA ADR,$3.73,0.06,1.635%,1486792610.00,Brazil,,3739003,Industrials,Major Chemicals
BALY,Bally's Corporation Common Stock,$14.89,-0.06,-0.401%,728847558.00,United States,2024,45721,Consumer Discretionary,Hotels/Resorts
BAND,Bandwidth Inc. Class A Common Stock,$52.83,-12.51,-19.146%,1691474329.00,United States,2017,3274165,Technology,Computer Software: Prepackaged Software
BANFP,BancFirst Corporation - BFC Capital Trust II Cumulative Trust Preferred Securities,$26.75,0.12,0.451%,898435852.00,United States,,1527,Finance,Major Banks
BBAI,BigBear.ai Inc. Common Stock,$4.05,0.03,0.746%,1939745273.00,United States,2021,30123396,Technology,Computer Software: Prepackaged Software
BBBY,Bed Bath & Beyond Inc. Common Stock,$6.10,0.22,3.741%,451024820.00,United States,,3482782,Consumer Discretionary,Catalog/Specialty Distribution
BBCP,Concrete Pumping Holdings Inc. Common Stock,$10.85,-0.27,-2.428%,546768607.00,United States,2017,274371,Consumer Discretionary,Engineering & Construction
BBDC,Barings BDC Inc. Common Stock,$8.40,0.01,0.119%,879537826.00,United States,,777550,Finance,Diversified Financial Services
BBNX,Beta Bionics Inc. Common Stock,$14.38,-0.15,-1.032%,640797174.00,United States,2025,941869,Health Care,Medical/Dental Instruments
BBOT,BridgeBio Oncology Therapeutics Inc. Common Stock  ,$7.73,-0.02,-0.258%,619227914.00,United States,2024,344683,Health Care,Biotechnology: Pharmaceutical Preparations
BBSI,Barrett Business Services Inc. Common Stock,$33.48,-0.69,-2.019%,822257049.00,United States,1993,217398,Consumer Discretionary,Professional Services
BBW,Build-A-Bear Workshop Inc. Common Stock,$32.51,0.38,1.183%,407592272.00,United States,2004,372131,Consumer Discretionary,Recreational Games/Products/Toys
BCAL,California BanCorp Common Stock,$19.51,-0.26,-1.315%,627535716.00,United States,,156986,Finance,Major Banks
BCAT,BlackRock Capital Allocation Term Trust Common Shares of Beneficial Interest,$15.71,-0.34,-2.118%,1698800850.00,United States,2020,937150,Finance,Finance/Investors Services
BCAX,Bicara Therapeutics Inc. Common Stock,$21.56,-0.13,-0.599%,1416575351.00,United States,2024,375455,Health Care,Biotechnology: Pharmaceutical Preparations
BCML,BayCom Corp Common Stock,$31.87,-0.34,-1.056%,347679933.00,United States,2018,94595,Finance,Major Banks
BCSF,Bain Capital Specialty Finance Inc. Common Stock,$12.37,-0.53,-4.109%,802423432.00,United States,2018,455905,Finance,Finance/Investors Services
BCX,BlackRock Resources Common Shares of Beneficial Interest,$11.58,-0.25,-2.113%,982655756.00,United States,2011,140874,Finance,Finance/Investors Services
BDJ,Blackrock Enhanced Equity Dividend Trust,$9.35,-0.01,-0.107%,1655107781.00,United States,2005,373494,Finance,Finance Companies
BDN,Brandywine Realty Trust Common Stock,$3.20,-0.04,-1.235%,555877904.00,United States,,1084967,Real Estate,Real Estate Investment Trusts
BETR,Better Home & Finance Holding Company Class A Common Stock,$28.83,2.32,8.751%,544016997.00,United Kingdom,2021,433414,Finance,Finance: Consumer Services
BFC,Bank First Corporation Common Stock,$142.93,-2.23,-1.536%,1595551745.00,United States,,100879,Finance,Major Banks
BFLY,Butterfly Network Inc. Class A Common Stock,$5.63,0.09,1.625%,1470948439.00,United States,2020,6472890,Health Care,Medical Electronics
BFS,Saul Centers Inc. Common Stock,$36.69,-0.76,-2.029%,900216447.00,United States,1993,63495,Real Estate,Real Estate Investment Trusts
BFST,Business First Bancshares Inc. Common Stock,$28.77,-0.47,-1.607%,940145139.00,United States,,220296,Finance,Major Banks
BGS,B&G Foods Inc. Common Stock,$3.97,-0.06,-1.489%,322232994.00,United States,,1496763,Consumer Staples,Packaged Foods
BH,Biglari Holdings Inc. Class B Common Stock,$343.73,3.83,1.127%,788625239.00,United States,2018,102462,Consumer Discretionary,Restaurants
BHB,Bar Harbor Bankshares Inc. Common Stock,$36.39,-0.58,-1.569%,609245165.00,United States,1997,88714,Finance,Major Banks
BHC,Bausch Health Companies Inc. Common Stock,$4.99,-0.07,-1.383%,1865324804.00,Canada,,2308599,Health Care,Biotechnology: Pharmaceutical Preparations
BHFAL,Brighthouse Financial Inc. 6.25% Junior Subordinated Debentures due 2058,$16.03,0.07,0.439%,920855934.00,United States,,28260,Finance,Life Insurance
BHFAM,Brighthouse Financial Inc. Depositary shares each representing a 1/1000th Interest in a Share of 4.625% Non-Cumulative Preferred Stock Series D,$10.82,-0.01,-0.092%,621563394.00,United States,,25102,Finance,Life Insurance
BHFAN,Brighthouse Financial Inc. Depositary shares each representing a 1/1000th interest in a share of 5.375% Non-Cumulative Preferred Stock Series C,$12.285,0.105,0.862%,705721469.00,United States,,67386,Finance,Life Insurance
BHFAO,Brighthouse Financial Inc. Depositary Shares 6.75% Non-Cumulative Preferred Stock Series B,$15.36,0.16,1.053%,882367258.00,United States,,32367,Finance,Life Insurance
BHFAP,Brighthouse Financial Inc. Depositary Shares 6.6% Non-Cumulative Preferred Stock Series A,$14.98,0.08,0.537%,860537859.00,United States,,41917,Finance,Life Insurance
BHRB,Burke & Herbert Financial Services Corp. Common Stock,$66.18,-0.90,-1.342%,1333514161.00,United States,,206545,Finance,Major Banks
BHVN,Biohaven Ltd. Common Shares ,$12.14,0.86,7.624%,1827148789.00,United States,2022,4470927,Health Care,Biotechnology: Pharmaceutical Preparations
BIOA,BioAge Labs Inc. Common Stock,$19.84,1.80,9.978%,881942243.00,United States,2024,746175,Health Care,Biotechnology: Pharmaceutical Preparations
BJRI,BJ's Restaurants Inc. Common Stock,$51.61,-1.01,-1.919%,1084683448.00,United States,,498564,Consumer Discretionary,Restaurants
BKKT,Bakkt Inc. Class A Common Stock,$8.96,0.53,6.287%,1171621884.00,United States,,1827240,Finance,Finance: Consumer Services
BKSY,BlackSky Technology Inc. Class A Common Stock,$31.19,-1.23,-3.794%,1157430521.00,United States,2019,2752610,Technology,Radio And Television Broadcasting And Communications Equipment
BKT,BlackRock Income Trust Inc. (The),$10.44,-0.04,-0.382%,1553080197.00,United States,,80525,Finance,Investment Bankers/Brokers/Service
BKTI,BK Technologies Corporation Common Stock,$80.74,-2.82,-3.375%,302306547.00,United States,,63486,Technology,Radio And Television Broadcasting And Communications Equipment
BL,BlackLine Inc. Common Stock,$28.49,-0.24,-0.835%,1671249525.00,United States,2016,1259988,Technology,Computer Software: Prepackaged Software
BLDP,Ballard Power Systems Inc. Common Shares,$4.16,-0.06,-1.422%,1254139532.00,Canada,,5948520,Energy,Industrial Machinery/Components
BLFS,BioLife Solutions Inc. Common Stock,$26.69,0.59,2.261%,1304004406.00,United States,,829427,Health Care,Biotechnology: Electromedical & Electrotherapeutic Apparatus
BLKB,Blackbaud Inc. Common Stock,$27.61,-0.29,-1.039%,1268185447.00,United States,2004,512190,Technology,Computer Software: Prepackaged Software
BLMN,Bloomin' Brands Inc. Common Stock,$7.65,-0.64,-7.72%,654949296.00,United States,2012,2315995,Consumer Discretionary,Restaurants
BLND,Blend Labs Inc. Class A Common Stock,$1.68,-0.01,-0.592%,406755982.00,United States,2021,2837352,Technology,Computer Software: Programming Data Processing
BLW,Blackrock Limited Duration Income Trust,$12.26,-0.06,-0.487%,437819962.00,United States,2003,80361,Consumer Discretionary,Other Consumer Services
BLZE,Backblaze Inc. Class A Common Stock,$8.11,0.19,2.399%,486600000.00,United States,2021,1868477,Technology,Computer Software: Prepackaged Software
BMBL,Bumble Inc. Class A Common Stock,$2.94,0.22,8.088%,383467634.00,United States,2021,2316918,Technology,Computer Software: Programming Data Processing
BME,Blackrock Health Sciences Trust,$40.42,-0.52,-1.27%,538920588.00,United States,2005,40119,Finance,Trusts Except Educational Religious and Charitable
BMM,Blue Moon Metals Inc. Common Shares,$7.15,0.38,5.613%,748293918.00,Canada,,51407,,
BMRC,Bank of Marin Bancorp Common Stock,$25.81,-0.47,-1.788%,417856338.00,United States,,77383,Finance,Major Banks
BNED,Barnes & Noble Education Inc Common Stock,$11.35,0.23,2.068%,389260951.00,United States,2015,599465,Consumer Discretionary,Other Specialty Stores
BNTC,Benitec Biopharma Inc. Common Stock,$11.33,0.15,1.342%,389234604.00,United States,2015,83057,Health Care,Biotechnology: Pharmaceutical Preparations
BOBS,Bob's Discount Furniture Inc. Common Stock,$13.90,0.17,1.238%,1815722055.00,,2026,787932,Consumer Discretionary,Other Specialty Stores
BOC,Boston Omaha Corporation Class A Common Stock,$13.70,0.09,0.661%,416540376.00,United States,2022,230817,Finance,Real Estate
BORR,Borr Drilling Limited Common Shares,$4.60,0.02,0.437%,1415424945.00,Bermuda,2019,6076631,Energy,Oil & Gas Production
BOW,Bowhead Specialty Holdings Inc. Common Stock,$27.22,-0.10,-0.366%,893851313.00,United States,2024,139411,Finance,Property-Casualty Insurers
BPOPM,Popular Inc. Popular Capital Trust II - 6.125% Cumulative Monthly Income Trust Preferred Securities,$25.34,0.0477,0.189%,1635385546.00,United States,,1648,Finance,Major Banks
BRAI,Braiin Limited Common Stock,$7.35,-0.29,-3.796%,1514748476.00,Australia,,35299,Technology,EDP Services
BRBI,BRBI BR Partners S.A. ADSs,$12.34,0.00,0.00%,618684978.00,Brazil,,45,Finance,Finance: Consumer Services
BRBR,BellRing Brands Inc. Common Stock ,$8.86,0.05,0.568%,1030221751.00,United States,2022,4855486,Consumer Staples,Packaged Foods
BRCB,Black Rock Coffee Bar Inc. Class A Common Stock,$7.70,0.33,4.478%,385429714.00,United States,2025,910700,Consumer Discretionary,Restaurants
BRCC,BRC Inc. Class A Common Stock,$1.33,-0.03,-2.206%,331838050.00,United States,2022,755860,Consumer Staples,Beverages (Production/Distribution)
BRSP,BrightSpire Capital Inc. Class A Common Stock,$5.59,-0.03,-0.534%,728254383.00,United States,2018,1329518,Real Estate,Real Estate Investment Trusts
BRUNW,Boost Run Inc. Warrant,$25.99,6.60,34.038%,1596531237.00,United States,,101916,Technology,EDP Services
BSRR,Sierra Bancorp Common Stock,$39.82,-0.86,-2.114%,520813107.00,United States,,49780,Finance,Major Banks
BST,BlackRock Science and Technology Trust Common Shares of Beneficial Interest,$48.21,0.43,0.90%,1068228984.00,United States,2014,155557,Finance,Finance Companies
BSTZ,BlackRock Science and Technology Term Trust Common Shares of Beneficial Interest,$31.68,0.94,3.058%,701960054.00,United States,2019,198060,Finance,Trusts Except Educational Religious and Charitable
BSVN,Bank7 Corp. Common stock,$45.69,-0.79,-1.70%,434938416.00,United States,2018,9455,Finance,Major Banks
BTBT,Bit Digital Inc. Ordinary Shares,$1.93,0.19,10.92%,673937511.00,United States,2018,30150476,Finance,Finance: Consumer Services
BTGO,BitGo Holdings Inc. Class A Common Stock,$5.59,0.61,12.249%,648213096.00,,2026,1735492,Finance,Finance: Consumer Services
BTQ,BTQ Technologies Corp. Common Stock,$5.35,1.19,28.606%,756280976.00,Canada,,12819390,,
BTZ,BlackRock Credit Allocation Income Trust,$10.10,-0.04,-0.394%,1092163500.00,United States,2006,219101,Finance,Finance Companies
BULLW,Webull Corporation Warrants,$2.20,0.15,7.317%,1170001063.00,United States,,4804,Finance,Investment Bankers/Brokers/Service
BUR,Burford Capital Limited Ordinary Shares,$4.46,0.19,4.45%,975899696.00,,2020,2978814,Finance,Finance: Consumer Services
BUUU,BUUU Group Limited Class A Ordinary Share,$18.88,1.07,6.008%,314824000.00,Hong Kong,2025,21173,Consumer Discretionary,Services-Misc. Amusement & Recreation
BV,BrightView Holdings Inc. Common Stock,$12.76,-0.13,-1.009%,1189232000.00,United States,2018,424304,Consumer Discretionary,Business Services
BVC,BitVentures Limited Ordinary Shares,$11.33,0.03,0.265%,1903440000.00,China,2021,2553,,
BVS,Bioventus Inc. Class A Common Stock,$8.60,0.09,1.058%,718399151.00,United States,2021,631937,Health Care,Medical/Dental Instruments
BWAY,BrainsWay Ltd. American Depositary Shares,$14.33,-0.30,-2.051%,573673263.00,Israel,2019,84584,Health Care,Medical/Dental Instruments
BWB,Bridgewater Bancshares Inc. Common Stock,$19.43,-0.57,-2.85%,541773821.00,United States,2018,206223,Finance,Major Banks
BWBBP,Bridgewater Bancshares Inc. Depositary Shares Each Representing a 1/100th Interest in a Share of 5.875% Non-Cumulative Perpetual Preferred Stock Series A,$20.005,-0.025,-0.125%,557806757.00,United States,,150,Finance,Major Banks
BWFG,Bankwell Financial Group Inc. Common Stock,$55.29,-0.35,-0.629%,440837122.00,United States,2014,60398,Finance,Major Banks
BWMN,Bowman Consulting Group Ltd. Common Stock,$31.58,0.51,1.641%,552894240.00,United States,2021,92367,Consumer Discretionary,Professional Services
BWMX,Betterware de Mexico S.A.P.I. de C.V. Ordinary Shares,$18.07,0.04,0.222%,672997634.00,Mexico,,47751,Consumer Discretionary,Catalog/Specialty Distribution
BXC,Bluelinx Holdings Inc. Common Stock,$55.50,0.44,0.799%,431922923.00,United States,2004,88393,Consumer Discretionary,Wholesale Distributors
BXDC,Blackstone Digital Infrastructure Trust Inc. Common Stock,$21.38,-0.39,-1.791%,1870750107.00,,2026,415871,Finance,Real Estate
BY,Byline Bancorp Inc. Common Stock,$35.02,-0.38,-1.073%,1590232250.00,United States,2017,302426,Finance,Major Banks
BYND,Beyond Meat Inc. Common Stock,$0.702,0.0207,3.038%,361770359.00,United States,2019,29264337,Consumer Staples,Packaged Foods
BZH,Beazer Homes USA Inc. Common Stock,$26.85,-0.52,-1.90%,733913201.00,United States,1994,598824,Consumer Discretionary,Homebuilding
CABA,Cabaletta Bio Inc. Common Stock,$3.01,0.00,0.00%,490794936.00,United States,2019,3238134,Health Care,Biotechnology: Biological Products (No Diagnostic Substances)
CAC,Camden National Corporation Common Stock,$51.89,-0.79,-1.50%,877702745.00,United States,,71808,Finance,Major Banks
CADL,Candel Therapeutics Inc. Common Stock,$8.56,0.00,0.00%,627193246.00,United States,2021,1628247,Health Care,Biotechnology: Biological Products (No Diagnostic Substances)
CAL,Caleres Inc. Common Stock,$14.06,-0.58,-3.962%,472271801.00,United States,,752966,Consumer Discretionary,Shoe Manufacturing
CAPL,CrossAmerica Partners LP Common Units representing limited partner interests,$21.86,-0.64,-2.844%,834053676.00,United States,2012,55965,Energy,Oil Refining/Marketing
CAPR,Capricor Therapeutics Inc. Common Stock,$26.72,0.92,3.566%,1547405781.00,United States,,985846,Health Care,Biotechnology: Pharmaceutical Preparations
CARE,Carter Bankshares Inc. Common Stock,$29.58,-0.295,-0.987%,657327056.00,United States,,350312,Finance,Major Banks
CARS,Cars.com Inc. Common Stock ,$9.74,0.26,2.743%,555370573.00,United States,2017,659082,Technology,EDP Services
CASH,Pathward Financial Inc. Common Stock,$82.03,-2.14,-2.542%,1731656089.00,United States,1993,155241,Finance,Major Banks
CASS,Cass Information Systems Inc Common Stock,$47.98,-1.47,-2.973%,617557729.00,United States,,104350,Consumer Discretionary,Business Services
CATX,Perspective Therapeutics Inc. Common Stock,$2.94,-0.01,-0.339%,335295819.00,United States,,1758407,Health Care,Medical/Dental Instruments
CBAN,Colony Bankcorp Inc. Common Stock,$20.75,-0.37,-1.752%,439063132.00,United States,,172298,Finance,Major Banks
CBIO,Crescent Biopharma Inc. Common Stock,$18.19,0.27,1.507%,501533498.00,United States,2014,179396,Health Care,Biotechnology: Pharmaceutical Preparations
CBK,Commercial Bancgroup Inc. Common Stock,$30.755,0.075,0.244%,421382528.00,United States,2025,51441,Finance,Major Banks
CBL,CBL & Associates Properties Inc. Common Stock,$47.81,-1.89,-3.803%,1479468880.00,United States,2021,267591,Real Estate,Real Estate Investment Trusts
CBLL,CeriBell Inc. Common Stock,$18.59,0.12,0.65%,705354793.00,United States,2024,233623,Health Care,Biotechnology: Electromedical & Electrotherapeutic Apparatus
CBNK,Capital Bancorp Inc. Common Stock,$33.24,-0.83,-2.436%,542120135.00,United States,2018,67879,Finance,Major Banks
CBRL,Cracker Barrel Old Country Store Inc Common Stock,$43.49,-3.20,-6.854%,972064995.00,United States,1981,1796836,Consumer Discretionary,Restaurants
CBZ,CBIZ Inc. Common Stock,$33.90,-1.36,-3.857%,1818692015.00,United States,,535223,Consumer Discretionary,Business Services
CCAP,Crescent Capital BDC Inc. Common stock,$11.12,-0.14,-1.243%,409726986.00,United States,,382063,Finance,Finance: Consumer Services
CCB,Coastal Financial Corporation Common Stock,$71.04,-2.49,-3.386%,1083275320.00,United States,2018,95930,Finance,Major Banks
CCBG,Capital City Bank Group Common Stock,$46.27,-0.85,-1.804%,791282194.00,United States,,99670,Finance,Major Banks
CCCC,C4 Therapeutics Inc. Common Stock,$3.82,-0.08,-2.051%,422366788.00,United States,2020,1552872,Health Care,Biotechnology: Biological Products (No Diagnostic Substances)
CCEC,Capital Clean Energy Carriers Corp. Common Share,$21.27,-0.09,-0.421%,1265306633.00,Greece,2007,18366,Consumer Discretionary,Marine Transportation
CCNE,CNB Financial Corporation Common Stock,$32.56,-0.24,-0.732%,964720663.00,United States,,231924,Finance,Major Banks
CCNEP,CNB Financial Corporation Depositary Shares each representing a 1/40th ownership interest in a share of 7.125% Series A Fixed-Rate Non-Cumulative Perpetual Preferred Stock,$24.9579,0.2329,0.942%,739477944.00,United States,,3858,Finance,Major Banks
CCO,Clear Channel Outdoor Holdings Inc. Common Stock,$2.40,-0.01,-0.415%,1221560414.00,United States,2005,11416920,Consumer Discretionary,Advertising
CCOI,Cogent Communications Holdings Inc.,$16.45,0.59,3.72%,823777556.00,United States,,1237785,Consumer Discretionary,Telecommunications Equipment
CCRN,Cross Country Healthcare Inc. Common Stock $0.0001 Par Value,$13.17,0.00,0.00%,425821145.00,United States,2001,258319,Consumer Discretionary,Professional Services
CCS,Century Communities Inc. Common Stock,$60.64,0.59,0.983%,1744570716.00,United States,2014,357506,Consumer Discretionary,Homebuilding
CCSI,Consensus Cloud Solutions Inc. Common Stock,$34.66,-0.15,-0.431%,637672947.00,United States,,110382,Technology,Computer Software: Prepackaged Software
CCU,Compania Cervecerias Unidas S.A. Common Stock,$11.79,0.27,2.344%,871287767.00,Chile,,83338,Consumer Staples,Beverages (Production/Distribution)
CD,Chaince Digital Holdings Inc. Ordinary Shares,$4.74,-0.01,-0.211%,376563612.00,China,2015,164007,Finance,Finance: Consumer Services
CDLR,Cadeler A/S American Depositary Share (each representing four (4) Ordinary Shares),$22.74,0.05,0.22%,1995193865.00,,2023,78111,Consumer Discretionary,Marine Transportation
CDNA,CareDx Inc. Common Stock,$24.08,1.11,4.832%,1243960302.00,United States,2014,903416,Health Care,Medical Specialities
CDRE,Cadre Holdings Inc. Common Stock,$29.09,-1.36,-4.466%,1244977850.00,United States,2021,455590,Health Care,Industrial Specialties
CDRO,Codere Online Luxembourg S.A. Ordinary Shares,$10.00,0.23,2.354%,454699150.00,Luxembourg,,54759,Consumer Discretionary,Services-Misc. Amusement & Recreation
CDZI,CADIZ Inc. Common Stock,$3.86,-0.13,-3.258%,324573064.00,United States,,796465,Utilities,Water Supply
CDZIP,Cadiz Inc. Depositary Shares,$23.4464,-0.0536,-0.228%,1971520696.00,United States,,8048,Utilities,Water Supply
CERS,Cerus Corporation Common Stock,$2.52,-0.04,-1.563%,504929814.00,United States,1997,2117635,Technology,EDP Services
CERT,Certara Inc. Common Stock,$5.21,0.01,0.192%,810491608.00,United States,2020,4205633,Technology,Computer Software: Prepackaged Software
CEVA,CEVA Inc. Common Stock,$48.45,2.42,5.257%,1349786428.00,United States,,957796,Technology,Computer Software: Programming Data Processing
CFFN,Capitol Federal Financial Inc. Common Stock,$8.12,-0.13,-1.576%,1029370995.00,United States,,867009,Finance,Savings Institutions
CGBD,Carlyle Secured Lending Inc. Common Stock,$10.96,-0.02,-0.182%,768580335.00,United States,2017,475328,Finance,Finance: Consumer Services
CGC,Canopy Growth Corporation Common Shares,$0.9829,-0.0171,-1.71%,422274398.00,Canada,,14412578,Health Care, Medicinal Chemicals and Botanical Products 
CGEM,Cullinan Therapeutics Inc. Common Stock,$13.61,-0.09,-0.657%,836444006.00,United States,2021,1790121,Health Care,Biotechnology: Biological Products (No Diagnostic Substances)
CGNT,Cognyte Software Ltd. Ordinary Shares,$8.85,-0.01,-0.113%,643182202.00,Israel,,1013118,Technology,Computer Software: Prepackaged Software
CHCO,City Holding Company Common Stock,$127.97,-2.79,-2.134%,1805805913.00,United States,,78945,Finance,Major Banks
CHCT,Community Healthcare Trust Incorporated Common Stock,$17.59,-0.32,-1.787%,502577839.00,United States,2015,134057,Real Estate,Real Estate Investment Trusts
CHMG,Chemung Financial Corp Common Stock,$70.50,-2.005,-2.765%,339797310.00,United States,,20076,Finance,Major Banks
CHSCL,CHS Inc Class B Cumulative Redeemable Preferred Stock Series 4,$25.5744,0.1632,0.642%,313849114.00,United States,,19156,Industrials,Farming/Seeds/Milling
CHSCM,CHS Inc Class B Reset Rate Cumulative Redeemable Preferred Stock Series 3,$24.64,0.0119,0.048%,302382154.00,United States,,17864,Industrials,Farming/Seeds/Milling
CHSCN,CHS Inc Preferred Class B Series 2 Reset Rate,$24.99,0.2837,1.148%,306677355.00,United States,,41981,Industrials,Farming/Seeds/Milling
CHSCO,CHS Inc. Class B Cumulative Redeemable Preferred Stock,$26.08,0.2222,0.859%,320053838.00,United States,,14864,Industrials,Farming/Seeds/Milling
CHSCP,CHS Inc. 8%  Cumulative Redeemable Preferred Stock,$27.5935,0.1335,0.486%,338627515.00,United States,,12315,Industrials,Farming/Seeds/Milling
CIM,Chimera Investment Corporation Common Stock,$13.38,0.02,0.15%,1119183721.00,United States,2007,539561,Real Estate,Real Estate Investment Trusts
CINT,CI&T Inc Class A Common Shares,$3.96,-0.08,-1.98%,510403422.00,,2021,305974,Technology,EDP Services
CION,CION Investment Corporation Common Stock,$7.03,0.05,0.716%,350018146.00,United States,2021,601276,Finance,Finance/Investors Services
CIVB,Civista Bancshares Inc. Common Stock,$26.49,-0.72,-2.646%,550550889.00,United States,,70685,Finance,Major Banks
CIX,CompX International Inc. Common Stock,$25.79,0.02,0.078%,317811640.00,United States,1998,11461,Consumer Discretionary,Industrial Machinery/Components
CLB,Core Laboratories Inc. Common Stock,$12.72,-0.44,-3.343%,586349795.00,Netherlands,2023,618173,Energy,Oilfield Services/Equipment
CLDT,Chatham Lodging Trust (REIT) Common Shares of Beneficial Interest,$12.73,-0.13,-1.011%,594251931.00,United States,2010,534009,Real Estate,Real Estate Investment Trusts
CLFD,Clearfield Inc. Common Stock,$40.09,0.66,1.674%,544801451.00,United States,,244131,Utilities,Telecommunications Equipment
CLMB,Climb Global Solutions Inc. Common Stock,$23.08,0.44,1.943%,429223376.00,United States,,221046,Technology,Retail: Computer Software & Peripheral Equipment
CLNE,Clean Energy Fuels Corp. Common Stock,$1.87,-0.04,-2.094%,411820066.00,United States,2007,1201125,Utilities,Natural Gas Distribution
CLPT,ClearPoint Neuro Inc. Common Stock,$13.52,0.08,0.595%,405458892.00,United States,,324905,Health Care,Medical/Dental Instruments
CLVT,Clarivate Plc Ordinary Shares,$2.12,-0.09,-4.072%,1355139001.00,United Kingdom,2019,5305692,Technology,EDP Services
CLYM,Climb Bio Inc. Common Stock,$11.49,0.05,0.437%,657952134.00,United States,2021,1174898,Health Care,Biotechnology: Pharmaceutical Preparations
CMCL,Caledonia Mining Corporation Plc Common Shares,$20.98,0.80,3.964%,405187327.00,Canada,,391061,Basic Materials,Precious Metals
CMCO,Columbus McKinnon Corporation Common Stock,$15.03,1.20,8.677%,433283532.00,United States,1996,1500540,Industrials,Construction/Ag Equipment/Trucks
CMDB,Costamare Bulkers Holdings Limited Common Stock,$17.29,-0.68,-3.784%,418080361.00,,2025,35052,Consumer Discretionary,Marine Transportation
CMP,Compass Minerals Intl Inc Common Stock,$31.08,-0.38,-1.208%,1304065456.00,United States,2003,464203,Industrials,Mining & Quarrying of Nonmetallic Minerals (No Fuels)
CMPS,COMPASS Pathways Plc American Depository Shares,$11.79,-0.29,-2.401%,1591052483.00,United Kingdom,2020,2074828,Health Care,Biotechnology: Pharmaceutical Preparations
CMPX,Compass Therapeutics Inc. Common Stock,$2.04,0.01,0.493%,367379347.00,United States,,2171081,Health Care,Biotechnology: Biological Products (No Diagnostic Substances)
CMRE,Costamare Inc. Common Stock $0.0001 par value,$16.33,-0.27,-1.627%,1969214434.00,Greece,2010,319119,Consumer Discretionary,Marine Transportation
CMTG,Claros Mortgage Trust Inc. Common Stock,$2.67,0.13,5.118%,374384100.00,United States,2021,988624,Finance,Real Estate
CNL,Collective Mining Ltd. Common Shares,$15.30,1.22,8.665%,1418914457.00,,2024,56319,,
CNMD,CONMED Corporation Common Stock,$34.16,-0.61,-1.754%,1028530067.00,United States,1987,619048,Health Care,Biotechnology: Electromedical & Electrotherapeutic Apparatus
CNNE,Cannae Holdings Inc. Common Stock,$14.15,-0.27,-1.872%,621758160.00,United States,2017,463926,Consumer Discretionary,Restaurants
CNOB,ConnectOne Bancorp Inc. Common Stock,$32.44,-0.325,-0.992%,1631358745.00,United States,,967683,Finance,Major Banks
CNOBP,ConnectOne Bancorp Inc. Depositary Shares each representing a 1/40th interest in a share of 5.25% Fixed-Rate Reset Non-Cumulative Perpetual Preferred Stock Series A,$24.945,-0.0128,-0.051%,1254446483.00,United States,,3459,Finance,Major Banks
CNXC,Concentrix Corporation Common Stock,$26.19,-0.01,-0.038%,1597716393.00,United States,,837574,Technology,Computer Software: Prepackaged Software
CNXN,PC Connection Inc. Common Stock,$71.14,-1.72,-2.361%,1794580984.00,United States,,273974,Consumer Discretionary,Catalog/Specialty Distribution
COAG,Hemab Therapeutics Holdings Inc. Common Stock,$25.08,0.10,0.40%,1171371683.00,United States,2026,199718,Health Care,Biotechnology: Biological Products (No Diagnostic Substances)
CODI,D/B/A Compass Diversified Holdings Shares of Beneficial Interest,$10.26,-0.02,-0.195%,771921011.00,United States,2006,1232089,Consumer Discretionary,Home Furnishings
COFS,ChoiceOne Financial Services Inc. Common Stock,$31.93,-0.35,-1.084%,478152868.00,United States,,65494,Finance,Major Banks
COLL,Collegium Pharmaceutical Inc. Common Stock,$34.19,-0.45,-1.299%,1108910904.00,United States,2015,408115,Health Care,Biotechnology: Pharmaceutical Preparations
COSO,CoastalSouth Bancshares Inc. Common Stock,$26.80,-0.15,-0.557%,322552231.00,United States,2025,86071,Finance,Major Banks
COTY,Coty Inc. Class A Common Stock,$2.05,-0.02,-0.966%,1804956198.00,United States,2013,7166521,Consumer Discretionary,Package Goods/Cosmetics
COUR,Coursera Inc. Common Stock,$5.30,-0.04,-0.749%,897467211.00,United States,2021,5787770,Technology,Computer Software: Prepackaged Software
CPAC,Cementos Pacasmayo S.A.A. American Depositary Shares (Each representing five Common Shares),$10.72,0.05,0.469%,908773957.00,Peru,,12073,Industrials,Building Materials
CPF,Central Pacific Financial Corp New,$36.02,-0.58,-1.585%,940166269.00,United States,,127817,Finance,Major Banks
CPS,Cooper-Standard Holdings Inc. Common Stock,$29.37,-0.09,-0.305%,521472691.00,United States,,156219,Consumer Discretionary,Auto Parts:O.E.M.
CRAI,CRA International Inc. Common Stock,$147.75,-2.72,-1.808%,954913865.00,United States,1998,158712,Consumer Discretionary,Other Consumer Services
CRCT,Cricut Inc. Class A Common Stock,$4.51,0.02,0.445%,946642839.00,United States,2021,343601,Technology,Industrial Machinery/Components
CRESY,Cresud S.A.C.I.F. y A. American Depositary Shares,$12.58,0.22,1.78%,892238966.00,Argentina,1997,358037,Finance,Real Estate
CRI,Carter's Inc. Common Stock,$41.80,-0.99,-2.314%,1540334891.00,United States,2003,598339,Consumer Discretionary,Apparel
CRMD,CorMedix Inc. Common Stock,$8.59,-0.15,-1.716%,673901744.00,United States,,1412508,Health Care,Biotechnology: Pharmaceutical Preparations
CRML,Critical Metals Corp. Ordinary Shares,$10.48,0.58,5.859%,1539394131.00,British Virgin Islands,,4597723,Basic Materials,Metal Mining
CRMLW,Critical Metals Corp. Warrants,$4.04,0.25,6.596%,593430562.00,British Virgin Islands,,11098,Basic Materials,Metal Mining
CRNC,Cerence Inc. Common Stock,$10.875,0.255,2.401%,491417423.00,United States,,483749,Technology,Computer Software: Prepackaged Software
CRON,Cronos Group Inc. Common Share,$2.63,-0.05,-1.866%,989560399.00,Canada,,1082847,Health Care, Medicinal Chemicals and Botanical Products 
CRSR,Corsair Gaming Inc. Common Stock,$8.52,0.09,1.068%,910636438.00,United States,2020,2549090,Technology,Computer peripheral equipment
CRTO,Criteo S.A. American Depositary Shares,$17.70,-0.15,-0.84%,886737060.00,France,2013,258157,Consumer Discretionary,Advertising
CRVS,Corvus Pharmaceuticals Inc. Common Stock,$11.90,-0.03,-0.251%,1000676046.00,United States,2016,707820,Health Care,Biotechnology: Pharmaceutical Preparations
CSHR,CoinShares PLC Ordinary Shares,$4.37,0.13,3.066%,575879513.00,Jersey,,150424,Finance,Investment Bankers/Brokers/Service
CSIQ,Canadian Solar Inc. Common Shares (ON),$16.88,0.15,0.897%,1144746301.00,Canada,2006,2086527,Technology,Semiconductors
CSR,D/B/A Centerspace Common Stock,$56.46,-1.93,-3.305%,948705793.00,United States,,227974,Real Estate,Real Estate Investment Trusts
CSTL,Castle Biosciences Inc. Common Stock,$20.66,-0.04,-0.193%,626616808.00,United States,2019,220498,Health Care,Medical Specialities
CSV,Carriage Services Inc. Common Stock,$38.59,-1.75,-4.338%,612513138.00,United States,,169000,Consumer Discretionary,Other Consumer Services
CSWC,Capital Southwest Corporation Common Stock,$23.12,-0.1666,-0.715%,1436693585.00,United States,,662423,Consumer Discretionary,Textiles
CTBI,Community Trust Bancorp Inc. Common Stock,$68.82,-1.83,-2.59%,1250027279.00,United States,,77919,Finance,Major Banks
CTEV,Claritev Corporation Class A Common Stock,$30.61,-0.28,-0.906%,521832821.00,United States,2020,94248,Consumer Discretionary,Business Services
CTGO,Contango Silver & Gold Inc. Common Stock,$17.13,0.62,3.755%,527110844.00,United States,2021,904784,Basic Materials,Precious Metals
CTKB,Cytek Biosciences Inc. Common Stock,$3.93,-0.03,-0.758%,507530367.00,United States,2021,1551454,Industrials,Biotechnology: Laboratory Analytical Instruments
CTMX,CytomX Therapeutics Inc. Common Stock,$3.04,0.03,0.997%,661816874.00,United States,2015,2921195,Health Care,Biotechnology: Pharmaceutical Preparations
CTNM,Contineum Therapeutics Inc. Class A Common Stock,$12.72,0.84,7.071%,475554715.00,United States,2024,430252,Health Care,Biotechnology: Pharmaceutical Preparations
CTO,CTO Realty Growth Inc. Common Stock,$20.60,-0.33,-1.577%,695941995.00,United States,1992,216808,Real Estate,Real Estate Investment Trusts
CTRN,Citi Trends Inc. Common Stock,$55.25,4.61,9.103%,460224102.00,United States,2005,200410,Consumer Discretionary,Clothing/Shoe/Accessory Stores
CTS,CTS Corporation Common Stock,$66.63,0.50,0.756%,1905145593.00,United States,,333156,Technology,Electrical Products
CUB,Lionheart Holdings Class A Ordinary Shares,$10.90,0.02,0.184%,346277478.00,United States,2024,460127,Finance,Blank Checks
CUBB,Customers Bancorp Inc 5.375% Subordinated Notes Due 2034,$21.73,0.03,0.138%,687178438.00,United States,2019,4409,Finance,Major Banks
CURR,Currenc Group Inc. Ordinary Shares,$2.95,0.17,6.115%,331231561.00,Singapore,,278078,Consumer Discretionary,Business Services
CV,CapsoVision Inc. Common Stock,$7.23,0.04,0.556%,361236727.00,United States,2025,75067,Health Care,Biotechnology: Electromedical & Electrotherapeutic Apparatus
CVEO,Civeo Corporation (Canada) Common Shares,$33.31,-1.22,-3.533%,364521190.00,,2014,78578,Consumer Discretionary,Hotels/Resorts
CVLG,Covenant Logistics Group Inc. Class A Common Stock,$44.81,-0.64,-1.408%,1127912017.00,United States,,257379,Industrials,Trucking Freight/Courier Services
CWBC,Community West Bancshares Common Stock,$25.36,-0.39,-1.515%,688123464.00,United States,,447178,Finance,Major Banks
CWCO,Consolidated Water Co. Ltd. Ordinary Shares,$29.83,-0.28,-0.93%,477285668.00,Cayman Islands,,90092,Utilities,Water Supply
CWH,Camping World Holdings Inc. Class A Common Stock,$7.74,-0.24,-3.008%,797117437.00,United States,2016,2090054,Consumer Discretionary,Retail-Auto Dealers and Gas Stations
CXM,Sprinklr Inc. Class A Common Stock,$5.31,-0.03,-0.562%,1243754726.00,United States,2021,3223806,Technology,Computer Software: Prepackaged Software
CYD,China Yuchai International Limited Common Stock,$51.83,1.80,3.598%,1944574629.00,Singapore,1994,191746,Industrials,Industrial Machinery/Components
CYH,Community Health Systems Inc. Common Stock,$3.07,-0.05,-1.603%,432614306.00,United States,2000,906812,Health Care,Hospital/Nursing Management
CYRX,CryoPort Inc. Common Stock,$14.83,0.21,1.436%,747466302.00,United States,,544997,Health Care,Biotechnology: Pharmaceutical Preparations
CZFS,Citizens Financial Services Inc. Common Stock,$66.52,-3.13,-4.494%,319624343.00,United States,,4799,Finance,Major Banks
CZNC,Citizens & Northern Corp Common Stock,$21.49,-0.57,-2.584%,385027433.00,United States,,63014,Finance,Major Banks
DAKT,Daktronics Inc. Common Stock,$20.81,0.51,2.512%,1005083669.00,United States,1994,342533,Consumer Discretionary,Miscellaneous manufacturing industries
DAO,Youdao Inc. American Depositary Shares each representing one Class A Ordinary Share,$11.83,0.43,3.772%,1427107685.00,China,2019,107888,Real Estate,Other Consumer Services
DBI,Designer Brands Inc. Class A Common Stock,$6.91,0.03,0.436%,350869616.00,United States,,1066591,Consumer Discretionary,Clothing/Shoe/Accessory Stores
DBVT,DBV Technologies S.A. American Depositary Shares,$18.12,0.705,4.048%,1072857821.00,France,2014,175881,Health Care,Biotechnology: Biological Products (No Diagnostic Substances)
DC,Dakota Gold Corp. Common Stock,$5.13,0.20,4.057%,687051138.00,United States,2022,1939614,Basic Materials,Metal Mining
DCBG,Dime Commercial Bancshares Inc. 9.000% Junior Subordinated Notes,$26.375,0.225,0.86%,1032545301.00,United States,,1537,Finance,Major Banks
DCBO,Docebo Inc. Common Shares,$18.05,-0.03,-0.166%,463925071.00,Canada,,58350,Technology,Computer Software: Prepackaged Software
DCH,Dauch Corporation Common Stock,$6.50,0.15,2.362%,1542883758.00,United States,,3830733,Consumer Discretionary,Auto Parts:O.E.M.
DCOM,Dime Commercial Bancshares Inc. Common Stock,$39.24,-0.84,-2.096%,1722119405.00,United States,,288068,Finance,Major Banks
DCTH,Delcath Systems Inc. Common Stock,$11.79,0.07,0.597%,407010218.00,United States,,449575,Health Care,Medical/Dental Instruments
DDD,3D Systems Corporation Common Stock,$3.02,0.01,0.332%,443780100.00,United States,,3318649,Technology,Computer Software: Prepackaged Software
DDI,DoubleDown Interactive Co. Ltd. American Depository Shares,$12.00,0.01,0.083%,594641280.00,South Korea,2021,56632,Technology,EDP Services
DDL,Dingdong (Cayman) Limited American Depositary Shares (each two representing three Ordinary Shares),$2.37,-0.04,-1.66%,559859613.00,Cayman Islands,2021,830038,Consumer Discretionary,Catalog/Specialty Distribution
DDT,Dillard's Capital Trust I,$26.15,0.02,0.077%,408449167.00,United States,,5703,Consumer Discretionary,Department/Specialty Retail Stores
DEA,Easterly Government Properties Inc. Common Stock,$23.79,-0.25,-1.04%,1105030607.00,United States,2015,367618,Real Estate,Real Estate Investment Trusts
DEC,Diversified Energy Company Common Stock,$13.16,-0.69,-4.982%,1010112790.00,United States,2025,1234622,,
DFH,Dream Finders Homes Inc. Class A Common Stock,$14.91,-0.14,-0.93%,1364793291.00,United States,2022,606319,Consumer Discretionary,Homebuilding
DFIN,Donnelley Financial Solutions Inc. Common Stock ,$39.84,1.40,3.642%,995297820.00,United States,2016,455541,Consumer Discretionary,Other Consumer Services
DGICA,Donegal Group Inc. Class A Common Stock,$17.34,-0.27,-1.533%,642440116.00,United States,,80225,Finance,Property-Casualty Insurers
DGICB,Donegal Group Inc. Class B Common Stock,$18.22,0.00,0.00%,675043767.00,United States,1986,103,Finance,Property-Casualty Insurers
DGXX,Digi Power X Inc. Subordinate Voting Shares,$7.02,0.78,12.50%,490048292.00,Canada,,11500097,Finance,Finance: Consumer Services
DIN,Dine Brands Global Inc. Common Stock,$32.29,-1.75,-5.141%,409604301.00,United States,,609549,Consumer Discretionary,Restaurants
DJCO,Daily Journal Corp. (S.C.) Common Stock,$556.33,0.13,0.023%,766468080.00,United States,,30966,Consumer Discretionary,Newspapers/Magazines
DJTWW,Trump Media & Technology Group Corp. Warrants,$3.7001,0.0601,1.651%,1024756859.00,United States,2021,28771,Technology,Computer Software: Programming Data Processing
DLX,Deluxe Corporation Common Stock,$22.84,-0.95,-3.993%,1045707953.00,United States,,439473,Consumer Discretionary,Publishing
DLY,DoubleLine Yield Opportunities Fund Common Shares of Beneficial Interest,$13.99,0.10,0.72%,670761448.00,United States,2020,169837,Finance,Investment Managers
DMAC,DiaMedica Therapeutics Inc. Common Stock,$5.63,-0.02,-0.354%,303363232.00,United States,2018,185775,Health Care,Biotechnology: Pharmaceutical Preparations
DMLP,Dorchester Minerals L.P. Common Units Representing Limited Partnership Interests,$26.00,-0.71,-2.658%,1254641700.00,United States,,225050,Energy,Oil & Gas Production
DMRA,Damora Therapeutics Inc. Common Stock,$20.07,-0.71,-3.417%,1235372604.00,Denmark,2020,628963,Health Care,Biotechnology: Pharmaceutical Preparations
DNA,Ginkgo Bioworks Holdings Inc. Class A Common Stock,$8.23,0.34,4.309%,511374729.00,United States,2021,639088,Health Care,Biotechnology: Biological Products (No Diagnostic Substances)
DNUT,Krispy Kreme Inc. Common Stock,$3.99,-0.32,-7.425%,687876000.00,United States,2021,3070793,Consumer Staples,Food Chains
DOLE,Dole plc Ordinary Shares,$14.24,-0.11,-0.767%,1355063448.00,Ireland,2021,956137,Consumer Staples,Farming/Seeds/Milling
DQ,DAQO New Energy Corp. American Depositary Shares each representing five ordinary shares,$15.46,-0.25,-1.591%,1046118478.00,China,2010,801143,Technology,Semiconductors
DRTS,Alpha Tau Medical Ltd. Ordinary Shares,$9.67,-0.18,-1.827%,851054157.00,Israel,,668623,Health Care,Medical/Dental Instruments
DRUG,Bright Minds Biosciences Inc. Common Stock,$59.17,-1.78,-2.92%,580579649.00,Canada,,938980,Health Care,Biotechnology: Pharmaceutical Preparations
DSGN,Design Therapeutics Inc. Common Stock,$11.14,0.17,1.55%,695770690.00,United States,2021,823836,Health Care,Biotechnology: Pharmaceutical Preparations
DSGR,Distribution Solutions Group Inc. Common Stock,$27.76,0.04,0.144%,1282377780.00,United States,,44488,Consumer Discretionary,Industrial Specialties
DSL,DoubleLine Income Solutions Fund Common Shares of Beneficial Interests,$11.02,0.04,0.364%,1124005045.00,United States,2013,524668,Finance,Trusts Except Educational Religious and Charitable
DSP,Viant Technology Inc. Class A Common Stock,$11.11,0.01,0.09%,728081873.00,United States,2021,850411,Technology,Computer Software: Programming Data Processing
DUOT,Duos Technologies Group Inc. Common Stock,$12.23,0.55,4.709%,358626026.00,United States,,502703,Technology,Computer Software: Prepackaged Software
DV,DoubleVerify Holdings Inc. Common Stock,$10.25,0.05,0.49%,1573007937.00,United States,2021,1655908,Technology,Computer Software: Programming Data Processing
DVLT,Datavault AI Inc. Common Stock,$0.393,0.036,10.084%,336235864.00,United States,2018,38785374,Technology,Semiconductors
DXC,DXC Technology Company Common Stock ,$8.81,-0.36,-3.926%,1457929114.00,United States,,5677275,Technology,EDP Services
EBF,Ennis Inc. Common Stock,$20.36,-0.39,-1.88%,515072818.00,United States,,159458,Consumer Discretionary,Office Equipment/Supplies/Services
EBS,Emergent BioSolutions Inc. Common Stock,$8.29,-0.03,-0.361%,427733294.00,United States,2006,688723,Health Care,Biotechnology: Pharmaceutical Preparations
ECAT,BlackRock ESG Capital Allocation Term Trust Common Shares of Beneficial Interest,$15.42,-0.12,-0.772%,1667441700.00,United States,2021,350299,Finance,Trusts Except Educational Religious and Charitable
ECCC,Eagle Point Credit Company 6.50% Series C Term Preferred Stock due 2031,$24.60,0.10,0.408%,1492298090.00,United States,,5376,Finance,Trusts Except Educational Religious and Charitable
ECCV,Eagle Point Credit Company 5.375% Notes due 2029,$23.60,-0.30,-1.255%,1431635566.00,United States,2022,8307,Finance,Trusts Except Educational Religious and Charitable
ECPG,Encore Capital Group Inc Common Stock,$82.65,1.31,1.611%,1772050052.00,United States,,386110,Finance,Finance Companies
ECVT,Ecovyst Inc. Common Stock,$12.97,-0.12,-0.917%,1419611687.00,United States,2017,1691403,Industrials,Major Chemicals
ECX,ECARX Holdings Inc. Class A Ordinary shares,$1.21,-0.04,-3.20%,461082581.00,China,,1143361,Technology,EDP Services
EDN,Empresa Distribuidora Y Comercializadora Norte S.A. (Edenor) American Depositary Shares,$28.74,1.18,4.282%,1300281578.00,Argentina,2007,55831,Utilities,Electric Utilities: Central
EEX,Emerald Holding Inc. Common Stock,$4.99,-0.03,-0.598%,987568220.00,United States,2017,83762,Consumer Discretionary,Business Services
EFC,Ellington Financial Inc. Common Stock ,$13.59,-0.09,-0.658%,1704099350.00,United States,2010,1157262,Finance,Real Estate
EFOR,Everforth Inc. Common Stock,$20.85,-0.17,-0.809%,858076079.00,United States,,883822,Consumer Discretionary,Professional Services
EFSCP,Enterprise Financial Services Corporation Depositary Shares Each Representing a 1/40th Interest in a Share of 5% Fixed Rate Non-Cumulative Perpetual Preferred Stock Series A,$20.08,-0.17,-0.84%,734642964.00,United States,,2257,Finance,Major Banks
EFT,Eaton Vance Floating Rate Income Trust Common Shares of Beneficial Interest,$10.71,-0.07,-0.649%,311558345.00,United States,2004,56162,Finance,Finance Companies
EGBN,Eagle Bancorp Inc. Common Stock,$27.83,-0.71,-2.488%,848692993.00,United States,,178173,Finance,Major Banks
EGY,VAALCO Energy Inc.  Common Stock,$5.42,-0.04,-0.733%,565079731.00,United States,,2329506,Energy,Oil & Gas Production
EH,EHang Holdings Limited ADS,$7.60,0.97,14.63%,547084921.00,China,2019,2005913,Industrials,Aerospace
EIG,Employers Holdings Inc Common Stock,$45.84,-0.41,-0.886%,836255499.00,United States,2007,219667,Finance,Property-Casualty Insurers
EIKN,Eikon Therapeutics Inc. Common Stock,$9.33,0.58,6.629%,505113399.00,United States,2026,316026,Health Care,Biotechnology: Biological Products (No Diagnostic Substances)
ELA,Envela Corporation Common Stock,$26.96,-0.34,-1.245%,699975313.00,United States,,111585,Consumer Discretionary,Consumer Specialties
ELE,Elemental Royalty Corporation Common Stock,$16.16,0.83,5.414%,1040429765.00,Canada,,304069,Basic Materials,Precious Metals
ELMD,Electromed Inc. Common Stock,$37.44,0.30,0.808%,310005596.00,United States,2011,67599,Health Care,Biotechnology: Electromedical & Electrotherapeutic Apparatus
ELMT,The Elmet Group Co. Common Stock,$20.64,0.195,0.954%,618784372.00,United States,2026,532847,Industrials,Metal Fabrications
ELVA,Electrovaya Inc. Common Shares,$10.12,0.62,6.526%,501015698.00,Canada,,299093,,
ELVR,Elevra Lithium Limited American Depository Shares,$102.33,17.82,21.086%,1733232487.00,Australia,,614874,Industrials,Mining & Quarrying of Nonmetallic Minerals (No Fuels)
ENHA,Enhanced Group Inc. Class A Common Stock,$3.75,-0.14,-3.599%,1429006448.00,Singapore,,1410663,Consumer Discretionary,Services-Misc. Amusement & Recreation
ENOV,Enovis Corporation Common Stock,$20.98,-0.82,-3.761%,1207663411.00,United States,,845486,Health Care,Industrial Specialties
ENR,Energizer Holdings Inc. Common Stock,$20.13,-0.12,-0.593%,1378371253.00,United States,2015,1027303,Miscellaneous,Industrial Machinery/Components
ENRD,Einride AB American Depositary Shares,$10.12,0.73,7.774%,1458954577.00,Sweden,,75879,Technology,EDP Services
ENTA,Enanta Pharmaceuticals Inc. Common Stock,$11.44,-0.46,-3.866%,332656667.00,United States,2013,114019,Health Care,Biotechnology: Pharmaceutical Preparations
ENVX,Enovix Corporation Common Stock,$7.08,0.42,6.306%,1544526355.00,United States,2021,5167568,Miscellaneous,Industrial Machinery/Components
EOLS,Evolus Inc. Common Stock,$6.75,0.02,0.297%,444519569.00,United States,2018,904176,Health Care,Biotechnology: Pharmaceutical Preparations
EPAC,Enerpac Tool Group Corp. Common Stock,$35.38,0.33,0.942%,1823597319.00,United States,,393033,Technology,Industrial Machinery/Components
EPC,Edgewell Personal Care Company Common Stock,$22.99,0.05,0.218%,1059409685.00,United States,,856118,Consumer Discretionary,Package Goods/Cosmetics
EPRX,Eupraxia Pharmaceuticals Inc. Common Stock,$6.22,0.18,2.98%,406333610.00,Canada,,256269,Health Care,Pharmaceuticals and Biotechnology
EQBK,Equity Bancshares Inc. Class A Common Stock,$47.27,-1.12,-2.315%,975689576.00,United States,,83158,Finance,Major Banks
ERII,Energy Recovery Inc. Common Stock,$8.76,0.43,5.162%,451536469.00,United States,2008,2059954,Technology,Industrial Machinery/Components
ESEA,Euroseas Ltd. Common Stock (Marshall Islands),$71.83,0.31,0.433%,506823932.00,Greece,,50518,Consumer Discretionary,Marine Transportation
ESOA,Energy Services of America Corporation Common Stock,$16.70,0.00,0.00%,311616639.00,United States,,79182,Industrials,Water Sewer Pipeline Comm & Power Line Construction
ESPR,Esperion Therapeutics Inc. Common Stock,$3.15,0.00,0.00%,810910617.00,United States,2013,8814729,Health Care,Biotechnology: Pharmaceutical Preparations
ESQ,Esquire Financial Holdings Inc. Common Stock,$113.45,-2.17,-1.877%,980143447.00,United States,2017,152752,Finance,Commercial Banks
ESRT,Empire State Realty Trust Inc. Class A Common Stock,$5.30,-0.14,-2.574%,913880097.00,United States,2013,1136258,Real Estate,Real Estate Investment Trusts
ETB,Eaton Vance Tax-Managed Buy-Write Income Fund Eaton Vance Tax-Managed Buy-Write Income Fund Common Shares of Beneficial Interest,$15.43,0.15,0.982%,453200671.00,United States,2005,57473,Finance,Investment Bankers/Brokers/Service
ETD,Ethan Allen Interiors Inc. Common Stock,$21.46,-0.12,-0.556%,546078435.00,United States,,603784,Consumer Discretionary,Home Furnishings
ETO,Eaton Vance Tax-Advantage Global Dividend Opp Common Stock,$30.83,0.20,0.653%,505246295.00,United States,2004,22914,Finance,Investment Managers
ETON,Eton Pharmaceuticals Inc. Common Stock,$32.15,0.56,1.773%,880664310.00,United States,2018,265892,Health Care,Biotechnology: Pharmaceutical Preparations
ETV,Eaton Vance Corporation Eaton Vance Tax-Managed Buy-Write Opportunities Fund Common Shares of Beneficial Interest,$14.90,0.12,0.812%,1628098400.00,United States,2005,225670,Finance,Investment Bankers/Brokers/Service
ETW,Eaton Vance Corporation Eaton Vance Tax-Managed Global Buy-Write Opportunites Fund Common Shares of Beneficial Interest,$9.48,0.10,1.066%,1038987011.00,United States,2005,210070,Finance,Investment Managers
EVC,Entravision Communications Corporation Common Stock,$9.22,-0.44,-4.555%,848601240.00,United States,2000,2498195,Industrials,Broadcasting
EVCM,EverCommerce Inc. Common Stock,$9.14,0.01,0.11%,1617329407.00,United States,2021,138558,Technology,Computer Software: Prepackaged Software
EVER,EverQuote Inc. Class A Common Stock,$20.24,0.26,1.301%,715955147.00,United States,2018,450834,Technology,Computer Software: Programming Data Processing
EVEX,Eve Holding Inc. Common Stock,$2.93,0.22,8.118%,1020532431.00,United States,2022,1035789,Industrials,Aerospace
EVGO,EVgo Inc. Class A Common Stock,$2.04,0.04,2.00%,640273105.00,United States,,2877889,Technology,EDP Services
EVH,Evolent Health Inc Class A Common Stock,$4.70,-0.10,-2.083%,528661015.00,United States,2015,2691639,Consumer Discretionary,Other Consumer Services
EVLV,Evolv Technologies Holdings Inc. Class A Common Stock,$6.13,0.04,0.657%,1102611743.00,United States,2020,2266862,Technology,Computer peripheral equipment
EVMN,Evommune Inc. Common Stock,$20.84,1.01,5.093%,750622872.00,United States,2025,447766,Health Care,Biotechnology: Pharmaceutical Preparations
EVN,Eaton Vance Municipal Income Trust Common Stock,$10.94,0.027,0.247%,433958763.00,United States,1999,63313,Finance,Investment Managers
EVTC,Evertec Inc. Common Stock,$27.35,1.07,4.072%,1685316408.00,Puerto Rico,2013,1002792,Technology,EDP Services
EYE,National Vision Holdings Inc. Common Stock,$17.96,-0.65,-3.493%,1438895303.00,United States,2017,2223921,Health Care,Ophthalmic Goods
EYPT,EyePoint Inc. Common Stock,$12.08,-0.95,-7.291%,1012802880.00,United States,,1084008,Industrials,Biotechnology: Laboratory Analytical Instruments
EZPW,EZCORP Inc. Class A Non Voting Common Stock,$32.24,0.99,3.168%,1983919931.00,United States,1991,576113,Consumer Discretionary,Other Specialty Stores
FAC,Factorial Energy Inc. Class A Common Stock,$15.55,0.22,1.435%,1664211460.00,United States,2025,408749,Miscellaneous,Industrial Machinery/Components
FBIOP,Fortress Biotech Inc. 9.375% Series A Cumulative Redeemable Perpetual Preferred Stock,$20.88,0.17,0.821%,693614223.00,United States,,38630,Health Care,Biotechnology: Pharmaceutical Preparations
FBIZ,First Business Financial Services Inc. Common Stock,$59.36,-1.26,-2.079%,496378174.00,United States,,30208,Finance,Major Banks
FBRT,Franklin BSP Realty Trust Inc. Common Stock,$8.23,-0.12,-1.437%,633405564.00,United States,2021,1423207,Real Estate,Real Estate Investment Trusts
FBRX,Forte Biosciences Inc. Common Stock,$18.05,0.49,2.79%,369642647.00,United States,2017,124997,Health Care,Biotechnology: Pharmaceutical Preparations
FBYD,Falcon's Beyond Global Inc. Class A Common Stock,$14.82,0.06,0.407%,1796809582.00,United States,,47351,Consumer Discretionary,Services-Misc. Amusement & Recreation
FCBC,First Community Bankshares Inc. (VA) Common Stock,$42.67,-1.415,-3.21%,805043326.00,United States,,73314,Finance,Major Banks
FCEL,FuelCell Energy Inc. Common Stock,$17.50,0.56,3.306%,1183143028.00,United States,,7396581,Energy,Industrial Machinery/Components
FCF,First Commonwealth Financial Corporation Common Stock,$19.63,-0.28,-1.406%,1996065852.00,United States,,558260,Finance,Major Banks
FDMT,4D Molecular Therapeutics Inc. Common Stock,$9.22,0.39,4.417%,481987062.00,United States,2020,1064917,Health Care,Biotechnology: Biological Products (No Diagnostic Substances)
FDP,Del Monte Corporation Ordinary Shares,$28.79,-0.35,-1.201%,1369730573.00,Cayman Islands,1997,308284,Consumer Staples,Farming/Seeds/Milling
FDUS,Fidus Investment Corporation Common Stock,$18.61,-0.21,-1.116%,706330714.00,United States,2011,640261,Finance,Finance/Investors Services
FEIM,Frequency Electronics Inc. Common Stock,$74.31,-0.97,-1.289%,731353595.00,United States,,183286,Industrials,Electrical Products
FENC,Fennec Pharmaceuticals Inc. Common Stock,$9.19,0.19,2.111%,317431790.00,United States,,124388,Health Care,Biotechnology: Biological Products (No Diagnostic Substances)
FET,Forum Energy Technologies Inc. Common Stock,$51.24,-1.72,-3.248%,579231615.00,United States,2012,191271,Consumer Discretionary,Oil and Gas Field Machinery
FGBIP,First Guaranty Bancshares Inc. 6.75% Series A Fixed-Rate Non-Cumulative Perpetual Preferred Stock,$20.2601,-0.2899,-1.411%,333567311.00,United States,,961,Finance,Savings Institutions
FINS,Angel Oak Financial Strategies Income Term Trust Common Shares of Beneficial Interest,$12.88,0.10,0.782%,322806777.00,,2019,55308,Finance,Finance/Investors Services
FINV,FinVolution Group American Depositary Shares,$5.00,-0.03,-0.596%,1180470010.00,United States,2017,1286423,Finance,Finance: Consumer Services
FIP,FTAI Infrastructure Inc. Common Stock ,$4.98,0.16,3.32%,588454504.00,United States,,817651,Energy,Oil Refining/Marketing
FISI,Financial Institutions Inc. Common Stock,$37.15,-0.75,-1.979%,731348646.00,United States,1999,176042,Finance,Major Banks
FIVN,Five9 Inc. Common Stock,$20.66,-0.57,-2.685%,1581811992.00,United States,2014,2293039,Technology,EDP Services
FLGT,Fulgent Genetics Inc. Common Stock,$18.35,-0.33,-1.767%,521151432.00,United States,2016,197671,Health Care,Medical Specialities
FLNG,FLEX LNG Ltd. Ordinary Shares,$30.27,-1.01,-3.229%,1637376222.00,,2019,399359,Consumer Discretionary,Marine Transportation
FLO,Flowers Foods Inc. Common Stock,$7.70,-0.09,-1.155%,1632347871.00,United States,,5497881,Consumer Staples,Packaged Foods
FLXS,Flexsteel Industries Inc. Common Stock,$63.665,0.585,0.927%,340959881.00,United States,,46281,Consumer Discretionary,Home Furnishings
FLYW,Flywire Corporation Voting Common Stock,$15.31,0.60,4.079%,1860847214.00,United States,2021,2645766,Consumer Discretionary,Business Services
FMAO,Farmers & Merchants Bancorp Inc. Common Stock,$28.39,-0.41,-1.424%,390878857.00,United States,,79646,Finance,Savings Institutions
FMBH,First Mid Bancshares Inc. Common Stock,$45.87,-0.80,-1.714%,1220866563.00,United States,,143502,Finance,Major Banks
FMC,FMC Corporation Common Stock,$11.51,-0.34,-2.869%,1439271415.00,United States,,3179047,Industrials,Major Chemicals
FMN,Federated Hermes Premier Municipal Income Fund,$11.23,-0.025,-0.222%,968641966.00,United States,2002,37328,Finance,Investment Managers
FMNB,Farmers National Banc Corp. Common Stock,$14.33,-0.20,-1.376%,848551251.00,United States,,322378,Finance,Major Banks
FNKO,Funko Inc. Class A Common Stock,$5.48,0.10,1.859%,306501113.00,United States,2017,482913,Consumer Discretionary,Recreational Games/Products/Toys
FNLC,First Bancorp Inc  (ME) Common Stock,$30.10,-0.65,-2.114%,339400316.00,United States,,14323,Finance,Major Banks
FOF,Cohen & Steers Closed-End Opportunity Fund Inc. Common Stock,$13.60,0.14,1.04%,668285341.00,United States,2006,49143,Finance,Investment Managers
FOR,Forestar Group Inc Common Stock ,$28.50,-0.70,-2.397%,1453748891.00,United States,2017,96957,Finance,Real Estate
FORTY,Formula Systems (1985) Ltd. American Depositary Shares,$117.50,0.00,0.00%,1799825873.00,Israel,,267,Technology,EDP Services
FOXF,Fox Factory Holding Corp. Common Stock,$18.41,0.32,1.769%,772044209.00,United States,2013,352405,Consumer Discretionary,Motor Vehicles
FPH,Five Point Holdings LLC Class A Common Shares,$5.04,-0.12,-2.326%,748455604.00,United States,2017,85945,Finance,Real Estate
FPI,Farmland Partners Inc. Common Stock,$9.76,-0.22,-2.204%,425703882.00,United States,2014,518092,Real Estate,Real Estate Investment Trusts
FRA,Blackrock Floating Rate Income Strategies Fund Inc  Common Stock,$10.88,-0.11,-1.001%,1618535684.00,United States,2003,119550,Finance,Investment Bankers/Brokers/Service
FRBA,First Bank Common Stock,$16.35,-0.20,-1.208%,410947489.00,United States,2013,82838,Finance,Commercial Banks
FRBT,Forbright Inc. Class A Common Stock,$18.06,0.06,0.333%,897357478.00,United States,2026,131329,Finance,Major Banks
FRMEP,First Merchants Corporation Depository Shares,$25.165,0.015,0.06%,1585967277.00,United States,,2507,Finance,Major Banks
FRPH,FRP Holdings Inc. Common Stock,$23.47,-0.32,-1.345%,449926354.00,United States,,36558,Finance,Real Estate
FRST,Primis Financial Corp. Common Stock,$15.35,-0.39,-2.478%,380251305.00,United States,2006,201867,Finance,Major Banks
FSBC,Five Star Bancorp Common Stock,$43.88,-0.88,-1.966%,937985594.00,United States,2021,119787,Finance,Major Banks
FSCO,FS Credit Opportunities Corp. Common Stock,$4.89,0.08,1.663%,969960351.00,United States,2022,1458299,Finance,Trusts Except Educational Religious and Charitable
FSTR,L.B. Foster Company Common Stock,$41.98,-0.39,-0.92%,439055386.00,United States,,64233,Industrials,Metal Fabrications
FSUN,FirstSun Capital Bancorp Common Stock,$36.28,-0.63,-1.707%,1695607657.00,United States,,174119,Finance,Major Banks
FTHY,First Trust High Yield Opportunities 2027 Term Fund Common Stock,$13.45,0.01,0.074%,494596702.00,United States,2020,47674,Finance,Investment Managers
FTK,Flotek Industries Inc. Common Stock,$23.99,-0.65,-2.638%,867897817.00,United States,,185221,Industrials,Major Chemicals
FTRE,Fortrea Holdings Inc. Common Stock,$16.63,0.15,0.91%,1573198000.00,United States,,948703,Health Care,Medical Specialities
FTW,Presidio Production Company Class A Common Stock,$12.26,-0.13,-1.049%,359572289.00,,,71157,Energy,Oil & Gas Production
FUBO,FuboTV Inc. Class A Common Stock,$9.92,0.09,0.916%,1075687858.00,United States,2020,1569268,Consumer Discretionary,Movies/Entertainment
FUFU,BitFuFu Inc. Class A Ordinary Shares,$1.83,0.22,13.665%,304976084.00,Singapore,,283857,Finance,Finance: Consumer Services
FUND,Sprott Focus Trust Inc. Common Stock,$10.15,0.03,0.296%,300780604.00,United States,,10945,Finance,Investment Managers
FVR,FrontView REIT Inc. Common Stock,$19.53,-0.34,-1.711%,442394107.00,United States,2024,150476,Real Estate,Real Estate Investment Trusts
FVRR,Fiverr International Ltd. Ordinary Shares no par value,$9.97,0.01,0.10%,358428758.00,,2019,618669,Consumer Discretionary,Business Services
FWDI,Forward Industries Inc. Common Stock,$4.82,0.54,12.617%,359956149.00,United States,,1011262,Industrials,Plastic Products
FWRD,Forward Air Corporation Common Stock,$13.58,0.25,1.875%,429468125.00,United States,,1158144,Industrials,Integrated Freight & Logistics
FWRG,First Watch Restaurant Group Inc. Common Stock,$11.85,-0.54,-4.358%,730491887.00,United States,2021,1368509,Consumer Discretionary,Restaurants
GAB,Gabelli Equity Trust Inc. (The) Common Stock,$5.56,-0.09,-1.593%,1633623704.00,United States,1986,1101333,Finance,Investment Managers
GABC,German American Bancorp Inc. Common Stock,$44.97,-0.94,-2.047%,1689267291.00,United States,,134953,Finance,Major Banks
GAIN,Gladstone Investment Corporation Business Development Company,$15.32,-0.05,-0.325%,610072534.00,United States,2005,230763,Finance,Finance: Consumer Services
GAINZ,Gladstone Investment Corporation 4.875% Notes due 2028,$24.00,-0.0405,-0.168%,917261520.00,United States,,2094,Finance,Finance: Consumer Services
GAM,General American Investors Inc. Common Stock,$64.10,0.71,1.12%,1536836601.00,United States,,14144,Finance,Investment Managers
GASS,StealthGas Inc. Common Stock,$9.23,-0.42,-4.352%,343223882.00,Greece,2005,157943,Consumer Discretionary,Marine Transportation
GAU,Galiano Gold Inc.,$2.23,0.12,5.687%,582506694.00,Canada,,3939002,Industrials,Mining & Quarrying of Nonmetallic Minerals (No Fuels)
GBAB,Guggenheim Taxable Municipal Bond & Investment Grade Debt Trust Common Shares of Beneficial Interest,$14.11,-0.06,-0.423%,316020330.00,United States,2010,52600,Finance,Investment Managers
GBFH,GBank Financial Holdings Inc. Common Stock,$30.20,-2.11,-6.53%,437004630.00,United States,,59367,Finance,Commercial Banks
GBLI,Global Indemnity Group LLC Class A Common Stock ,$26.00,0.21,0.814%,379837302.00,United States,,4294,Finance,Property-Casualty Insurers
GBX,Greenbrier Companies Inc. (The) Common Stock,$48.44,0.27,0.561%,1498665493.00,United States,1994,320625,Industrials,Railroads
GCBC,Greene County Bancorp Inc. Common Stock,$29.655,-0.515,-1.707%,504890758.00,United States,,31667,Finance,Banks
GCO,Genesco Inc. Common Stock,$39.19,-3.31,-7.788%,435282272.00,United States,,298350,Consumer Discretionary,Clothing/Shoe/Accessory Stores
GCT,GigaCloud Technology Inc Class A Ordinary Shares,$34.50,0.40,1.173%,1269168336.00,United States,2022,998323,Consumer Discretionary,Catalog/Specialty Distribution
GDOT,Green Dot Corporation Class A Common Stock $0.001 par value,$12.82,-0.27,-2.063%,726640997.00,United States,2010,342166,Finance,Finance: Consumer Services
GDRX,GoodRx Holdings Inc. Class A Common Stock,$2.73,0.08,3.019%,924583768.00,United States,2020,1163905,Technology,EDP Services
GDYN,Grid Dynamics Holdings Inc. Class A Common Stock,$6.35,0.03,0.475%,531025443.00,United States,2018,1069323,Technology,Computer Software: Prepackaged Software
GEGGL,Great Elm Group Inc.  7.25% Notes due 2027,$24.30,-0.1518,-0.621%,704621924.00,United States,,1882,Technology,Computer Software: Prepackaged Software
GEL,Genesis Energy L.P. Common Units,$14.44,-0.69,-4.56%,1768384752.00,United States,2001,1080805,Energy,Oil Refining/Marketing
GEMI,Gemini Space Station Inc. Class A Common Stock,$5.13,0.43,9.149%,611957356.00,United States,2025,2003432,Finance,Investment Bankers/Brokers/Service
GENB,Generate Biomedicines Inc. Common Stock,$13.58,1.20,9.693%,1740853933.00,United States,2026,619105,Health Care,Biotechnology: Pharmaceutical Preparations
GENI,Genius Sports Limited Ordinary Shares,$6.87,0.02,0.292%,1767308709.00,Guernsey,2021,4561885,Consumer Discretionary,Services-Misc. Amusement & Recreation
GENVR,Gen Digital Inc. Contingent Value Rights,$1.33,-0.19,-12.50%,801237026.00,United States,,6272,Technology,Computer Software: Prepackaged Software
GERN,Geron Corporation Common Stock,$1.15,0.00,0.00%,737749120.00,United States,1996,9844997,Health Care,Biotechnology: Pharmaceutical Preparations
GETY,Getty Images Holdings Inc. Class A Common Stock,$0.7459,0.0059,0.797%,312501700.00,United States,2022,1208828,Consumer Discretionary,Business Services
GEVO,Gevo Inc. Common Stock,$1.43,0.03,2.143%,348078200.00,United States,2011,3052112,Industrials,Major Chemicals
GFR,Greenfire Resources Ltd. Common Shares,$5.59,-0.17,-2.951%,701148110.00,Canada,,136574,Energy,Oil & Gas Production
GHM,Graham Corporation Common Stock,$107.57,3.68,3.542%,1257615930.00,United States,1978,385138,Industrials,Industrial Machinery/Components
GHRS,GH Research PLC Ordinary Shares,$20.37,-0.75,-3.551%,1396509634.00,Ireland,2021,159524,Health Care,Biotechnology: Pharmaceutical Preparations
GIC,Global Industrial Company Common Stock,$31.76,-0.08,-0.251%,1215172504.00,United States,,67950,Industrials,Industrial Machinery/Components
GIII,G-III Apparel Group LTD. Common Stock,$34.63,-0.65,-1.842%,1461059543.00,United States,1989,647673,Consumer Discretionary,Apparel
GILT,Gilat Satellite Networks Ltd. Ordinary Shares,$14.30,-0.70,-4.667%,1079234556.00,Israel,,1288690,Technology,Radio And Television Broadcasting And Communications Equipment
GLAD,Gladstone Capital Corporation Common Stock,$19.11,-0.28,-1.444%,431753549.00,United States,2001,184417,Consumer Discretionary,Textiles
GLIBA,Liberty Capital Corporation Series A GCI Group Common Stock,$21.44,-1.00,-4.456%,855563071.00,United States,,41413,Telecommunications,Cable & Other Pay Television Services
GLIBK,Liberty Capital Corporation Series C GCI Group Common Stock,$21.62,-1.04,-4.59%,862745970.00,United States,,772769,Telecommunications,Cable & Other Pay Television Services
GLOB,Globant S.A. Common Shares,$36.87,-0.62,-1.654%,1592030230.00,United States,2014,1040874,Technology,EDP Services
GLOO,Gloo Holdings Inc. Class A Common Stock,$4.62,0.05,1.094%,379351235.00,United States,2025,246591,Technology,EDP Services
GLP,Global Partners LP Common Units representing Limited Partner Interests,$45.61,-1.52,-3.225%,1550537628.00,United States,2005,141767,Energy,Oil Refining/Marketing
GLRE,Greenlight Capital Re Ltd. Class A Ordinary Shares,$16.06,-0.05,-0.31%,532653155.00,Cayman Islands,2007,234640,Finance,Property-Casualty Insurers
GLSI,Greenwich LifeSciences Inc. Common Stock,$23.41,-0.65,-2.702%,343616849.00,United States,2020,59601,Health Care,Biotechnology: Pharmaceutical Preparations
GLUE,Monte Rosa Therapeutics Inc. Common Stock,$18.12,-0.115,-0.631%,1530767054.00,United States,2021,745324,Health Care,Biotechnology: Biological Products (No Diagnostic Substances)
GMRS,GMR Solutions Inc. Class A Common Stock,$12.03,-0.32,-2.591%,649760883.00,,2026,646186,Consumer Discretionary,Transportation Services
GMTL,Guardian Metal Resources PLC ADS,$15.40,0.25,1.65%,597544578.00,,2026,221906,Basic Materials,Metal Mining
GNE,Genie Energy Ltd. Class B Common Stock Stock,$13.91,-0.18,-1.278%,367275481.00,United States,2011,102628,Utilities,Power Generation
GNK,Genco Shipping & Trading Limited Ordinary Shares New (Marshall Islands),$23.77,-0.29,-1.205%,1035826502.00,United States,,260248,Consumer Discretionary,Marine Transportation
GNL,Global Net Lease Inc. Common Stock,$9.33,-0.11,-1.165%,1977320438.00,United States,2015,3162547,Real Estate,Real Estate Investment Trusts
GO,Grocery Outlet Holding Corp. Common Stock,$9.62,0.04,0.418%,951636105.00,United States,2019,2471031,Consumer Staples,Food Chains
GOGO,Gogo Inc. Common Stock,$3.62,-0.04,-1.093%,489563453.00,United States,2013,1848003,Consumer Discretionary,Telecommunications Equipment
GOLD,Gold.com Inc. Common Stock,$43.66,-0.57,-1.289%,1266330969.00,United States,,420564,Industrials,Other Specialty Stores
GOOD,Gladstone Commercial Corporation Real Estate Investment Trust,$12.32,-0.22,-1.754%,596374154.00,United States,2003,986512,Real Estate,Real Estate
GOODN,Gladstone Commercial Corporation 6.625% Series E Cumulative Redeemable Preferred Stock,$22.43,-0.35,-1.536%,1085768853.00,United States,,1071,Real Estate,Real Estate
GOODO,Gladstone Commercial Corporation 6.00% Series G Cumulative Redeemable Preferred Stock par value $0.001 per share,$20.1201,-0.0371,-0.184%,973953540.00,United States,,3864,Real Estate,Real Estate
GOOS,Canada Goose Holdings Inc. Subordinate Voting Shares,$10.09,0.00,0.00%,980167240.00,,2017,311768,Consumer Discretionary,Apparel
GOTU,Gaotu Techedu Inc. American Depositary Shares,$1.49,-0.03,-1.974%,355278345.00,China,2019,553715,Real Estate,Other Consumer Services
GPRE,Green Plains Inc. Common Stock,$14.39,-0.61,-4.067%,1007734204.00,United States,,1737020,Industrials,Major Chemicals
GPRK,Geopark Ltd Common Shares,$10.19,-1.01,-9.018%,526896348.00,Bermuda,2014,625413,Energy,Oil & Gas Production
GREEL,Greenidge Generation Holdings Inc. 8.50% Senior Notes due 2026,$22.4058,1.0058,4.70%,351175447.00,United States,,10080,Finance,Finance: Consumer Services
GRNT,Granite Ridge Resources Inc. Common Stock,$4.70,-0.22,-4.472%,619911153.00,United States,2022,902196,Energy,Oil & Gas Production
GROY,Gold Royalty Corp. Common Shares,$2.98,0.10,3.472%,758238221.00,Canada,2021,2003539,Basic Materials,Precious Metals
GRPN,Groupon Inc. Common Stock,$17.45,0.44,2.587%,662820451.00,United States,2011,1028301,Consumer Discretionary,Advertising
GRRR,Gorilla Technology Group Inc. Ordinary shares,$17.49,0.09,0.517%,485478220.00,Taiwan,,836831,Technology,Computer Software: Prepackaged Software
GRVY,GRAVITY Co. Ltd. American Depository Shares,$56.55,-0.17,-0.30%,392960295.00,South Korea,2005,45062,Consumer Discretionary,Business Services
GSBC,Great Southern Bancorp Inc. Common Stock,$74.47,-1.39,-1.832%,811216827.00,United States,1989,58895,Finance,Major Banks
GSBD,Goldman Sachs BDC Inc. Common Stock,$9.27,0.03,0.325%,1043515251.00,United States,2015,872236,Finance,Investment Managers
GSHD,Goosehead Insurance Inc. Class A Common Stock,$36.05,-0.77,-2.091%,1283598247.00,United States,2018,450037,Finance,Specialty Insurers
GSIT,GSI Technology Common Stock,$8.07,0.18,2.281%,308649844.00,United States,2007,1145647,Technology,Semiconductors
GSL,Global Ship Lease Inc New Class A Common Shares,$39.34,-0.73,-1.822%,1413023719.00,United Kingdom,,346336,Consumer Discretionary,Marine Transportation
GSM,Ferroglobe PLC Ordinary Shares,$3.98,-0.11,-2.689%,743704858.00,United Kingdom,,2130972,Basic Materials,Metal Mining
GT,The Goodyear Tire & Rubber Company Common Stock,$6.59,0.19,2.969%,1894220578.00,United States,,11961234,Consumer Discretionary,Automotive Aftermarket
GTM,ZoomInfo Technologies Inc Common Stock,$2.84,0.03,1.068%,836999217.00,United States,2020,9966545,Technology,Computer Software: Prepackaged Software
GTN,Gray Media Inc. Common Stock,$3.80,-0.12,-3.061%,390406129.00,United States,,1784424,Industrials,Broadcasting
GTY,Getty Realty Corporation Common Stock,$33.07,-0.32,-0.958%,1999644616.00,United States,,649239,Finance,Real Estate
GUT,Gabelli Utility Trust (The) Common Stock,$6.30,-0.06,-0.943%,462413883.00,United States,,176083,Finance,Trusts Except Educational Religious and Charitable
GYRE,Gyre Therapeutics Inc. Common Stock,$5.86,-0.07,-1.18%,568585967.00,United States,2006,57140,Health Care,Biotechnology: Pharmaceutical Preparations
HAFC,Hanmi Financial Corporation Common Stock,$31.10,-0.65,-2.047%,925736129.00,United States,,189752,Finance,Major Banks
HBCP,Home Bancorp Inc. Common Stock,$66.56,-1.52,-2.233%,522005519.00,United States,2008,45969,Finance,Banks
HBNB,Hotel101 Global Holdings Corp. Class A Ordinary Shares,$5.28,0.045,0.86%,1235690998.00,Singapore,,11343,Consumer Discretionary,Hotels/Resorts
HBNC,Horizon Bancorp Inc. Common Stock,$19.32,-0.43,-2.177%,991691040.00,United States,,699358,Finance,Major Banks
HBT,HBT Financial Inc. Common Stock,$29.99,-0.60,-1.961%,1091068529.00,United States,2019,147494,Finance,Major Banks
HCM,HUTCHMED (China) Limited American Depositary Shares,$10.83,-0.13,-1.186%,1889461625.00,Hong Kong,2016,25077,Health Care,Biotechnology: Pharmaceutical Preparations
HCMA,HCM III Acquisition Corp. Class A Ordinary Share,$10.28,0.02,0.195%,814616734.00,United States,2025,40442,Consumer Discretionary,Hotels/Resorts
HCSG,Healthcare Services Group Inc. Common Stock,$22.29,-0.085,-0.38%,1530101775.00,United States,1983,649824,Health Care,Hospital/Nursing Management
HDL,SUPER HI INTERNATIONAL HOLDING LTD. American Depositary Shares,$13.73,0.00,0.00%,892860527.00,Singapore,2024,84,Consumer Discretionary,Restaurants
HELE,Helen of Troy Limited Common Stock,$28.79,-1.07,-3.583%,669589327.00,Bermuda,,391017,Consumer Discretionary,Home Furnishings
HEPS,D-Market Electronic Services & Trading American Depositary Shares,$2.77,-0.03,-1.071%,989513804.00,Turkey,2021,46403,Consumer Discretionary,Catalog/Specialty Distribution
HFWA,Heritage Financial Corporation Common Stock,$28.44,-0.60,-2.066%,1172263155.00,United States,,236182,Finance,Banks
HIFS,Hingham Institution for Savings Common Stock,$288.94,-5.16,-1.755%,620469756.00,United States,,27224,Finance,Banks
HIPO,Hippo Holdings Inc. Common Stock,$25.24,-0.30,-1.175%,657146545.00,United States,2021,77564,Finance,Property-Casualty Insurers
HIVE,HIVE Digital Technologies Ltd. Common Shares,$3.96,0.23,6.166%,1059026051.00,Canada,,20631588,Finance,Finance: Consumer Services
HLF,Herbalife Ltd. Common Shares,$11.97,-0.12,-0.993%,1240922910.00,Cayman Islands,2004,1767819,Health Care,Other Pharmaceuticals
HLIT,Harmonic Inc. Common Stock,$15.07,0.14,0.938%,1635041291.00,United States,1995,2354471,Technology,Radio And Television Broadcasting And Communications Equipment
HLLY,Holley Inc. Common Stock,$2.60,0.05,1.961%,315805355.00,United States,2020,658084,Consumer Discretionary,Auto Parts:O.E.M.
HLMN,Hillman Solutions Corp. Common Stock,$7.98,0.26,3.368%,1565752656.00,United States,2020,1496157,Consumer Discretionary,Industrial Machinery/Components
HLX,Helix Energy Solutions Group Inc. Common Stock,$9.49,-0.25,-2.567%,1397839913.00,United States,,1369058,Energy,Oilfield Services/Equipment
HMH,HMH Holding Inc. Class A Common Stock,$19.84,-1.03,-4.935%,873008092.00,United States,2026,161517,Consumer Discretionary,Oil and Gas Field Machinery
HMN,Horace Mann Educators Corporation Common Stock,$48.30,-0.56,-1.146%,1950410608.00,United States,1991,416076,Finance,Property-Casualty Insurers
HNRG,Hallador Energy Company Common Stock,$16.45,0.01,0.061%,775294948.00,United States,,697459,Utilities,Electric Utilities: Central
HNST,The Honest Company Inc. Common Stock,$3.58,-0.04,-1.105%,394081442.00,United States,2021,1668924,Consumer Discretionary,Catalog/Specialty Distribution
HOPE,Hope Bancorp Inc. Common Stock,$13.02,-0.17,-1.289%,1664462257.00,United States,,933569,Finance,Major Banks
HOV,Hovnanian Enterprises Inc. Class A Common Stock,$119.85,-0.87,-0.721%,702272700.00,United States,1983,89011,Consumer Discretionary,Homebuilding
HPK,HighPeak Energy Inc. Common Stock,$7.63,-0.22,-2.803%,964112334.00,United States,,1313768,Energy,Oil & Gas Production
HPP,Hudson Pacific Properties Inc. Common Stock,$15.15,-0.14,-0.916%,821766664.00,United States,2010,969065,Finance,Real Estate
HQ,Horizon Quantum Holdings Ltd. Class A Ordinary Shares,$17.82,6.91,63.336%,919122348.00,Singapore,,6238204,Technology,EDP Services
HQH,abrdn Healthcare Investors Shares of Beneficial Interest,$19.52,0.17,0.879%,924149532.00,United States,1987,178558,Finance,Finance Companies
HQL,abrdn Life Sciences Investors Shares of Beneficial Interest,$17.16,0.21,1.239%,440662554.00,United States,1992,92505,Finance,Investment Managers
HQWWW,Horizon Quantum Holdings Ltd. Warrant,$6.28,3.6699,140.604%,323910682.00,Singapore,,506237,Technology,EDP Services
HRMY,Harmony Biosciences Holdings Inc. Common Stock,$34.18,-0.28,-0.813%,1978771666.00,United States,2020,985873,Health Care,Biotechnology: Pharmaceutical Preparations
HROW,Harrow Inc. Common Stock,$38.93,1.29,3.427%,1451119916.00,United States,,608786,Health Care,Biotechnology: Pharmaceutical Preparations
HRTG,Heritage Insurance Holdings Inc. Common Stock,$22.30,-0.15,-0.668%,676803328.00,United States,2014,381478,Finance,Property-Casualty Insurers
HRZN,Horizon Technology Finance Corporation Common Stock,$4.49,0.13,2.982%,306492388.00,United States,2010,862871,Finance,Finance: Consumer Services
HSHP,Himalaya Shipping Ltd. Common Shares,$14.95,-0.27,-1.774%,698912500.00,,2023,271110,Consumer Discretionary,Marine Transportation
HSLV,Highlander Silver Corp. Common Shares,$5.08,0.38,8.085%,1033390963.00,,,477552,,
HSTM,HealthStream Inc. Common Stock,$25.87,-0.26,-0.995%,755796914.00,United States,2000,151853,Technology,Computer Software: Programming Data Processing
HTB,HomeTrust Bancshares Inc. Common Stock,$47.78,-0.15,-0.313%,802959623.00,United States,,86139,Finance,Savings Institutions
HTFC,Horizon Technology Finance Corporation 6.25% Notes due 2027,$24.78,-0.241,-0.963%,1054282917.00,United States,2022,361,Finance,Finance: Consumer Services
HTLD,Heartland Express Inc. Common Stock,$15.82,-0.29,-1.80%,1225886991.00,United States,1986,811246,Industrials,Trucking Freight/Courier Services
HTT,High Templar Tech Limited American depositary shares each representing one Class A ordinary share,$3.00,0.00,0.00%,465850512.00,China,2017,385847,Finance,Finance: Consumer Services
HTZ,Hertz Global Holdings Inc Common Stock,$5.13,0.00,0.00%,1619872003.00,United States,,5682692,Consumer Discretionary,Rental/Leasing Companies
HTZWW,Hertz Global Holdings Inc Warrant,$2.47,-0.01,-0.403%,779938372.00,United States,,50559,Consumer Discretionary,Rental/Leasing Companies
HURN,Huron Consulting Group Inc. Common Stock,$107.11,-2.315,-2.116%,1736449004.00,United States,2004,224359,Consumer Discretionary,Professional Services
HUYA,HUYA Inc. American depositary shares each  representing one Class A ordinary share,$2.43,-0.04,-1.619%,543185909.00,United States,2018,1763539,Technology,Computer Software: Programming Data Processing
HVT,Haverty Furniture Companies Inc. Common Stock,$23.69,-0.04,-0.169%,381298913.00,United States,,73641,Consumer Discretionary,Other Specialty Stores
HWCPZ,Hancock Whitney Corporation 6.25% Subordinated Notes due 2060,$21.76,-0.1636,-0.746%,1844268321.00,United States,,19564,Finance,Major Banks
HY,Hyster-Yale Inc. Class A common stock,$37.64,0.46,1.237%,674354551.00,United States,,95580,Industrials,Construction/Ag Equipment/Trucks
HYLN,Hyliion Holdings Corp. Class A Common Stock,$7.41,0.01,0.135%,1321404848.00,United States,2019,5621725,Consumer Discretionary,Construction/Ag Equipment/Trucks
HZO,MarineMax Inc.  (FL) Common Stock,$34.29,0.29,0.853%,755345401.00,United States,1998,237309,Consumer Discretionary,Auto & Home Supply Stores
IART,Integra LifeSciences Holdings Corporation Common Stock,$17.46,-0.31,-1.745%,1358333926.00,United States,,891567,Health Care,Medical/Dental Instruments
IAUX,i-80 Gold Corp. Common Shares,$1.56,0.08,5.405%,1344799788.00,Canada,2022,20646126,Basic Materials,Precious Metals
IBCP,Independent Bank Corporation Common Stock,$34.61,-0.87,-2.452%,713179094.00,United States,,164697,Finance,Major Banks
IBEX,IBEX Limited Common Shares,$30.86,-0.06,-0.194%,413188120.00,Bermuda,2020,84509,Technology,EDP Services
IBTA,Ibotta Inc. Class A Common Stock,$32.23,0.85,2.709%,750152251.00,United States,2024,147720,Consumer Discretionary,Advertising
ICFI,ICF International Inc. Common Stock,$72.15,-0.61,-0.838%,1306216587.00,United States,2006,300505,Consumer Discretionary,Professional Services
IDR,Idaho Strategic Resources Inc. Common Stock,$38.29,1.90,5.221%,605359501.00,United States,2022,508033,Basic Materials,Precious Metals
IDT,IDT Corporation Class B Common Stock,$52.76,-1.87,-3.423%,1312065542.00,United States,,227855,Telecommunications,Telecommunications Equipment
IE,Ivanhoe Electric Inc. Common Stock,$11.39,0.36,3.264%,1802941244.00,Canada,2022,2596576,Basic Materials,Metal Mining
IGIC,International General Insurance Holdings Ltd. Ordinary Share,$25.01,-0.10,-0.398%,1071483822.00,Jordan,2018,61086,Finance,Property-Casualty Insurers
IHRT,iHeartMedia Inc. Class A Common Stock,$3.99,0.00,0.00%,603098064.00,United States,,810227,Consumer Discretionary,Broadcasting
IIIN,Insteel Industries Inc. Common Stock,$29.19,0.30,1.038%,567256480.00,United States,,329479,Industrials,Steel/Iron Ore
IIIV,i3 Verticals Inc. Class A Common Stock,$19.59,-1.03,-4.995%,547178359.00,United States,2018,334342,Technology,Computer Software: Prepackaged Software
IIM,Invesco Value Municipal Income Trust Common Stock,$12.55,-0.06,-0.476%,590708909.00,United States,,101914,Finance,Investment Managers
IIPR,Innovative Industrial Properties Inc. Common Stock,$60.50,0.01,0.017%,1740855435.00,United States,2016,378410,Finance,Real Estate
ILPT,Industrial Logistics Properties Trust Common Shares of Beneficial Interest,$8.91,-0.09,-1.00%,593989347.00,United States,2018,433419,Real Estate,Real Estate Investment Trusts
IMCR,Immunocore Holdings plc American Depositary Shares,$28.63,-0.33,-1.14%,1376769346.00,United Kingdom,2021,237254,Health Care,Biotechnology: Biological Products (No Diagnostic Substances)
IMKTA,Ingles Markets Incorporated Class A Common Stock,$88.32,-3.69,-4.01%,1677583288.00,United States,1987,147951,Consumer Staples,Food Chains
IMMX,Immix Biopharma Inc. Common Stock,$8.47,0.02,0.237%,591126518.00,United States,2021,970614,Health Care,Biotechnology: Pharmaceutical Preparations
IMPPP,Imperial Petroleum Inc. 8.75% Series A Cumulative Redeemable Perpetual Preferred Shares,$25.925,0.045,0.174%,1172164084.00,Greece,,718,Consumer Discretionary,Marine Transportation
IMSR,Terrestrial Energy Inc. Common Stock  ,$7.56,0.33,4.564%,800870520.00,United States,2024,1922148,,
IMTX,Immatics N.V. Ordinary Shares,$9.43,0.05,0.533%,1264530712.00,Germany,,163502,Health Care,Biotechnology: Biological Products (No Diagnostic Substances)
IMXI,International Money Express Inc. Common Stock,$14.78,-0.21,-1.401%,444796592.00,United States,2017,403584,Consumer Discretionary,Business Services
INBX,Inhibrx Biosciences Inc. Common Stock,$93.51,1.31,1.421%,1371902603.00,United States,,380137,Health Care,Biotechnology: Biological Products (No Diagnostic Substances)
INDI,indie Semiconductor Inc. Class A Common Stock,$4.13,0.03,0.732%,937112438.00,United States,,3843243,Technology,Semiconductors
INDP,Indaptus Therapeutics Inc. Common Stock,$3.69,0.11,3.073%,417864176.00,United States,,377303,Health Care,Biotechnology: Pharmaceutical Preparations
INMD,InMode Ltd. Ordinary Shares,$13.57,0.12,0.892%,859778238.00,Israel,2019,673038,Health Care,Biotechnology: Electromedical & Electrotherapeutic Apparatus
INN,Summit Hotel Properties Inc. Common Stock,$6.38,0.18,2.903%,691369198.00,United States,2011,5356929,Real Estate,Real Estate Investment Trusts
INNV,InnovAge Holding Corp. Common Stock,$9.16,0.05,0.549%,1243345360.00,United States,2021,331344,Health Care,Medical/Nursing Services
INR,Infinity Natural Resources Inc. Class A Common Stock,$12.65,-0.48,-3.656%,803677738.00,United States,2025,506665,Energy,Oil & Gas Production
INSP,Inspire Medical Systems Inc. Common Stock,$41.13,-1.57,-3.677%,1185084983.00,United States,2018,1041799,Health Care,Medical/Dental Instruments
INTA,Intapp Inc. Common Stock,$23.09,-0.81,-3.389%,1779352229.00,United States,2021,1355155,Technology,Computer Software: Prepackaged Software
INV,Innventure Inc. Common Stock,$6.01,0.40,7.13%,505108935.00,United States,,1372810,Finance,Blank Checks
INVA,Innoviva Inc. Common Stock,$22.42,-0.32,-1.407%,1654792153.00,United States,2004,709875,Health Care,Biotechnology: Pharmaceutical Preparations
INVX,Innovex International Inc. Common Stock,$28.17,-1.28,-4.346%,1936960073.00,United States,,338301,Consumer Discretionary,Oil and Gas Field Machinery
IONR,ioneer Ltd American Depositary Shares,$4.12,0.13,3.258%,312410705.00,Australia,,96875,Industrials,Mining & Quarrying of Nonmetallic Minerals (No Fuels)
IOVA,Iovance Biotherapeutics Inc. Common Stock,$4.03,-0.05,-1.225%,1799404656.00,United States,,12650028,Health Care,Biotechnology: Biological Products (No Diagnostic Substances)
IPI,Intrepid Potash Inc Common Stock,$35.86,-0.29,-0.802%,481708456.00,United States,2008,192785,Industrials,Mining & Quarrying of Nonmetallic Minerals (No Fuels)
IPSC,Century Therapeutics Inc. Common Stock,$2.30,0.05,2.222%,414816061.00,United States,2021,1081674,Health Care,Biotechnology: Biological Products (No Diagnostic Substances)
IPX,IperionX Limited American Depositary Share,$34.78,-1.27,-3.523%,1180377795.00,United States,,475907,Basic Materials,Other Metals and Minerals
IQ,iQIYI Inc. American Depositary Shares,$1.05,0.02,1.942%,1013275972.00,China,2018,2376721,Consumer Discretionary,Consumer Electronics/Video Chains
IQI,Invesco Quality Municipal Income Trust Common Stock,$10.03,-0.01,-0.10%,530424484.00,United States,,99484,Finance,Finance Companies
IRD,Opus Genetics Inc. Common Stock,$3.915,-0.125,-3.094%,323245244.00,United States,,642540,Health Care,Biotechnology: Pharmaceutical Preparations
IRMD,iRadimed Corporation Common Stock,$90.79,-2.81,-3.002%,1160571748.00,United States,2014,158223,Health Care,Medical/Dental Instruments
IRS,IRSA Inversiones Y Representaciones S.A. Global Depositary Shares (Each representing ten shares of Common Stock),$17.28,0.59,3.535%,1401057423.00,Argentina,,163198,Real Estate,Homebuilding
IRWD,Ironwood Pharmaceuticals Inc. Class A Common Stock,$3.69,0.04,1.096%,607423468.00,United States,2010,2003444,Health Care,Biotechnology: Pharmaceutical Preparations
ISBA,Isabella Bank Corporation Common stock,$41.43,-0.62,-1.474%,303788002.00,United States,,45966,Finance,Major Banks
ISOU,IsoEnergy Ltd. Common Shares,$11.28,0.98,9.515%,683894353.00,,2025,212875,,
ISSC,Innovative Solutions and Support Inc. Common Stock,$17.68,-0.80,-4.329%,316343767.00,United States,2000,461555,Technology,EDP Services
ISTR,Investar Holding Corporation Common Stock,$29.48,-0.67,-2.222%,406634886.00,United States,2014,136844,Finance,Major Banks
ITIC,Investors Title Company Common Stock,$252.26,-0.99,-0.391%,476265871.00,United States,,39983,Finance,Specialty Insurers
ITRG,Integra Resources Corp. Common Shares,$2.72,0.20,7.937%,550124518.00,,,6789952,Basic Materials,Precious Metals
ITRN,Ituran Location and Control Ltd. Ordinary Shares,$66.25,-0.07,-0.106%,1317949675.00,Israel,2005,108966,Technology,Electronic Components
IVA,Inventiva S.A. American Depository Shares,$3.76,-0.09,-2.338%,785868106.00,France,2020,350672,Health Care,Biotechnology: Pharmaceutical Preparations
IVR,INVESCO MORTGAGE CAPITAL INC Common Stock,$8.06,0.12,1.511%,748155548.00,United States,2009,2830077,Real Estate,Real Estate Investment Trusts
JANX,Janux Therapeutics Inc. Common Stock,$13.74,0.18,1.327%,837925024.00,United States,2021,574682,Health Care,Biotechnology: Pharmaceutical Preparations
JBGS,JBG SMITH Properties Common Shares ,$14.14,-0.58,-3.94%,1053636246.00,United States,2017,862311,Real Estate,Real Estate Investment Trusts
JBI,Janus International Group Inc. Common Stock,$5.28,-0.07,-1.308%,720152184.00,United States,2021,1751553,Industrials,Building Products
JBIO,Jade Biosciences Inc. Common Stock,$16.10,0.76,4.954%,794693988.00,United States,2021,1295806,Health Care,Biotechnology: Pharmaceutical Preparations
JBLU,JetBlue Airways Corporation Common Stock,$5.36,0.35,6.986%,1994021272.00,United States,2002,44664656,Consumer Discretionary,Air Freight/Delivery Services
JBSS,John B. Sanfilippo & Son Inc. Common Stock,$78.67,-0.76,-0.957%,919618865.00,United States,1991,76101,Consumer Staples,Specialty Foods
JCAP,Jefferson Capital Inc. Common Stock,$16.32,-0.04,-0.244%,904429381.00,United States,2025,340703,Finance,Finance Companies
JJSF,J & J Snack Foods Corp. Common Stock,$77.92,-1.65,-2.074%,1461266175.00,United States,1986,225852,Consumer Staples,Specialty Foods
JKS,JinkoSolar Holding Company Limited American Depositary Shares (each representing 4 Common Shares),$19.97,0.26,1.319%,1045832654.00,China,2010,750292,Technology,Semiconductors
JLHL,Julong Holding Limited Class A Ordinary Shares,$21.21,-2.79,-11.625%,454925485.00,China,2025,14394,Consumer Discretionary,Military/Government/Technical
JMIA,Jumia Technologies AG American Depositary Shares each representing two Ordinary Shares,$7.40,0.32,4.52%,916509262.00,,2019,1511404,Consumer Discretionary,Catalog/Specialty Distribution
JMSB,John Marshall Bancorp Inc. Common Stock,$21.77,0.06,0.276%,307223095.00,United States,,50766,Finance,Major Banks
JOUT,Johnson Outdoors Inc. Class A Common Stock,$46.46,-0.34,-0.726%,486654190.00,United States,,63527,Consumer Discretionary,Recreational Games/Products/Toys
JSM,Navient Corporation 6% Senior Notes due December 15 2043,$18.02,0.07,0.39%,1791747305.00,United States,,9403,Finance,Investment Bankers/Brokers/Service
KARO,Karooooo Ltd. Ordinary Shares,$49.08,1.81,3.829%,1516243164.00,Singapore,2021,77370,Technology,Computer Software: Prepackaged Software
KBDC,Kayne Anderson BDC Inc. Common Stock,$14.03,-0.49,-3.375%,930890528.00,,2024,386309,,
KDK,Kodiak AI Inc. Common Stock ,$6.08,-0.06,-0.977%,1212356025.00,United States,,2385863,Technology,EDP Services
KE,Kimball Electronics Inc. Common Stock,$25.63,-0.23,-0.889%,616373948.00,United States,,114364,Technology,Electrical Products
KELYA,Kelly Services Inc. Class A Common Stock,$11.62,-0.42,-3.488%,402855988.00,United States,,320132,Consumer Discretionary,Professional Services
KELYB,Kelly Services Inc. Class B Common Stock,$17.84,-0.0385,-0.215%,618498350.00,United States,,2218,Consumer Discretionary,Professional Services
KFRC,Kforce Inc. Common Stock,$47.67,-2.33,-4.66%,850051440.00,United States,1995,212061,Consumer Discretionary,Professional Services
KIDS,OrthoPediatrics Corp. Common Stock,$18.15,0.33,1.852%,466182641.00,United States,2017,164150,Health Care,Medical/Dental Instruments
KLC,KinderCare Learning Companies Inc. Common Stock,$3.99,-0.14,-3.39%,472528913.00,United States,2024,551162,Consumer Discretionary,Other Consumer Services
KMDA,Kamada Ltd. Ordinary Shares,$7.46,0.02,0.269%,430337978.00,Israel,2013,18653,Health Care,Biotechnology: Pharmaceutical Preparations
KMPB,Kemper Corporation 5.875% Fixed-Rate Reset Junior Subordinated Debentures due 2062,$23.84,0.06,0.252%,1403561691.00,United States,2022,3933,Finance,Property-Casualty Insurers
KMPR,Kemper Corporation,$25.56,0.54,2.158%,1504825370.00,United States,,1532588,Finance,Property-Casualty Insurers
KMTS,Kestra Medical Technologies Ltd. Common Stock,$20.405,-0.445,-2.134%,1191108268.00,United States,2025,292235,Health Care,Medical/Dental Instruments
KNOP,KNOT Offshore Partners LP Common Units representing Limited Partner Interests,$10.51,-0.29,-2.685%,353770194.00,United Kingdom,2013,52591,Consumer Discretionary,Marine Transportation
KODK,Eastman Kodak Company Common New,$9.47,-0.18,-1.865%,924272000.00,United States,,1036688,Consumer Discretionary,Industrial Machinery/Components
KOP,Koppers Holdings Inc. Common Stock,$44.40,0.99,2.281%,853893074.00,United States,2006,183963,Basic Materials,Forest Products
KOPN,Kopin Corporation Common Stock,$5.22,0.28,5.668%,954844018.00,United States,1992,5705851,Technology,Semiconductors
KOS,Kosmos Energy Ltd. Common Shares (DE),$2.54,-0.33,-11.498%,1506700756.00,Bermuda,2011,13590631,Energy,Oil & Gas Production
KREF,KKR Real Estate Finance Trust Inc. Common Stock,$7.20,-0.03,-0.415%,462963002.00,United States,2017,792116,Real Estate,Real Estate Investment Trusts
KRNT,Kornit Digital Ltd. Ordinary Shares,$16.02,0.25,1.585%,742374442.00,Israel,2015,196566,Industrials,Industrial Machinery/Components
KRNY,Kearny Financial Corp Common Stock,$8.58,-0.21,-2.389%,555461916.00,United States,2005,402852,Finance,Savings Institutions
KRO,Kronos Worldwide Inc Common Stock,$6.97,-0.07,-0.994%,801920219.00,United States,,198504,Basic Materials,Major Chemicals
KRP,Kimbell Royalty Partners Common Units Representing Limited Partner Interests,$14.82,-0.44,-2.883%,1597219424.00,United States,2017,1117088,Energy,Oil & Gas Production
KRT,Karat Packaging Inc. Common Stock,$29.93,-0.13,-0.432%,597514469.00,United States,2021,74025,Industrials,Plastic Products
KRUS,Kura Sushi USA Inc. Class A Common Stock,$50.31,1.33,2.715%,611159943.00,United States,2019,538041,Consumer Discretionary,Restaurants
KSS,Kohl's Corporation Common Stock,$17.20,-0.86,-4.762%,1950479880.00,United States,1992,6764649,Consumer Discretionary,Department/Specialty Retail Stores
KTF,DWS Municipal Income Trust,$9.20,0.04,0.437%,363408630.00,United States,1988,72310,Finance,Finance Companies
KURA,Kura Oncology Inc. Common Stock,$9.54,0.49,5.414%,846907442.00,United States,,1680658,Health Care,Biotechnology: Pharmaceutical Preparations
KW,Kennedy-Wilson Holdings Inc. Common Stock,$10.92,-0.01,-0.091%,1521191763.00,United States,,14593453,Finance,Real Estate
KWY,Kingsway Corporation Common Stock,$10.42,-0.01,-0.096%,301624239.00,Canada,,32462,Finance,Property-Casualty Insurers
KYIVW,Kyivstar Group Ltd. Warrant,$5.31,0.07,1.336%,1225885843.00,United Arab Emirates,,19123,Telecommunications,Telecommunications Equipment
KYN,Kayne Anderson Energy Infrastructure Fund Inc.,$13.70,-0.37,-2.63%,1865001961.00,United States,2004,442904,Finance,Finance/Investors Services
KYTX,Kyverna Therapeutics Inc. Common Stock,$8.15,0.095,1.179%,495480978.00,United States,2024,580981,Health Care,Biotechnology: Biological Products (No Diagnostic Substances)
LAB,Standard BioTools Inc. Common Stock,$0.8484,-0.0393,-4.427%,331188312.00,United States,2011,1892804,Industrials,Biotechnology: Laboratory Analytical Instruments
LAC,Lithium Americas Corp. Common Shares,$4.58,0.03,0.659%,1597602039.00,Canada,2023,8175178,Basic Materials,Metal Mining
LADR,Ladder Capital Corp Class A Common Stock,$10.11,-0.02,-0.197%,1290724329.00,United States,2014,848137,Real Estate,Real Estate Investment Trusts
LAES,SEALSQ Corp Ordinary Shares,$3.37,0.27,8.71%,750748377.00,Switzerland,,21318742,Technology,Semiconductors
LAND,Gladstone Land Corporation Common Stock,$8.85,-0.11,-1.228%,381758671.00,United States,2013,1101198,Real Estate,Real Estate Investment Trusts
LANDO,Gladstone Land Corporation 6.00% Series B Cumulative Redeemable Preferred Stock,$20.92,0.1562,0.752%,902417107.00,United States,,26244,Real Estate,Real Estate Investment Trusts
LANDP,Gladstone Land Corporation 6.00% Series C Cumulative Redeemable Preferred Stock,$20.49,0.10,0.49%,883868381.00,United States,,34358,Real Estate,Real Estate Investment Trusts
LAR,Lithium Argentina AG Common Shares,$9.77,0.13,1.349%,1600326000.00,Canada,2023,2009866,Basic Materials,Metal Mining
LBRX,LB Pharmaceuticals Inc Common Stock,$28.50,0.08,0.281%,817284582.00,United States,2025,202007,Health Care,Biotechnology: Pharmaceutical Preparations
LCTX,Lineage Cell Therapeutics Inc. Common Stock,$1.23,-0.04,-3.15%,306636903.00,United States,,1318230,Health Care,Biotechnology: Biological Products (No Diagnostic Substances)
LDI,loanDepot Inc. Class A Common Stock,$1.21,0.08,7.08%,408766918.00,United States,2021,2409931,Finance,Finance: Consumer Services
LE,Lands' End Inc. Common Stock,$12.33,-0.08,-0.645%,379034890.00,United States,,358859,Consumer Discretionary,Clothing/Shoe/Accessory Stores
LEG,Leggett & Platt Incorporated Common Stock,$10.77,0.17,1.604%,1469377551.00,United States,,1721625,Consumer Discretionary,Home Furnishings
LEGH,Legacy Housing Corporation Common Stock (TX),$24.65,-0.35,-1.40%,586216465.00,United States,2018,47458,Consumer Discretionary,Homebuilding
LEGO,Legato Merger Corp. IV Ordinary Shares,$9.91,0.02,0.202%,300342727.00,,2026,6546,Industrials,Steel/Iron Ore
LEO,BNY Mellon Strategic Municipals Inc. Common Stock,$6.43,0.05,0.784%,400530191.00,United States,1987,179780,Finance,Trusts Except Educational Religious and Charitable
LFMDP,LifeMD Inc. 8.875% Series A Cumulative Perpetual Preferred Stock,$23.3611,0.00,0.00%,1129801432.00,United States,,250,Health Care,Medical/Nursing Services
LGIH,LGI Homes Inc. Common Stock,$53.52,-0.53,-0.981%,1243391572.00,United States,2013,281197,Consumer Discretionary,Homebuilding
LIFE,Ethos Technologies Inc. Class A Common Stock,$16.455,0.845,5.413%,1036570581.00,United States,2026,453456,Finance,Specialty Insurers
LILA,Liberty Latin America Ltd. Class A Common Stock,$7.73,-0.43,-5.27%,1712504030.00,United States,,494424,Telecommunications,Cable & Other Pay Television Services
LILAK,Liberty Latin America Ltd. Class C Common Stock,$7.76,-0.44,-5.366%,1719150229.00,United States,,688905,Telecommunications,Cable & Other Pay Television Services
LINC,Lincoln Educational Services Corporation Common Stock,$44.80,-1.35,-2.925%,1421088614.00,United States,2005,620525,Real Estate,Other Consumer Services
LIND,Lindblad Expeditions Holdings Inc. Common Stock,$23.97,0.52,2.217%,1571744492.00,United States,2013,570887,Consumer Discretionary,Transportation Services
LKFN,Lakeland Financial Corporation Common Stock,$60.71,-1.12,-1.811%,1512503806.00,United States,,142377,Finance,Major Banks
LKFT,Lakefront Biotherapeutics American Depositary Shares,$28.66,-0.24,-0.83%,1888610055.00,Belgium,2015,383473,Health Care,Biotechnology: Pharmaceutical Preparations
LMB,Limbach Holdings Inc. Common Stock,$78.36,-0.73,-0.923%,934134810.00,United States,,162067,Consumer Discretionary,Engineering & Construction
LMRI,Lumexa Imaging Holdings Inc. Common Stock,$9.39,-0.25,-2.593%,902198102.00,United States,2025,784084,Health Care,Medical Specialities
LND,Brasilagro Brazilian Agric Real Estate Co Sponsored ADR (Brazil),$3.72,-0.02,-0.535%,381982412.00,Brazil,,49567,Consumer Staples,Farming/Seeds/Milling
LNN,Lindsay Corporation Common Stock,$114.80,-0.55,-0.477%,1193421194.00,United States,,198731,Industrials,Industrial Machinery/Components
LOB,Live Oak Bancshares Inc. Common Stock,$38.33,-0.70,-1.793%,1773237447.00,United States,2022,235552,Finance,Major Banks
LOCO,El Pollo Loco Holdings Inc. Common Stock,$15.57,-0.07,-0.448%,474188990.00,United States,2014,269023,Consumer Discretionary,Restaurants
LODE,Comstock Inc. Common Stock,$4.08,-0.02,-0.488%,309725383.00,United States,,1019855,Industrials,Major Chemicals
LOMA,Loma Negra Compania Industrial Argentina Sociedad Anonima ADS,$12.26,-0.29,-2.311%,1430700684.00,Argentina,2017,309010,Industrials,Building Materials
LOT,Lotus Technology Inc. American Depositary Shares,$1.21,0.02,1.681%,776928749.00,China,,15257,Industrials,Auto Manufacturing
LPG,Dorian LPG Ltd. Common Stock,$43.03,-2.16,-4.78%,1840938763.00,United States,2014,723078,Consumer Discretionary,Marine Transportation
LPTH,LightPath Technologies Inc. Class A Common Stock,$14.99,0.73,5.119%,941213211.00,United States,1996,3203998,Technology,Semiconductors
LQDT,Liquidity Services Inc. Common Stock,$37.88,-0.06,-0.158%,1181145030.00,United States,2006,138020,Consumer Discretionary,Business Services
LRMR,Larimar Therapeutics Inc. Common Stock,$3.59,0.12,3.458%,372939744.00,United States,2014,1670262,Health Care,Biotechnology: Pharmaceutical Preparations
LSAK,Lesaka Technologies Inc. Common Stock,$4.70,0.00,0.00%,402960248.00,South Africa,,752246,Finance,Investment Bankers/Brokers/Service
LSPD,Lightspeed Commerce Inc. Subordinate Voting Shares,$9.71,0.08,0.831%,1358204476.00,Canada,,1836528,Technology,Computer Software: Prepackaged Software
LTBR,Lightbridge Corporation Common Stock,$9.97,0.57,6.064%,350416198.00,United States,,943493,Consumer Discretionary,Professional Services
LTC,LTC Properties Inc. Common Stock,$36.63,-0.20,-0.543%,1874776733.00,United States,,608366,Real Estate,Real Estate Investment Trusts
LU,Lufax Holding Ltd American Depositary Shares each representing two (2) Ordinary Shares,$1.36,0.03,2.256%,1178696893.00,China,,956115,Finance,Finance: Consumer Services
LUCK,Lucky Strike Entertainment Corporation Class A Common Stock,$8.47,-0.29,-3.311%,1157189932.00,United States,2021,122208,Consumer Discretionary,Services-Misc. Amusement & Recreation
LUXE,LuxExperience B.V. American Depositary Shares each representing one Ordinary Share,$7.59,0.52,7.355%,1035080603.00,,2021,273160,Consumer Discretionary,Catalog/Specialty Distribution
LWAY,Lifeway Foods Inc. Common Stock,$24.73,-0.34,-1.356%,377921090.00,United States,,95110,Consumer Staples,Packaged Foods
LWLG,Lightwave Logic Inc. Common Stock,$10.08,0.49,5.109%,1553578407.00,United States,,4474219,Industrials,Containers/Packaging
LX,LexinFintech Holdings Ltd. American Depositary Shares,$2.13,0.01,0.472%,350999024.00,China,2017,1054988,Finance,Finance: Consumer Services
LXEO,Lexeo Therapeutics Inc. Common Stock,$4.65,0.28,6.407%,365125598.00,United States,2023,2464318,Health Care,Biotechnology: Biological Products (No Diagnostic Substances)
LXFR,Luxfer Holdings PLC Ordinary Shares,$18.01,-0.07,-0.387%,490532553.00,United Kingdom,2012,140592,Basic Materials,Major Chemicals
LXRX,Lexicon Pharmaceuticals Inc. Common Stock,$1.96,0.04,2.083%,870624924.00,United States,,2080426,Health Care,Biotechnology: Pharmaceutical Preparations
LXU,LSB Industries Inc. Common Stock,$11.93,-0.28,-2.293%,858230421.00,United States,2003,671415,Basic Materials,Major Chemicals
LYEL,Lyell Immunopharma Inc. Common Stock,$13.55,0.05,0.37%,316176879.00,United States,2021,82718,Health Care,Biotechnology: Pharmaceutical Preparations
LYTS,LSI Industries Inc. Common Stock,$25.20,-0.38,-1.486%,925152581.00,United States,1985,314885,Consumer Discretionary,Building Products
LZ,LegalZoom.com Inc. Common Stock,$5.98,0.07,1.184%,1026453629.00,United States,2021,2179735,Technology,EDP Services
LZB,La-Z-Boy Incorporated Common Stock,$37.78,-0.71,-1.845%,1546097764.00,United States,,458139,Consumer Discretionary,Home Furnishings
LZM,Lifezone Metals Limited Ordinary Shares,$4.07,0.14,3.562%,342708799.00,Isle of Man,,594908,Basic Materials,Metal Mining
MAGN,Magnera Corporation Common Stock,$12.63,0.00,0.00%,452154000.00,United States,2000,641997,Basic Materials,Paper
MAKO,Mako Mining Corp Common Stock,$7.94,0.35,4.611%,695263297.00,Canada,,129016,,
MAMA,Mama's Creations Inc. Common Stock,$14.99,0.08,0.537%,610192938.00,United States,,485386,Consumer Staples,Specialty Foods
MAN,ManpowerGroup Common Stock,$33.35,-0.65,-1.912%,1551019856.00,United States,,932645,Consumer Discretionary,Professional Services
MASS,908 Devices Inc. Common Stock,$8.62,0.35,4.232%,325953413.00,United States,2020,159368,Industrials,Industrial Machinery/Components
MATV,Mativ Holdings Inc. Common Stock,$8.12,-0.01,-0.123%,447553515.00,United States,,385606,Basic Materials,Paper
MATW,Matthews International Corporation Class A Common Stock,$26.43,-0.39,-1.454%,824680436.00,United States,1994,207367,Telecommunications,Metal Fabrications
MAX,MediaAlpha Inc. Class A Common Stock,$9.84,0.39,4.127%,613528152.00,United States,2020,797212,Consumer Discretionary,Business Services
MAZE,Maze Therapeutics Inc. Common Stock,$24.27,0.22,0.915%,1343229484.00,United States,2025,635396,Health Care,Biotechnology: Biological Products (No Diagnostic Substances)
MBC,MasterBrand Inc. Common Stock,$9.17,0.29,3.266%,1173618690.00,United States,2022,2883544,Consumer Discretionary,Home Furnishings
MBI,MBIA Inc. Common Stock,$6.15,-0.02,-0.324%,313244340.00,United States,1987,166641,Finance,Property-Casualty Insurers
MBINL,Merchants Bancorp Depositary Shares Each Representing a 1/40thInterest in a Share of 7.25% Fixed Rate Series E Non-CumulativePerpetual Preferred Stock without par value,$24.57,0.3465,1.43%,1128632975.00,United States,,10974,Finance,Major Banks
MBINM,Merchants Bancorp Depositary Shares Each Representing a 1/40th Interest in a Share of 8.25% Fixed-Rate Reset Series D Non-Cumulative Perpetual Preferred Stock,$25.35,0.2955,1.179%,1164462593.00,United States,,16672,Finance,Major Banks
MBINN,Merchants Bancorp Depositary Shares Preferred Series C,$20.25,0.35,1.759%,930192012.00,United States,,5077,Finance,Major Banks
MBUU,Malibu Boats Inc. Class A Common Stock,$27.69,-0.19,-0.681%,543749998.00,United States,2014,340461,Industrials,Marine Transportation
MBWM,Mercantile Bank Corporation Common Stock,$53.76,-1.44,-2.609%,928670400.00,United States,1998,128229,Finance,Major Banks
MBX,MBX Biosciences Inc. Common Stock,$38.98,3.47,9.772%,1855351953.00,United States,2024,1258910,Health Care,Biotechnology: Pharmaceutical Preparations
MCB,Metropolitan Bank Holding Corp. Common Stock,$94.76,-1.87,-1.935%,1174530964.00,United States,2017,68101,Finance,Major Banks
MCBS,MetroCity Bankshares Inc. Common Stock,$33.82,-0.48,-1.399%,969282620.00,United States,2019,78473,Finance,Major Banks
MCFT,MasterCraft Boat Holdings Inc. Common Stock,$22.86,-0.36,-1.55%,372158285.00,United States,2015,139801,Industrials,Marine Transportation
MCI,Barings Corporate Investors Common Stock,$17.94,0.14,0.787%,363495239.00,United States,,36283,Finance,Trusts Except Educational Religious and Charitable
MCS,Marcus Corporation (The) Common Stock,$22.03,-0.41,-1.827%,676945176.00,United States,,159999,Consumer Discretionary,Movies/Entertainment
MDXG,MiMedx Group Inc Common Stock,$3.68,0.08,2.222%,548120290.00,United States,,1077235,Health Care,Biotechnology: Pharmaceutical Preparations
MEC,Mayville Engineering Company Inc. Common Stock,$34.74,-0.74,-2.086%,711961768.00,United States,2019,781517,Industrials,Industrial Specialties
MEI,Methode Electronics Inc. Common Stock,$12.05,0.03,0.25%,426936573.00,United States,,397412,Technology,Electrical Products
MESO,Mesoblast Limited American Depositary Shares,$13.76,-0.17,-1.22%,1776143813.00,Australia,2015,123971,Health Care,Biotechnology: Biological Products (No Diagnostic Substances)
METC,Ramaco Resources Inc. Class A Common Stock,$14.67,-0.59,-3.866%,963483702.00,United States,2017,885499,Energy,Coal Mining
METCB,Ramaco Resources Inc. Class B Common Stock,$10.18,-1.25,-10.936%,668593326.00,United States,,59922,Energy,Coal Mining
MFA,MFA Financial Inc.,$9.35,-0.07,-0.743%,949924769.00,United States,,1619295,Real Estate,Real Estate Investment Trusts
MFI,mF International Limited Class A Ordinary Shares,$6.98,-0.12,-1.69%,350231684.00,Hong Kong,2024,1867,Technology,EDP Services
MFIC,MidCap Financial Investment Corporation Common Stock,$10.06,-0.11,-1.082%,828668638.00,United States,2004,710685,Finance,Finance/Investors Services
MG,Mistras Group Inc Common Stock,$18.50,-0.15,-0.804%,588608599.00,United States,2009,89351,Consumer Discretionary,Military/Government/Technical
MGPI,MGP Ingredients Inc.,$16.30,-0.20,-1.212%,348351163.00,United States,,198866,Consumer Staples,Beverages (Production/Distribution)
MGR,Affiliated Managers Group Inc. 5.875% Junior Subordinated Notes due 2059,$20.11,0.15,0.752%,571366587.00,United States,2019,26181,Finance,Investment Managers
MGRB,Affiliated Managers Group Inc. 4.750% Junior Subordinated Notes due 2060,$16.80,0.11,0.659%,477322658.00,United States,2020,5942,Finance,Investment Managers
MGRD,Affiliated Managers Group Inc. 4.200% Junior Subordinated Notes due 2061,$15.00,0.00,0.00%,426180945.00,United States,2021,13398,Finance,Investment Managers
MGRE,Affiliated Managers Group Inc. 6.750% Junior Subordinated Notes due 2064,$23.43,0.00,0.00%,665694636.00,United States,2024,27074,Finance,Investment Managers
MGRT,Mega Fortune Company Limited Ordinary Shares,$73.58,-0.43,-0.581%,1011725000.00,Hong Kong,2025,5893,Technology,EDP Services
MGTX,MeiraGTx Holdings plc Ordinary Shares,$9.75,0.16,1.668%,902942781.00,United States,2018,634679,Health Care,Biotechnology: Biological Products (No Diagnostic Substances)
MH,McGraw Hill Inc. Common Stock,$10.29,-1.47,-12.50%,1968231769.00,,2025,1258448,Consumer Discretionary,Publishing
MHD,Blackrock MuniHoldings Fund Inc. Common Stock,$11.75,0.01,0.085%,1747959034.00,United States,1997,201513,Finance,Investment Bankers/Brokers/Service
MITK,Mitek Systems Inc. Common Stock,$16.57,0.12,0.729%,748282161.00,United States,,601635,Technology,Computer peripheral equipment
MITN,TPG Mortgage Investment Trust Inc. 9.500% Senior Notes due 2029,$25.3849,0.0449,0.177%,748676450.00,United States,2024,1729,Real Estate,Real Estate Investment Trusts
MITP,TPG Mortgage Investment Trust Inc. 9.500% Senior Notes due 2029,$25.34,0.125,0.496%,747352215.00,United States,2024,13260,Real Estate,Real Estate Investment Trusts
MIY,Blackrock MuniYield Michigan Quality Fund Inc. Common Stock,$12.08,-0.19,-1.548%,1797050650.00,United States,1992,242726,Finance,Investment Bankers/Brokers/Service
MLAB,Mesa Laboratories Inc. Common Stock,$104.08,-1.40,-1.327%,575034818.00,United States,,559054,Industrials,Industrial Machinery/Components
MLKN,MillerKnoll Inc. Common Stock,$15.59,-0.65,-4.002%,1065962072.00,United States,,681605,Consumer Discretionary,Office Equipment/Supplies/Services
MLP,Maui Land & Pineapple Company Inc. Common Stock,$17.80,-0.48,-2.626%,353589987.00,United States,1998,14686,Finance,Real Estate
MLR,Miller Industries Inc. Common Stock,$49.06,0.45,0.926%,559073827.00,United States,,43083,Consumer Discretionary,Construction/Ag Equipment/Trucks
MLTX,MoonLake Immunotherapeutics Class A Ordinary Shares,$19.19,0.50,2.675%,1412679449.00,United States,2020,576175,Health Care,Biotechnology: Pharmaceutical Preparations
MLYS,Mineralys Therapeutics Inc. Common Stock,$23.92,0.30,1.27%,1973354576.00,United States,2023,1758307,Health Care,Biotechnology: Pharmaceutical Preparations
MMI,Marcus & Millichap Inc. Common Stock,$29.42,-0.74,-2.454%,1112717591.00,United States,2013,204900,Finance,Real Estate
MNKD,MannKind Corporation Common Stock,$4.00,0.34,9.29%,1235800664.00,United States,2004,5604389,Health Care,Biotechnology: Pharmaceutical Preparations
MNPR,Monopar Therapeutics Inc. Common Stock,$61.47,1.70,2.844%,411791341.00,United States,2019,154209,Health Care,Biotechnology: Pharmaceutical Preparations
MNRO,Monro Inc. Common Stock,$16.25,0.30,1.881%,487910573.00,United States,1991,1394909,Consumer Discretionary,Automotive Aftermarket
MNTN,MNTN Inc. Class A Common Stock,$8.86,0.18,2.074%,691240906.00,United States,2025,2032993,Consumer Discretionary,Advertising
MOBI,Mobia Medical Inc. Common Stock,$11.01,-1.30,-10.561%,366071556.00,United States,2026,333782,Health Care,Medical/Dental Instruments
MOMO,Hello Group Inc. American Depositary Shares,$5.79,0.11,1.937%,855457452.00,China,2014,684517,Technology,Computer Software: Prepackaged Software
MOV,Movado Group Inc. Common Stock,$37.14,-1.54,-3.981%,825519434.00,United States,,381036,Consumer Discretionary,Consumer Specialties
MPB,Mid Penn Bancorp Common Stock,$33.59,-0.67,-1.956%,851336602.00,United States,,170595,Finance,Major Banks
MPLT,MapLight Therapeutics Inc. Common Stock,$27.96,0.21,0.757%,1267865101.00,United States,2025,205002,Health Care,Biotechnology: Pharmaceutical Preparations
MPTI,M-tron Industries Inc. Common Stock,$99.42,0.81,0.821%,429637863.00,United States,2022,135035,Technology,Industrial Machinery/Components
MQ,Marqeta Inc. Class A Common Stock,$3.89,0.06,1.567%,1649477918.00,United States,2021,4489533,Technology,Computer Software: Prepackaged Software
MQY,Blackrock MuniYield Quality Fund Inc. Common Stock,$11.44,0.02,0.175%,1701842668.00,United States,1992,404044,Finance,Investment Bankers/Brokers/Service
MRAM,Everspin Technologies Inc. Common Stock,$27.85,3.44,14.093%,653015019.00,United States,2016,3502229,Technology,Semiconductors
MRLN,Merlin Inc. Common Stock,$6.99,0.18,2.643%,674703123.00,United States,2024,2232729,Technology,EDP Services
MRTN,Marten Transport Ltd. Common Stock,$17.77,-0.39,-2.148%,1449838929.00,United States,1986,645984,Industrials,Trucking Freight/Courier Services
MRVI,Maravai LifeSciences Holdings Inc. Class A Common Stock,$4.96,-0.02,-0.402%,1280623610.00,United States,2020,2916042,Health Care,Biotechnology: Pharmaceutical Preparations
MSB,Mesabi Trust Common Stock,$25.13,-0.75,-2.898%,329705851.00,United States,,69173,Industrials,Precious Metals
MSBI,Midland States Bancorp Inc. Common Stock,$29.49,-0.67,-2.221%,611321773.00,United States,2016,127158,Finance,Major Banks
MSBIP,Midland States Bancorp Inc. Depositary Shares Each Representing a 1/40th Interest in a Share of 7.750% Fixed-Rate Reset Non-Cumulative Perpetual Preferred Stock Series A,$25.40,0.5244,2.108%,526536895.00,United States,,4608,Finance,Major Banks
MSC,Studio City International Holdings Limited American depositary shares each representing four  Class A ordinary shares,$2.09,-0.22,-9.524%,440396680.00,,2018,252151,Consumer Discretionary,Hotels/Resorts
MSEX,Middlesex Water Company Common Stock,$52.71,-0.235,-0.444%,981688382.00,United States,,133421,Utilities,Water Supply
MSIF,MSC Income Fund Inc. Common Stock,$11.69,-0.27,-2.258%,530085727.00,,2025,328333,Finance,Finance/Investors Services
MTA,Metalla Royalty & Streaming Ltd. Common Shares,$7.66,0.35,4.788%,715771557.00,,,472440,Basic Materials,Precious Metals
MTAL,Metals Acquisition Corp. II Class A Ordinary Shares,$10.22,0.07,0.69%,842761987.00,,2026,19664,Basic Materials,Metal Mining
MTLS,Materialise NV American Depositary Shares,$6.67,0.01,0.15%,393978131.00,Belgium,2014,91926,Technology,Computer Software: Prepackaged Software
MTRX,Matrix Service Company Common Stock,$13.90,0.19,1.386%,391060515.00,United States,1990,343045,Consumer Discretionary,Engineering & Construction
MTUS,Metallus Inc. Common Shares,$20.10,-0.38,-1.855%,836718901.00,United States,2014,287097,Industrials,Steel/Iron Ore
MTW,Manitowoc Company Inc. (The) Common Stock,$12.58,0.12,0.963%,451742567.00,United States,,161158,Industrials,Construction/Ag Equipment/Trucks
MUA,Blackrock MuniAssets Fund Inc Common Stock,$10.69,-0.05,-0.466%,1590270815.00,United States,1993,51467,Finance,Investment Bankers/Brokers/Service
MUC,Blackrock MuniHoldings California Quality Fund Inc.  Common Stock,$10.75,0.01,0.093%,1599196563.00,United States,1998,555705,Finance,Investment Bankers/Brokers/Service
MUJ,Blackrock MuniHoldings New Jersey Quality Fund Inc. Common Stock,$12.34,-0.02,-0.162%,1835728892.00,United States,1998,36772,Finance,Investment Bankers/Brokers/Service
MUX,McEwen Inc. Common Stock,$20.10,1.19,6.293%,1204690686.00,Canada,,1431862,Basic Materials,Precious Metals
MVBF,MVB Financial Corp. Common Stock,$27.67,-0.75,-2.639%,355556761.00,United States,,57342,Finance,Major Banks
MVST,Microvast Holdings Inc. Common Stock,$1.29,0.16,14.159%,429773025.00,United States,2019,6461160,Miscellaneous,Industrial Machinery/Components
MYE,Myers Industries Inc. Common Stock,$26.84,-0.26,-0.959%,1008038522.00,United States,1983,645010,Industrials,Plastic Products
MYGN,Myriad Genetics Inc. Common Stock,$4.32,-0.01,-0.231%,408016267.00,United States,1995,1128318,Health Care,Biotechnology: In Vitro & In Vivo Diagnostic Substances
MYI,Blackrock MuniYield Quality Fund III Inc Common Stock,$10.91,-0.04,-0.365%,1622998559.00,United States,,280266,Finance,Investment Bankers/Brokers/Service
NABL,N-able Inc. Common Stock,$3.16,-0.05,-1.558%,595275396.00,United States,2021,2018002,Technology,Computer Software: Prepackaged Software
NAK,Northern Dynasty Minerals Ltd. Common Stock,$2.20,0.16,7.843%,1232684556.00,Canada,,9040561,Basic Materials,Precious Metals
NAT,Nordic American Tankers Limited Common Stock,$5.44,-0.12,-2.158%,1151923607.00,Bermuda,1995,4266070,Consumer Discretionary,Marine Transportation
NATH,Nathan's Famous Inc. Common Stock,$101.95,0.01,0.01%,417424590.00,United States,1993,21098,Consumer Discretionary,Restaurants
NATR,Nature's Sunshine Products Inc. Common Stock,$20.04,-0.47,-2.292%,352400815.00,United States,,136961,Health Care,Biotechnology: Pharmaceutical Preparations
NAVI,Navient Corporation Common Stock,$7.97,0.00,0.00%,749020472.00,United States,,970439,Finance,Investment Bankers/Brokers/Service
NB,NioCorp Developments Ltd. Common Stock,$5.40,0.00,0.00%,786170059.00,United States,,3116080,Basic Materials,Metal Mining
NBBK,NB Bancorp Inc. Common Stock,$20.27,-0.35,-1.697%,906193924.00,United States,2023,179320,Finance,Banks
NBHC,National Bank Holdings Corporation Common Stock,$42.92,-0.82,-1.875%,1957112685.00,United States,2012,283281,Finance,Major Banks
NBN,Northeast Bank Common Stock,$126.14,-3.78,-2.909%,1025518200.00,United States,,162555,Finance,Major Banks
NBR,Nabors Industries Ltd.,$94.98,-6.65,-6.543%,1515614096.00,Bermuda,1951,304898,Energy,Oil & Gas Production
NBTX,Nanobiotix S.A. American Depositary Shares,$37.12,1.58,4.446%,1796981724.00,France,2020,118967,Health Care,Biotechnology: Pharmaceutical Preparations
NC,NACCO Industries Inc. Common Stock,$52.04,-1.29,-2.419%,392413344.00,United States,,5935,Energy,Coal Mining
NCDL,Nuveen Churchill Direct Lending Corp. Common Stock,$12.36,-0.41,-3.211%,610424123.00,United States,2024,261459,,
NCMI,National CineMedia Inc. Common Stock,$3.57,-0.06,-1.653%,334795632.00,United States,2007,281822,Consumer Discretionary,Advertising
NCNO,nCino Inc. Common Stock,$14.74,-0.58,-3.786%,1614810483.00,United States,2020,2502369,Technology,Computer Software: Prepackaged Software
NCV,Virtus Convertible & Income Fund Common Shares of Beneficial Interest,$17.24,0.04,0.233%,1558040330.00,United States,2003,81975,Finance,Finance Companies
NCZ,Virtus Convertible & Income Fund II Common Shares of Beneficial Interest,$15.70,0.07,0.448%,1195017259.00,United States,2003,59681,Finance,Finance Companies
NDMO,Nuveen Dynamic Municipal Opportunities Fund Common Shares of Beneficial Interest,$10.32,-0.04,-0.386%,613681215.00,,2020,110841,Finance,Trusts Except Educational Religious and Charitable
NECB,NorthEast Community Bancorp Inc. Common Stock,$25.385,-0.595,-2.29%,350704107.00,United States,2021,37675,Finance,Banks
NEGG,Newegg Commerce Inc. Common Shares,$18.60,0.07,0.378%,390105668.00,China,2010,88999,Consumer Discretionary,Other Specialty Stores
NEO,NeoGenomics Inc. Common Stock,$11.09,-0.06,-0.538%,1444048640.00,United States,,834092,Health Care,Precision Instruments
NEWP,New Pacific Metals Corp. Common Shares,$4.85,0.28,6.127%,897588797.00,Canada,2021,1384245,Basic Materials,Precious Metals
NEWT,NewtekOne Inc. Common Stock,$13.72,-0.28,-2.00%,395944396.00,United States,,248829,Finance,Major Banks
NEWTG,NewtekOne Inc. 8.50% Fixed Rate Senior Notes due 2029,$25.205,0.0834,0.332%,663442280.00,United States,,1712,Finance,Major Banks
NEWTI,NewtekOne Inc. 8.00% Fixed Rate Senior Notes due 2028,$25.385,0.195,0.774%,668180213.00,United States,,506,Finance,Major Banks
NEWTP,NewtekOne Inc. Depositary Shares Non-Cumulative Perpetual Preferred Stock Series B,$24.65,-0.10,-0.404%,711372403.00,United States,,246,Finance,Major Banks
NEXA,Nexa Resources S.A. Common Shares,$14.41,0.68,4.953%,1908445990.00,Luxembourg,2017,843104,Basic Materials,Metal Mining
NEXN,Nexxen International Ltd. Ordinary Shares,$8.69,0.11,1.282%,569739602.00,Israel,2021,178956,Technology,Computer Software: Programming Data Processing
NFBK,Northfield Bancorp Inc. Common Stock (Delaware),$14.40,-0.38,-2.571%,601399469.00,United States,2007,321217,Finance,Savings Institutions
NFGC,New Found Gold Corp Common Shares,$1.64,0.06,3.797%,629895380.00,,2021,2429739,Basic Materials,Precious Metals
NGL,NGL ENERGY PARTNERS LP Common Units representing Limited Partner Interests,$16.00,-0.54,-3.265%,1997028624.00,United States,2011,330911,Utilities,Natural Gas Distribution
NGNE,Neurogene Inc. Common Stock ,$29.86,0.76,2.612%,471844764.00,Canada,2014,116191,Health Care,Biotechnology: Pharmaceutical Preparations
NGS,Natural Gas Services Group Inc. Common Stock,$41.73,-0.64,-1.511%,525729771.00,United States,2002,83240,Energy,Oilfield Services/Equipment
NGVC,Natural Grocers by Vitamin Cottage Inc. Common Stock,$30.65,-0.93,-2.945%,706200091.00,United States,2012,95551,Consumer Staples,Food Chains
NHP,National Healthcare Properties Inc. Class A Common Stock,$13.78,-0.40,-2.821%,1004629191.00,United States,,755119,,
NHPAP,National Healthcare Properties Inc. 7.375% Series A Cumulative Redeemable Perpetual Preferred Stock,$22.4408,-0.0392,-0.174%,1636043741.00,United States,,7250,Real Estate,Real Estate Investment Trusts
NHPBP,National Healthcare Properties Inc. 7.125% Series B Cumulative Redeemable Perpetual Preferred Stock,$22.30,0.14,0.632%,1625778735.00,United States,,6974,Real Estate,Real Estate Investment Trusts
NICM,Nicola Mining Inc. American Depositary Shares,$6.11,-0.04,-0.65%,1402402082.00,Canada,,4156,,
NIE,Virtus Equity & Convertible Income Fund Common Shares of Beneficial Interest,$26.47,-0.11,-0.414%,733456304.00,United States,2007,43618,Finance,Investment Managers
NKLR,Terra Innovatum Global N.V. Ordinary shares,$5.11,-0.12,-2.294%,359237844.00,Italy,,267819,Industrials,Metal Fabrications
NMAX,Newsmax Inc. Class B Common Stock,$7.82,-0.37,-4.518%,1010036244.00,United States,2025,1590022,Industrials,Broadcasting
NMCO,Nuveen Municipal Credit Opportunities Fund Common Shares,$10.72,-0.06,-0.557%,587150201.00,,2019,174008,Finance,Finance/Investors Services
NMFC,New Mountain Finance Corporation Common Stock,$7.78,-0.17,-2.138%,734839594.00,United States,,981060,Finance,Finance/Investors Services
NNAVW,NextNav Inc. Warrant,$7.99,-2.13,-21.047%,1090131143.00,United States,,84956,Industrials,Industrial Machinery/Components
NNE,Nano Nuclear Energy Inc. Common Stock,$25.08,1.90,8.197%,1306249014.00,United States,2024,2505041,Utilities,Electric Utilities: Central
NOA,North American Construction Group Ltd. Common Shares (no par),$13.71,0.20,1.48%,387172045.00,Canada,2006,68733,Energy,Oilfield Services/Equipment
NOAH,Noah Holdings Limited American Depositary Shares,$10.52,0.20,1.938%,705383432.00,China,2010,94300,Finance,Investment Managers
NODK,NI Holdings Inc. Common Stock,$15.58,0.02,0.129%,319100788.00,United States,2017,33988,Finance,Property-Casualty Insurers
NOMD,Nomad Foods Limited Ordinary Shares,$10.32,-0.11,-1.055%,1466328469.00,United Kingdom,2016,1310361,Consumer Staples,Packaged Foods
NPB,Northpointe Bancshares Inc. Common Stock,$17.84,-0.44,-2.407%,616940061.00,United States,2025,115152,Finance,Major Banks
NPCE,Neuropace Inc. Common Stock,$15.37,-0.27,-1.726%,524020861.00,United States,2021,191936,Health Care,Medical/Dental Instruments
NPK,National Presto Industries Inc. Common Stock,$128.11,-1.73,-1.332%,917720725.00,United States,,97557,Industrials,Ordnance And Accessories
NPKI,NPK International Inc. Common Stock,$14.77,-0.21,-1.402%,1247282722.00,United States,,1123629,Consumer Discretionary,Oil and Gas Field Machinery
NPWR,NET Power Inc. Class A Common Stock,$1.74,0.04,2.353%,391085325.00,United States,2021,580805,Energy,Industrial Machinery/Components
NRC,NRC Health Common Stock,$18.31,-0.48,-2.555%,412646904.00,United States,,109679,Health Care,Biotechnology: Commercial Physical & Biological Resarch
NRDS,NerdWallet Inc. Class A Common Stock,$8.38,-0.12,-1.412%,551393802.00,United States,2021,573350,Technology,EDP Services
NRGV,Energy Vault Holdings Inc. Common Stock,$4.11,-0.19,-4.419%,732591874.00,United States,2021,6096156,Miscellaneous,Industrial Machinery/Components
NRIM,Northrim BanCorp Inc Common Stock,$25.11,-0.69,-2.674%,558566074.00,United States,,135514,Finance,Savings Institutions
NRIX,Nurix Therapeutics Inc. Common stock,$17.04,0.09,0.531%,1762035054.00,United States,2020,2682651,Health Care,Biotechnology: Pharmaceutical Preparations
NRP,Natural Resource Partners LP Limited Partnership,$102.19,-1.81,-1.74%,1354059602.00,United States,2002,50474,Energy,Coal Mining
NSP,Insperity Inc. Common Stock,$36.22,-0.38,-1.038%,1382487772.00,United States,,652166,Consumer Discretionary,Professional Services
NSSC,NAPCO Security Technologies Inc. Common Stock,$37.57,0.35,0.94%,1342276051.00,United States,,1025981,Telecommunications,Telecommunications Equipment
NTGR,NETGEAR Inc. Common Stock,$24.53,0.03,0.122%,658382821.00,United States,2003,248565,Utilities,Telecommunications Equipment
NTST,NetSTREIT Corp. Common Stock,$19.96,-0.41,-2.013%,1941321716.00,United States,2020,1444014,Real Estate,Real Estate Investment Trusts
NUAI,New Era Energy & Digital Inc. Common Stock,$5.63,0.18,3.303%,570267925.00,United States,,7035877,Energy,Oil & Gas Production
NUTX,Nutex Health Inc. Common Stock,$147.08,2.68,1.856%,1012107340.00,United States,,77844,Consumer Discretionary,Business Services
NUVB,Nuvation Bio Inc. Class A Common Stock,$5.14,0.22,4.472%,1789758131.00,United States,2020,4183198,Health Care,Biotechnology: Pharmaceutical Preparations
NVAX,Novavax Inc. Common Stock,$9.21,0.33,3.716%,1514475076.00,United States,,3567746,Health Care,Biotechnology: Biological Products (No Diagnostic Substances)
NVEC,NVE Corporation Common Stock,$114.36,-2.56,-2.19%,553178304.00,United States,,134855,Technology,Semiconductors
NVGS,Navigator Holdings Ltd. Ordinary Shares (Marshall Islands),$22.74,-0.26,-1.13%,1483795097.00,Marshall Islands,2013,245946,Consumer Discretionary,Marine Transportation
NVRI,Enviri Corporation Common Stock,$20.71,-0.64,-2.998%,1712833017.00,,2026,262619,Utilities,Environmental Services
NWFL,Norwood Financial Corp. Common Stock,$31.06,-1.08,-3.36%,338265111.00,United States,,22955,Finance,Major Banks
NWPX,NWPX Infrastructure Inc. Common Stock,$131.10,2.25,1.746%,1263411749.00,United States,1995,154620,Industrials,Steel/Iron Ore
NX,Quanex Building Products Corporation Common Stock,$16.78,-0.24,-1.41%,770671253.00,United States,,446616,Industrials,Metal Fabrications
NXDR,Nextdoor Holdings Inc. Class A Common Stock,$2.15,0.05,2.381%,819983609.00,United States,,3468716,Technology,Computer Software: Programming Data Processing
NXP,Nuveen Select Tax Free Income Portfolio Common Stock,$14.34,0.01,0.07%,671099280.00,United States,1992,93408,Finance,Trusts Except Educational Religious and Charitable
NXRT,NexPoint Residential Trust Inc. Common Stock,$27.42,-1.30,-4.526%,698975257.00,United States,2015,306868,Real Estate,Real Estate Investment Trusts
OABI,OmniAb Inc. Common Stock,$2.11,-0.16,-7.048%,305892142.00,United States,2021,468976,Health Care,Biotechnology: Commercial Physical & Biological Resarch
OBE,Obsidian Energy Ltd. Common Shares,$10.41,-0.65,-5.877%,703421782.00,Canada,2022,891265,Energy,Oil & Gas Production
OBK,Origin Bancorp Inc. Common Stock,$49.28,-0.86,-1.715%,1522953703.00,United States,,81242,Finance,Major Banks
OBT,Orange County Bancorp Inc. Common Stock,$35.35,-1.38,-3.757%,473969406.00,United States,,87554,Finance,Major Banks
OCFC,OceanFirst Financial Corp. Common Stock,$18.15,-0.45,-2.419%,1045441252.00,United States,,856483,Finance,Major Banks
OCGN,Ocugen Inc. Common Stock,$1.22,0.01,0.826%,412996664.00,United States,2014,6321603,Health Care,Biotechnology: Biological Products (No Diagnostic Substances)
OCS,Oculis Holding AG Ordinary shares,$11.61,0.52,4.689%,673199325.00,Switzerland,,759865,Health Care,Biotechnology: Pharmaceutical Preparations
OCSL,Oaktree Specialty Lending Corporation Common Stock,$11.73,-0.06,-0.509%,1033243185.00,United States,,525788,Finance,Finance: Consumer Services
OCUL,Ocular Therapeutix Inc. Common Stock,$8.99,0.05,0.559%,1968453618.00,United States,2014,2467196,Health Care,Biotechnology: Pharmaceutical Preparations
ODC,Oil-Dri Corporation Of America Common Stock,$93.91,-0.54,-0.572%,1360599540.00,United States,,86687,Consumer Discretionary,Miscellaneous manufacturing industries
ODD,ODDITY Tech Ltd. Class A Ordinary Shares,$11.56,-0.16,-1.365%,654951279.00,Israel,2023,1198221,Consumer Discretionary,Package Goods/Cosmetics
ODTX,Odyssey Therapeutics Inc. Common Stock,$17.65,0.75,4.438%,794157673.00,United States,2026,278324,Health Care,Biotechnology: Biological Products (No Diagnostic Substances)
ODV,Osisko Development Corp. Common Shares,$2.72,0.12,4.615%,828842148.00,Canada,2022,2188128,Basic Materials,Precious Metals
OEC,Orion S.A. Common Shares,$8.13,-0.13,-1.574%,458439716.00,Luxembourg,2014,585837,Industrials,Major Chemicals
OFIX,Orthofix Medical Inc. Common Stock (DE),$9.20,-0.11,-1.182%,371879198.00,Curacao,1992,298408,Health Care,Medical/Dental Instruments
OFLX,Omega Flex Inc. Common Stock,$30.96,0.08,0.259%,312520209.00,United States,,32994,Industrials,Industrial Specialties
OFRM,Once Upon a Farm PBC Common Stock,$18.64,-1.42,-7.079%,781053858.00,,2026,471458,Consumer Staples,Packaged Foods
OFSSH,OFS Capital Corporation 4.95% Notes due 2028,$23.72,0.12,0.508%,317802410.00,United States,,183,Finance,Finance Companies
OI,O-I Glass Inc. Common Stock,$8.99,-0.18,-1.963%,1378163071.00,United States,,2184435,Consumer Discretionary,Containers/Packaging
OIO,OIO Group Ordinary Shares,$2.41,0.10,4.329%,838733280.00,Singapore,,26384,Utilities,Environmental Services
OIS,Oil States International Inc. Common Stock,$8.20,-0.30,-3.529%,493586003.00,United States,2001,619985,Consumer Discretionary,Oil and Gas Field Machinery
OLMA,Olema Pharmaceuticals Inc. Common Stock,$9.88,0.01,0.101%,862993013.00,United States,2020,1322064,Health Care,Biotechnology: Pharmaceutical Preparations
OLP,One Liberty Properties Inc. Common Stock,$24.28,-0.32,-1.301%,529776197.00,United States,1986,66957,Real Estate,Real Estate Investment Trusts
OLPX,Olaplex Holdings Inc. Common Stock,$2.04,0.00,0.00%,1371118656.00,United States,2021,6552540,Consumer Discretionary,Package Goods/Cosmetics
OMCL,Omnicell Inc. Common Stock ($0.001 par value),$39.99,2.16,5.71%,1818701571.00,United States,2001,943346,Technology,Computer Manufacturing
OMDA,Omada Health Inc. Common Stock,$17.33,0.19,1.109%,1030242626.00,United States,2025,901221,Health Care,Medical/Nursing Services
OMER,Omeros Corporation Common Stock,$9.33,0.595,6.812%,675262062.00,United States,2009,1959016,Health Care,Biotechnology: Pharmaceutical Preparations
ONIT,Onity Group Inc. Common Stock,$36.91,0.28,0.764%,311230177.00,United States,,85435,Finance,Finance: Consumer Services
ONT,Onterris Inc. Common Stock,$16.61,-0.48,-2.809%,600272560.00,United States,2020,585105,Consumer Discretionary,Professional Services
OOMA,Ooma Inc. Common Stock,$17.15,-0.40,-2.279%,471625000.00,United States,2015,287930,Technology,EDP Services
OPAL,OPAL Fuels Inc. Class A Common Stock,$1.91,-0.02,-1.036%,333785070.00,United States,2021,332707,Utilities,Natural Gas Distribution
OPENW,Opendoor Technologies Inc  Series K Warrants each whole warrant exercisable to purchase one share of Common Stock at an exercise price of $9.00 per warrant,$0.5403,0.0337,6.652%,521247202.00,United States,,257104,Finance,Real Estate
OPFI,OppFi Inc. Class A Common Stock,$8.26,-0.10,-1.196%,705348228.00,United States,2020,417267,Finance,Finance: Consumer Services
OPK,OPKO Health Inc. Common Stock,$1.40,-0.02,-1.408%,1057129158.00,United States,,2596458,Health Care,Biotechnology: Pharmaceutical Preparations
OPRA,Opera Limited American Depositary Shares,$19.32,1.14,6.271%,1736491511.00,Norway,2018,403122,Technology,Computer Software: Prepackaged Software
OPTU,Optimum Communications Inc. Class A common stock,$1.36,0.07,5.426%,647997364.00,United States,2017,13084415,Telecommunications,Cable & Other Pay Television Services
OPTX,Syntec Optics Holdings Inc. Class A Common Stock,$12.23,-1.02,-7.698%,492622908.00,United States,2022,1114445,Technology,Electronic Components
OPY,Oppenheimer Holdings Inc. Class A Common Stock (DE),$107.05,3.64,3.52%,1146291935.00,United States,,127262,Finance,Investment Bankers/Brokers/Service
ORBS,Eightco Holdings Inc. Common Stock,$1.05,0.1717,19.549%,407412121.00,United States,,32369116,,
ORC,Orchid Island Capital Inc. Common Stock,$6.60,0.08,1.227%,1318021492.00,United States,2013,4035822,Real Estate,Real Estate Investment Trusts
ORGO,Organogenesis Holdings Inc. Class A Common Stock,$2.41,0.07,2.991%,310105661.00,United States,2016,1123678,Health Care,Biotechnology: Pharmaceutical Preparations
ORIC,Oric Pharmaceuticals Inc. Common Stock,$8.40,0.13,1.572%,869547521.00,United States,2020,1225546,Health Care,Biotechnology: Pharmaceutical Preparations
ORN,Orion Group Holdings Inc. Common,$14.91,0.40,2.757%,603546035.00,United States,,272321,Industrials,Military/Government/Technical
ORRF,Orrstown Financial Services Inc. Common Stock,$39.09,-0.85,-2.128%,768032971.00,United States,,178937,Finance,Major Banks
OSBC,Old Second Bancorp Inc. Common Stock,$22.01,-0.49,-2.178%,1132026508.00,United States,,440993,Finance,Major Banks
OSPN,OneSpan Inc. Common Stock,$14.23,-0.10,-0.698%,527546656.00,United States,,409956,Technology,EDP Services
OSS,One Stop Systems Inc. Common Stock,$17.23,0.58,3.483%,426770163.00,United States,2018,789891,Technology,Computer Manufacturing
OVID,Ovid Therapeutics Inc. Common Stock,$2.26,-0.04,-1.739%,421806631.00,United States,2017,1843204,Health Care,Biotechnology: Pharmaceutical Preparations
OXLC,Oxford Lane Capital Corp. Common Stock,$9.28,0.21,2.315%,1611008000.00,United States,2011,1138392,Finance,Investment Managers
OXM,Oxford Industries Inc. Common Stock,$36.83,-0.41,-1.101%,549906226.00,United States,,613118,Industrials,Garments and Clothing
OXSQG,Oxford Square Capital Corp. 5.50% Notes due 2028,$23.98,-0.02,-0.083%,1528913483.00,United States,,762,Consumer Discretionary,Other Consumer Services
OZKAP,Bank OZK 4.625% Series A Non-Cumulative Perpetual Preferred Stock,$16.36,0.09,0.553%,1850907120.00,United States,,23257,Finance,Major Banks
PACB,Pacific Biosciences of California Inc. Common Stock,$1.32,0.01,0.763%,409994228.00,United States,2010,5283376,Industrials,Biotechnology: Laboratory Analytical Instruments
PACK,Ranpak Holdings Corp Class A Common Stock,$7.60,0.30,4.11%,650141050.00,United States,2018,538532,Consumer Discretionary,Containers/Packaging
PAHC,Phibro Animal Health Corporation Class A Common Stock,$32.28,0.75,2.379%,1309429032.00,United States,2014,230942,Health Care,Biotechnology: Pharmaceutical Preparations
PAMT,PAMT CORP Common Stock,$15.12,-0.75,-4.726%,316661743.00,United States,,14815,Industrials,Trucking Freight/Courier Services
PANL,Pangaea Logistics Solutions Ltd. Common Shares,$7.57,-0.11,-1.432%,495190967.00,United States,2013,547029,Consumer Discretionary,Marine Transportation
PAR,PAR Technology Corporation Common Stock,$14.69,-0.21,-1.409%,605906663.00,United States,,1317338,Miscellaneous,Office Equipment/Supplies/Services
PAX,Patria Investments Limited Class A Common Shares,$11.58,0.03,0.26%,1868940748.00,Cayman Islands,2021,495806,Finance,Investment Managers
PAYS,Paysign Inc. Common Stock,$6.97,-0.02,-0.286%,389663238.00,United States,,314045,Technology,EDP Services
PBFS,Pioneer Bancorp Inc. Common Stock,$16.73,-0.14,-0.83%,419534881.00,United States,2019,6747,Finance,Banks
PBT,Permian Basin Royalty Trust Common Stock,$27.37,-1.08,-3.796%,1275682747.00,United States,,153852,Energy,Oil & Gas Production
PBYI,Puma Biotechnology Inc Common Stock,$7.07,-0.26,-3.547%,359859154.00,United States,,177411,Health Care,Biotechnology: Pharmaceutical Preparations
PCB,PCB Bancorp Common Stock,$26.15,-0.44,-1.655%,372238006.00,United States,2018,18032,Finance,Major Banks
PCRX,Pacira BioSciences Inc. Common Stock,$22.74,-0.25,-1.087%,894771792.00,United States,2011,350790,Health Care,Biotechnology: Pharmaceutical Preparations
PCT,PureCycle Technologies Inc. Common stock,$8.80,-0.08,-0.901%,1591599240.00,United States,,7261129,Industrials,Major Chemicals
PCTTU,PureCycle Technologies Inc. Unit,$10.71,0.00,0.00%,1937048621.00,United States,,2,Industrials,Major Chemicals
PCTTW,PureCycle Technologies Inc. Warrant,$2.035,0.215,11.813%,368057324.00,United States,,20953,Industrials,Major Chemicals
PD,PagerDuty Inc. Common Stock,$8.97,0.01,0.112%,691789408.00,United States,2019,2116470,Technology,Computer Software: Prepackaged Software
PDLB,Ponce Financial Group Inc. Common Stock,$19.11,-0.30,-1.546%,462230788.00,United States,2017,73081,Finance,Savings Institutions
PDM,Piedmont Realty Trust Inc. Class A Common Stock,$9.09,-0.01,-0.11%,1136422737.00,United States,,1842331,Real Estate,Building operators
PDO,PIMCO Dynamic Income Opportunities Fund Common Shares of Beneficial Interest,$12.99,0.14,1.089%,1866340536.00,United States,2021,631101,Finance,Trusts Except Educational Religious and Charitable
PDS,Precision Drilling Corporation Common Stock,$89.51,-6.36,-6.634%,1158370482.00,Canada,,165998,Energy,Oil & Gas Production
PDX,PIMCO Dynamic Income Strategy Fund Common Shares of Beneficial Interest,$20.84,-0.01,-0.048%,931693880.00,,2019,90500,Finance,Finance/Investors Services
PDYN,Palladyne AI Corp. Common Stock,$6.40,-0.01,-0.156%,302363040.00,United States,,1393763,Technology,Computer Software: Prepackaged Software
PEBO,Peoples Bancorp Inc. Common Stock,$35.89,-0.71,-1.94%,1289293374.00,United States,,173413,Finance,Major Banks
PERI,Perion Network Ltd. Ordinary Shares,$8.56,0.14,1.663%,336667531.00,Israel,2006,679662,Technology,EDP Services
PFBC,Preferred Bank Common Stock,$100.26,-1.35,-1.329%,1439403745.00,United States,,75332,Finance,Major Banks
PFIS,Peoples Financial Services Corp. Common Stock,$62.42,-1.10,-1.732%,624879192.00,United States,,137970,Finance,Major Banks
PFLT,PennantPark Floating Rate Capital Ltd. Common Stock,$7.77,-0.21,-2.632%,770923052.00,United States,2022,1371090,Finance,Finance: Consumer Services
PGC,Peapack-Gladstone Financial Corporation Common Stock,$44.99,-1.26,-2.724%,797149826.00,United States,,133998,Finance,Commercial Banks
PGEN,Precigen Inc. Common Stock,$4.80,0.35,7.865%,1711252704.00,United States,,6763055,Health Care,Biotechnology: Pharmaceutical Preparations
PGY,Pagaya Technologies Ltd. Class A Ordinary Shares,$15.68,0.26,1.686%,1331200468.00,United States,,3514837,Finance,Finance: Consumer Services
PHAR,Pharming Group N.V. ADS each representing 10 ordinary shares,$12.815,0.01,0.078%,905062322.00,Netherlands,,3588,Health Care,Biotechnology: Pharmaceutical Preparations
PHAT,Phathom Pharmaceuticals Inc. Common Stock,$10.71,0.34,3.279%,854186257.00,United States,2019,692100,Health Care,Biotechnology: Pharmaceutical Preparations
PHOE,Phoenix Asia Holdings Limited Ordinary Shares,$15.87,-0.13,-0.813%,342792000.00,Hong Kong,2025,7972,Consumer Discretionary,Engineering & Construction
PHR,Phreesia Inc. Common Stock,$9.15,0.09,0.993%,565578784.00,United States,2019,1152306,Consumer Discretionary,Business Services
PICS,PicS N.V. Class A Common Shares,$10.82,0.00,0.00%,1402137215.00,Brazil,2026,380288,Finance,Finance: Consumer Services
PINE,Alpine Income Property Trust Inc. Common Stock,$19.98,-0.17,-0.844%,330163686.00,United States,2019,129201,Real Estate,Real Estate Investment Trusts
PKBK,Parke Bancorp Inc. Common Stock,$31.75,-0.39,-1.213%,372457663.00,United States,,40364,Finance,Major Banks
PKE,Park Aerospace Corp. Common Stock,$33.97,-1.69,-4.739%,709220870.00,United States,,359555,Industrials,Military/Government/Technical
PKOH,Park-Ohio Holdings Corp. Common Stock,$34.30,-0.43,-1.238%,493857197.00,United States,,66989,Industrials,Industrial Specialties
PLAB,Photronics Inc. Common Stock,$32.74,0.96,3.021%,1930471473.00,United States,1987,1935867,Technology,Semiconductors
PLAY,Dave & Buster's Entertainment Inc. Common Stock,$12.32,-0.61,-4.718%,427989470.00,United States,2014,5184424,Consumer Discretionary,Restaurants
PLBC,Plumas Bancorp,$55.03,-1.58,-2.791%,383456524.00,United States,,91758,Finance,Finance Companies
PLOW,Douglas Dynamics Inc. Common Stock,$47.07,-0.12,-0.254%,1088502787.00,United States,2010,141520,Industrials,Construction/Ag Equipment/Trucks
PLPC,Preformed Line Products Company Common Stock,$380.16,4.74,1.263%,1858226642.00,United States,,92210,Industrials,Water Sewer Pipeline Comm & Power Line Construction
PLSE,Pulse Biosciences Inc Common Stock (DE),$25.925,1.555,6.381%,1794261784.00,United States,2016,362883,Health Care,Medical/Dental Instruments
PLTK,Playtika Holding Corp. Common Stock,$3.37,0.22,6.984%,1281879067.00,Israel,2021,2965545,Technology,EDP Services
PMM,Putnam Managed Municipal Income Trust Common Stock,$6.30,0.02,0.318%,307054497.00,United States,1989,36153,Finance,Investment Managers
PMO,Putnam Municipal Opportunities Trust Common Stock,$10.53,0.00,0.00%,357825901.00,United States,1993,32631,Finance,Finance Companies
PMT,PennyMac Mortgage Investment Trust Common Shares of Beneficial Interest,$10.14,0.02,0.198%,884231951.00,United States,2009,1061552,Real Estate,Real Estate Investment Trusts
PNTG,The Pennant Group Inc. Common Stock ,$33.04,0.19,0.578%,1148720083.00,United States,,197995,Health Care,Medical/Nursing Services
PPT,Putnam Premier Income Trust Common Stock,$3.46,0.02,0.581%,344367790.00,United States,1988,227090,Finance,Finance Companies
PRA,ProAssurance Corporation Common Stock,$24.66,-0.06,-0.243%,1272646523.00,United States,,636601,Finance,Property-Casualty Insurers
PRAA,PRA Group Inc. Common Stock,$15.50,-0.19,-1.211%,591183764.00,United States,2002,559499,Finance,Finance: Consumer Services
PRCH,Porch Group Inc. Common Stock,$10.50,0.22,2.14%,1341012519.00,United States,2020,2233913,Technology,Computer Software: Prepackaged Software
PRCT,PROCEPT BioRobotics Corporation Common Stock,$23.22,-2.485,-9.667%,1321655558.00,United States,2021,3209600,Health Care,Medical/Dental Instruments
PRE,Prenetics Global Limited Class A Ordinary Share,$20.75,-0.88,-4.068%,355726857.00,Hong Kong,,128879,Finance,Blank Checks
PRG,PROG Holdings Inc. Common Stock,$38.41,-0.11,-0.286%,1538918313.00,United States,,474163,Consumer Discretionary,Diversified Commercial Services
PRGO,Perrigo Company plc Ordinary Shares,$10.70,-0.29,-2.639%,1480535139.00,United States,,2724955,Health Care,Biotechnology: Pharmaceutical Preparations
PRGS,Progress Software Corporation Common Stock (DE),$31.01,-0.46,-1.462%,1304857696.00,United States,1991,445552,Technology,Computer Software: Prepackaged Software
PRLB,Proto Labs Inc. Common stock,$78.53,-0.41,-0.519%,1868546354.00,United States,2012,185849,Industrials,Metal Fabrications
PRLD,Prelude Therapeutics Incorporated Common Stock,$4.46,-0.03,-0.668%,355218069.00,United States,2020,327412,Health Care,Biotechnology: Pharmaceutical Preparations
PRME,Prime Medicine Inc. Common Stock,$2.90,0.125,4.505%,523790608.00,United States,2022,2910891,Health Care,Biotechnology: Biological Products (No Diagnostic Substances)
PROK,ProKidney Corp. Class A Ordinary Shares,$1.67,0.03,1.829%,504439575.00,United States,2021,570051,Health Care,Biotechnology: Biological Products (No Diagnostic Substances)
PRSU,Pursuit Attractions and Hospitality Inc. Common Stock,$48.59,0.63,1.314%,1327405429.00,United States,,198936,Consumer Discretionary,Business Services
PRTA,Prothena Corporation plc Ordinary Shares,$8.15,-0.10,-1.212%,426678882.00,United States,,622691,Health Care,Biotechnology: Pharmaceutical Preparations
PRTH,Priority Technology Holdings Inc. Common Stock,$6.29,0.14,2.276%,518014019.00,United States,2016,321493,Consumer Discretionary,Business Services
PSEC,Prospect Capital Corporation Common Stock,$2.31,0.00,0.00%,1157327678.00,United States,2004,6138261,Finance,Finance: Consumer Services
PSF,Cohen & Steers Select Preferred and Income Fund Inc. Common Stock,$19.75,0.23,1.178%,970487903.00,,2010,35429,Finance,Investment Managers
PSFE,Paysafe Limited Common Shares,$6.95,-0.15,-2.113%,442550862.00,,2021,239466,Consumer Discretionary,Business Services
PSIX,Power Solutions International Inc. Common Stock,$39.44,-1.28,-3.143%,909109748.00,United States,,549332,Industrials,Industrial Machinery/Components
PSNL,Personalis Inc. Common Stock,$9.79,0.20,2.086%,1025219549.00,United States,2019,2518898,Health Care,Medical Specialities
PSNYW,Polestar Automotive Holding UK PLC Class C-1 ADS (ADW),$2.75,-0.10,-3.509%,400661245.00,Sweden,,5794,Industrials,Auto Manufacturing
PSTL,Postal Realty Trust Inc. Class A Common Stock,$23.16,-0.73,-3.056%,639768551.00,United States,2019,342791,Real Estate,Real Estate Investment Trusts
PSUS,Pershing Square USA Ltd. Common Shares,$39.61,1.73,4.567%,1035801500.00,,2026,1519189,,
PTA,Cohen & Steers Tax-Advantaged Preferred Securities and Income Fund Common Shares of Beneficial Interest,$19.22,0.01,0.052%,1062355844.00,United States,2020,187644,Finance,Trusts Except Educational Religious and Charitable
PTLO,Portillo's Inc. Class A Common Stock,$4.44,0.00,0.00%,336576438.00,United States,2021,969553,Consumer Discretionary,Restaurants
PUBM,PubMatic Inc. Class A Common Stock,$11.47,0.12,1.057%,532704938.00,United States,2020,488946,Technology,Computer Software: Programming Data Processing
PUMP,ProPetro Holding Corp. Common Stock,$15.19,-0.32,-2.063%,1862551865.00,United States,2017,4342797,Energy,Oilfield Services/Equipment
PURR,Hyperliquid Strategies Inc Common Stock,$9.34,0.64,7.356%,1349140313.00,United States,,14432067,Finance,Finance: Consumer Services
PVLA,Palvella Therapeutics Inc. Common Stock,$116.51,7.70,7.077%,1671084754.00,United States,,265174,Health Care,Biotechnology: Pharmaceutical Preparations
PWP,Perella Weinberg Partners Class A Common Stock,$16.01,0.35,2.235%,1487880913.00,United States,2020,1866242,Finance,Finance: Consumer Services
PXED,Phoenix Education Partners Inc. Common Stock,$29.75,-1.06,-3.44%,1065376566.00,,2025,108573,Real Estate,Other Consumer Services
PZZA,Papa John's International Inc. Common Stock,$33.16,0.56,1.718%,1091030784.00,United States,1993,755611,Consumer Discretionary,Restaurants
QCRH,QCR Holdings Inc. Common Stock,$94.71,-1.62,-1.682%,1563642116.00,United States,,71622,Finance,Major Banks
QDEL,QuidelOrtho Corporation Common Stock,$14.57,0.44,3.114%,993542710.00,United States,,1338700,Health Care,Biotechnology: In Vitro & In Vivo Diagnostic Substances
QFIN,Qfin Holdings Inc. American Depositary Shares,$15.59,0.19,1.234%,1898111872.00,China,2018,1571403,Finance,Finance: Consumer Services
QNC,Quantum eMotion Corp. Common Shares,$3.38,0.40,13.423%,741469485.00,,2026,2523701,,
QNST,QuinStreet Inc. Common Stock,$12.46,0.12,0.972%,715769310.00,United States,2010,573059,Consumer Discretionary,Business Services
QUAD,Quad Graphics Inc Class A Common Stock,$7.50,-0.09,-1.186%,386696423.00,United States,,135199,Consumer Discretionary,Publishing
QUIK,QuickLogic Corporation Common Stock,$21.68,-0.13,-0.596%,395113794.00,United States,1999,344607,Technology,Semiconductors
QURE,uniQure N.V. Ordinary Shares,$27.87,0.30,1.088%,1757690807.00,Netherlands,2014,1093896,Health Care,Biotechnology: Pharmaceutical Preparations
RAPP,Rapport Therapeutics Inc. Common Stock,$38.26,-0.14,-0.365%,1829858304.00,United States,2024,315832,Health Care,Biotechnology: Pharmaceutical Preparations
RBB,RBB Bancorp Common Stock,$25.00,0.26,1.051%,423397200.00,United States,2017,340112,Finance,Major Banks
RBBN,Ribbon Communications Inc. Common Stock,$2.72,0.03,1.115%,479098262.00,United States,,428093,Technology,EDP Services
RBCAA,Republic Bancorp Inc. Class A Common Stock,$85.21,-2.45,-2.795%,1671626773.00,United States,1998,93018,Finance,Major Banks
RCAT,Red Cat Holdings Inc. Common Stock,$11.97,0.79,7.066%,1469226061.00,United States,,11059413,Technology,Computer Software: Prepackaged Software
RCKT,Rocket Pharmaceuticals Inc. Common Stock,$2.86,0.11,4.00%,312293550.00,United States,2015,2245887,Health Care,Biotechnology: Pharmaceutical Preparations
RCKY,Rocky Brands Inc. Common Stock,$40.03,-0.07,-0.175%,301880761.00,United States,1993,26214,Consumer Discretionary,Shoe Manufacturing
RDNW,RideNow Group Inc. Class B Common Stock,$7.81,-0.04,-0.51%,301365845.00,United States,,37931,Technology,EDP Services
RDVT,Red Violet Inc. Common Stock ,$55.54,0.54,0.982%,783609472.00,United States,,85071,Technology,Computer Software: Prepackaged Software
RDWR,Radware Ltd. Ordinary Shares,$28.49,0.26,0.921%,1205325575.00,Israel,1999,179962,Consumer Discretionary,Business Services
REA,Rare Earths Americas Inc. Common Stock,$17.83,-0.54,-2.94%,354946838.00,,2026,115589,Basic Materials,Metal Mining
REAL,The RealReal Inc. Common Stock,$11.07,0.79,7.685%,1333799149.00,United States,2019,3981814,Consumer Discretionary,Other Specialty Stores
REAX,The Real Brokerage Inc. Common Shares,$1.66,0.04,2.469%,354407010.00,Canada,,3001805,Finance,Real Estate
REPL,Replimune Group Inc. Common Stock,$8.96,0.08,0.901%,739850666.00,United States,2018,1978275,Health Care,Biotechnology: Biological Products (No Diagnostic Substances)
REPX,Riley Exploration Permian Inc. Common Stock,$33.36,-1.90,-5.389%,723776792.00,United States,1999,357711,Energy,Oil & Gas Production
RERE,ATRenew Inc. American Depositary Shares (every three of which representing two Class A ordinary shares),$4.03,0.10,2.545%,883637934.00,Cayman Islands,2021,456887,Consumer Discretionary,Other Specialty Stores
RES,RPC Inc. Common Stock,$6.89,-0.30,-4.172%,1527085372.00,United States,,1377698,Energy,Oilfield Services/Equipment
REX,REX American Resources Corporation,$42.97,-0.97,-2.208%,1415333742.00,United States,,185804,Industrials,Major Chemicals
RFI,Cohen & Steers Total Return Realty Fund Inc. Common Stock,$11.24,-0.09,-0.794%,552318179.00,United States,1993,107648,Finance,Investment Managers
RFMZ,RiverNorth Flexible Municipal Income Fund II Inc. Common Stock,$13.35,-0.07,-0.522%,325095943.00,,2021,12314,Finance,Trusts Except Educational Religious and Charitable
RGNX,REGENXBIO Inc. Common Stock,$7.07,0.41,6.156%,365502180.00,United States,2015,1642400,Health Care,Biotechnology: Biological Products (No Diagnostic Substances)
RGR,Sturm Ruger & Company Inc. Common Stock,$38.41,-1.06,-2.686%,612418758.00,United States,,77582,Industrials,Ordnance And Accessories
RHLD,Resolute Holdings Management Common Stock ,$131.70,-0.11,-0.083%,1087505111.00,United States,,212540,Finance,Finance: Consumer Services
RIGL,Rigel Pharmaceuticals Inc. Common Stock,$33.42,0.57,1.735%,618339514.00,United States,2000,278458,Health Care,Biotechnology: Pharmaceutical Preparations
RILY,BRC Group Holdings Inc. Common Stock,$9.16,0.44,5.046%,368183415.00,United States,,791634,Finance,Investment Managers
RILYG,BRC Group Holdings Inc. 5.00% Senior Notes due 2026,$24.345,0.055,0.226%,742451072.00,United States,,3327,Finance,Investment Managers
RILYL,BRC Group Holdings Inc. Depositary Shares each representing 1/1000th in a share of 7.375% Series B Cumulative Perpetual Preferred Stock par value $0.0001,$16.56,0.06,0.364%,665624166.00,United States,,19846,Finance,Investment Managers
RILYN,BRC Group Holdings Inc. 6.50% Senior Notes Due 2026,$24.93,0.00,0.00%,760291855.00,United States,,5402,Finance,Investment Managers
RILYP,BRC Group Holdings Inc. Depositary Shares each representing a 1/1000th fractional interest in a share of Series A Cumulative Perpetual Preferred Stock,$16.4999,0.35,2.167%,663208465.00,United States,,9235,Finance,Investment Managers
RILYT,BRC Group Holdings Inc. 6.00% Senior Notes Due 2028,$21.32,0.14,0.661%,650197447.00,United States,,4564,Finance,Investment Managers
RILYZ,BRC Group Holdings Inc. 5.25% Senior Notes due 2028,$20.00,0.20,1.01%,609941320.00,United States,,26088,Finance,Investment Managers
RJET,Republic Airways Holdings Inc. Common Stock,$18.43,0.18,0.986%,863067243.00,United States,2018,102961,Consumer Discretionary,Air Freight/Delivery Services
RLGT,Radiant Logistics Inc. Common Stock,$9.12,-0.08,-0.87%,427104794.00,United States,,117766,Industrials,Integrated Freight & Logistics
RLJ,RLJ Lodging Trust Common Shares of Beneficial Interest $0.01 par value,$11.07,0.05,0.454%,1681862067.00,United States,2011,1348257,Real Estate,Real Estate Investment Trusts
RLMD,Relmada Therapeutics Inc. Common Stock,$6.37,-0.28,-4.211%,668150721.00,United States,,3076185,Health Care,Biotechnology: Pharmaceutical Preparations
RM,Regional Management Corp. Common Stock,$36.77,-0.44,-1.182%,338583492.00,United States,2012,48449,Finance,Finance: Consumer Services
RMIX,Suncrete Inc. Class A Common Stock,$22.76,0.88,4.022%,1629653600.00,United States,,705731,Industrials,Building Materials
RMNI,Rimini Street Inc. (DE) Common Stock,$4.17,0.01,0.24%,385975200.00,United States,2015,190779,Consumer Discretionary,Business Services
RMR,The RMR Group Inc. Class A Common Stock,$20.48,-0.89,-4.165%,636792443.00,United States,,165530,Consumer Discretionary,Professional Services
RMT,Royce Micro-Cap Trust Inc. Common Stock,$14.12,0.13,0.929%,653319791.00,United States,,203740,Finance,Investment Managers
RNGR,Ranger Energy Services Inc. Class A Common Stock,$15.58,-0.27,-1.703%,370206086.00,United States,2017,123679,Energy,Oilfield Services/Equipment
RNP,Cohen & Steers REIT and Preferred and Income Fund Inc. Common Shares,$20.45,-0.06,-0.293%,1004884943.00,United States,2003,239638,Finance,Investment Managers
ROCK,Gibraltar Industries Inc. Common Stock,$40.48,0.18,0.447%,1200714481.00,United States,1993,326633,Industrials,Steel/Iron Ore
ROMA,Roma Green Finance Limited Class A Ordinary Shares,$7.67,-0.095,-1.223%,456860260.00,Hong Kong,2024,632882,Consumer Discretionary,Professional Services
ROOT,Root Inc. Class A Common Stock,$54.86,-0.04,-0.073%,868230599.00,United States,2020,254638,Finance,Property-Casualty Insurers
RPAY,Repay Holdings Corporation Class A Common Stock,$3.37,0.00,0.00%,302198273.00,United States,2018,516956,Consumer Discretionary,Business Services
RPC,Ridgepost Capital Inc. Class A Common Stock,$8.42,0.14,1.691%,921792871.00,United States,2021,441539,Finance,Investment Managers
RPD,Rapid7 Inc. Common Stock,$7.17,0.03,0.42%,479175531.00,United States,2015,1908689,Technology,Computer Software: Prepackaged Software
RQI,Cohen & Steers Quality Income Realty Fund Inc Common Shares,$12.82,-0.16,-1.233%,1721731231.00,United States,2002,1476307,Finance,Trusts Except Educational Religious and Charitable
RR,Richtech Robotics Inc. Class B Common Stock,$2.14,0.01,0.469%,478495382.00,United States,2023,6262294,Industrials,Industrial Machinery/Components
RRBI,Red River Bancshares Inc. Common Stock,$89.80,-2.90,-3.128%,591305701.00,United States,2019,97632,Consumer Discretionary,Hotels/Resorts
RSKD,Riskified Ltd. Class A Ordinary Shares,$4.95,0.01,0.202%,733615324.00,,2021,1273008,Consumer Discretionary,Business Services
RSVR,Reservoir Media Inc. Common Stock,$10.21,-0.04,-0.39%,670406100.00,United States,2021,72574,Consumer Discretionary,Services-Misc. Amusement & Recreation
RUMBW,Rumble Inc. Warrant,$2.33,0.33,16.50%,1015597112.00,United States,2021,34717,Technology,Computer Software: Programming Data Processing
RVLV,Revolve Group Inc. Class A Common Stock,$20.77,0.14,0.679%,1486208628.00,United States,2019,861566,Consumer Discretionary,Catalog/Specialty Distribution
RVMDW,Revolution Medicines Inc. Warrant,$6.36,0.42,7.071%,1352113498.00,United States,,116519,Health Care,Biotechnology: Biological Products (No Diagnostic Substances)
RVT,Royce Small-Cap Trust Inc. Common Stock,$18.11,0.16,0.891%,1955096109.00,United States,1986,373610,Finance,Trusts Except Educational Religious and Charitable
RWAYL,Runway Growth Finance Corp. 7.50% Notes due 2027,$25.2201,-0.1298,-0.512%,913387081.00,United States,,2556,Finance,Finance: Consumer Services
RWT,Redwood Trust Inc. Common Stock,$5.23,-0.02,-0.381%,654878305.00,United States,1995,1247242,Real Estate,Real Estate Investment Trusts
RXRX,Recursion Pharmaceuticals Inc. Class A Common Stock,$3.29,0.14,4.444%,1743388105.00,United States,2021,15344874,Health Care,Biotechnology: Biological Products (No Diagnostic Substances)
RXT,Rackspace Technology Inc. Common Stock,$5.915,0.475,8.732%,1474151082.00,United States,2020,14464417,Technology,Computer Software: Programming Data Processing
RYAM,Rayonier Advanced Materials Inc. Common Stock,$9.08,0.52,6.075%,612342025.00,United States,2014,1327797,Basic Materials,Paper
RYZ,Ryerson Holding Corporation Common Stock,$29.02,-1.39,-4.571%,1505810770.00,United States,2014,324168,Industrials,Metal Fabrications
RZC,Reinsurance Group of America Incorporated 7.125% Fixed-Rate Reset Subordinated Debentures due 2052,$25.57,0.06,0.235%,1675171578.00,United States,2022,29531,Finance,Life Insurance
RZLT,Rezolute Inc. Common Stock (NV),$4.33,0.33,8.25%,416945793.00,United States,,2396447,Health Care,Biotechnology: Pharmaceutical Preparations
RZLV,Rezolve AI PLC Ordinary Shares,$2.78,0.10,3.731%,1113089109.00,United Kingdom,,15473819,Technology,Computer Software: Programming Data Processing
RZLVW,Rezolve AI PLC Warrants,$0.89,-0.0287,-3.124%,356348672.00,United Kingdom,,10002,Technology,Computer Software: Programming Data Processing
SABR,Sabre Corporation Common Stock,$1.74,0.04,2.353%,687845095.00,United States,2014,6803267,Technology,Computer Software: Programming Data Processing
SAFE,Safehold Inc. New Common Stock ,$15.69,-0.12,-0.759%,1123560931.00,United States,2023,317962,Real Estate,Real Estate Investment Trusts
SAFT,Safety Insurance Group Inc. Common Stock,$71.46,-0.35,-0.487%,1049278194.00,United States,2002,119777,Finance,Property-Casualty Insurers
SAJ,Saratoga Investment Corp 8.00% Notes due 2027,$25.45,-0.43,-1.662%,398753934.00,United States,2022,245,Finance,Investment Managers
SAM,Boston Beer Company Inc. (The) Common Stock,$182.66,0.77,0.423%,1902119316.00,United States,,261447,Consumer Staples,Beverages (Production/Distribution)
SANA,Sana Biotechnology Inc. Common Stock,$2.85,0.17,6.343%,793131032.00,United States,2021,2782366,Health Care,Biotechnology: Biological Products (No Diagnostic Substances)
SAR,Saratoga Investment Corp New,$21.92,-0.52,-2.317%,356589036.00,United States,,156044,Finance,Investment Managers
SAT,Saratoga Investment Corp 6.00% Notes due 2027,$24.97,-0.06,-0.24%,391233231.00,United States,2022,569,Finance,Investment Managers
SATL,Satellogic Inc. Class A Common Stock,$6.69,0.03,0.45%,991753009.00,Uruguay,,7686030,Technology,Radio And Television Broadcasting And Communications Equipment
SAY,Saratoga Investment Corp 8.125% Notes due 2027,$25.3397,0.1397,0.554%,397025739.00,United States,2022,3372,Finance,Investment Managers
SAZ,Saratoga Investment Corp 8.50% Notes due 2028,$25.4699,0.0099,0.039%,399065730.00,United States,2023,5498,Finance,Investment Managers
SB,Safe Bulkers Inc Common Stock ($0.001 par value),$6.81,-0.09,-1.304%,696286965.00,Monaco,2008,462818,Consumer Discretionary,Marine Transportation
SBET,Sharplink Inc. Common Stock,$5.80,0.29,5.263%,1143826190.00,United States,,13148188,Technology,Computer Software: Prepackaged Software
SBGI,Sinclair Inc. Class A Common Stock,$13.43,-0.62,-4.413%,969183753.00,United States,1995,856977,Industrials,Broadcasting
SBH,Sally Beauty Holdings Inc. (Name to be changed from Sally Holdings Inc.) Common Stock,$13.62,-0.23,-1.661%,1299463579.00,United States,,1297978,Consumer Discretionary,Other Specialty Stores
SBR,Sabine Royalty Trust Common Stock,$71.76,-3.03,-4.051%,1046213797.00,United States,,66349,Energy,Oil & Gas Production
SBSI,Southside Bancshares Inc. Common Stock,$33.81,-0.62,-1.801%,1005905349.00,United States,,86418,Finance,Major Banks
SCCD,Sachem Capital Corp. 6.00% Notes due 2026,$24.7248,-0.2651,-1.061%,1170528602.00,United States,,982,Real Estate,Real Estate Investment Trusts
SCCE,Sachem Capital Corp. 6.00% Notes due 2027,$24.68,-0.0999,-0.403%,1168407668.00,United States,2022,3823,Real Estate,Real Estate Investment Trusts
SCCF,Sachem Capital Corp. 7.125% Notes due 2027,$24.6001,-0.2399,-0.966%,1164625019.00,United States,2022,3484,Real Estate,Real Estate Investment Trusts
SCCG,Sachem Capital Corp. 8.00% Notes due 2027,$24.605,-0.3396,-1.361%,1164856996.00,United States,2022,5928,Real Estate,Real Estate Investment Trusts
SCHL,Scholastic Corporation Common Stock,$42.25,-1.64,-3.737%,918615386.00,United States,1992,336052,Consumer Discretionary,Books
SCL,Stepan Company Common Stock,$54.47,-0.01,-0.018%,1237194704.00,United States,,120180,Consumer Discretionary,Package Goods/Cosmetics
SCSC,ScanSource Inc. Common Stock,$49.35,-0.66,-1.32%,1003015506.00,United States,,180097,Technology,Retail: Computer Software & Peripheral Equipment
SCZM,Santacruz Silver Mining Ltd. Common Shares,$7.55,0.57,8.166%,698304777.00,Canada,,576378,,
SD,SandRidge Energy Inc. Common Stock,$14.21,-0.84,-5.581%,524608460.00,United States,2016,318848,Energy,Oil & Gas Production
SDGR,Schrodinger Inc. Common Stock,$14.60,0.15,1.038%,1090922570.00,United States,2020,1047445,Health Care,Biotechnology: Pharmaceutical Preparations
SDHC,Smith Douglas Homes Corp. Class A Common Stock,$13.27,-0.25,-1.849%,673892454.00,United States,2024,43710,Consumer Discretionary,Homebuilding
SDHY,PGIM Short Duration High Yield Opportunities Fund Common Shares,$16.13,0.08,0.498%,397976393.00,,2020,28394,Finance,Finance/Investors Services
SEG,Seaport Entertainment Group Inc. Common Stock,$24.25,-0.42,-1.702%,310446318.00,United States,2024,44309,Consumer Discretionary,Services-Misc. Amusement & Recreation
SENEA,Seneca Foods Corp. Class A Common Stock,$167.31,-8.06,-4.596%,1132762316.00,United States,,327071,Consumer Staples,Packaged Foods
SENEB,Seneca Foods Corp. Class B Common Stock,$160.99,-8.17,-4.83%,1089973136.00,United States,,966,Consumer Staples,Packaged Foods
SENS,Senseonics Holdings Inc. Common Stock,$7.24,0.06,0.836%,302653467.00,United States,,474633,Health Care,Medical/Dental Instruments
SEPN,Septerna Inc. Common Stock,$36.03,0.08,0.223%,1624071454.00,United States,2024,287806,Health Care,Biotechnology: Pharmaceutical Preparations
SERV,Serve Robotics Inc. Common Stock,$7.22,0.25,3.587%,558635197.00,United States,,5332688,Consumer Discretionary,Industrial Specialties
SES,SES AI Corporation Class A Common Stock,$1.12,0.05,4.673%,413597368.00,United States,2021,6317577,Miscellaneous,Industrial Machinery/Components
SFIX,Stitch Fix Inc. Class A Common Stock,$4.23,0.385,10.013%,564391371.00,United States,2017,4296981,Consumer Discretionary,Catalog/Specialty Distribution
SFL,SFL Corporation Ltd,$11.44,-0.05,-0.435%,1654028685.00,Bermuda,,1755776,Consumer Discretionary,Marine Transportation
SFST,Southern First Bancshares Inc. Common Stock,$58.78,-1.90,-3.131%,555774599.00,United States,,162988,Finance,Major Banks
SG,Sweetgreen Inc. Class A Common Stock,$8.86,-0.21,-2.315%,1052813041.00,United States,2021,4651025,Consumer Discretionary,Restaurants
SGML,Sigma Lithium Corporation Common Shares,$15.40,-0.58,-3.63%,1715605877.00,Canada,,2393946,Basic Materials,Metal Mining
SGMT,Sagimet Biosciences Inc. Series A Common Stock,$6.47,-0.01,-0.154%,399534191.00,United States,2023,605477,Health Care,Biotechnology: Pharmaceutical Preparations
SGP,SpyGlass Pharma Inc. Common Stock,$18.94,0.50,2.711%,633227744.00,United States,2026,143825,Health Care,Medical/Dental Instruments
SGRY,Surgery Partners Inc. Common Stock,$15.13,-0.18,-1.176%,1978975283.00,United States,2015,1794034,Health Care,Hospital/Nursing Management
SGU,Star Group L.P. Common Stock,$12.57,-0.06,-0.475%,412722538.00,United States,,34454,Consumer Discretionary,Other Specialty Stores
SHAZ,SharonAI Holdings Inc. Class A Common Stock,$70.21,7.89,12.66%,1175613863.00,United States,,661423,Technology,EDP Services
SHBI,Shore Bancshares Inc Common Stock,$22.32,-0.49,-2.148%,746736380.00,United States,,239306,Finance,Major Banks
SHEN,Shenandoah Telecommunications Co Common Stock,$16.01,-0.45,-2.734%,885705236.00,United States,,243400,Telecommunications,Telecommunications Equipment
SHIP,Seanergy Maritime Holdings Corp. Common Stock,$16.31,-0.23,-1.391%,353408309.00,Greece,,244176,Consumer Discretionary,Marine Transportation
SHLS,Shoals Technologies Group Inc. Class A Common Stock,$10.30,-0.13,-1.246%,1728049715.00,United States,2021,3815815,Technology,Semiconductors
SHMD,SCHMID Group N.V. Class A Ordinary Shares,$6.23,0.85,15.799%,360099383.00,Germany,,1326400,Technology,Industrial Machinery/Components
SHOE,Shoe Station Group Inc. Common Stock,$16.85,-0.52,-2.994%,457499540.00,United States,,590422,Consumer Discretionary,Clothing/Shoe/Accessory Stores
SI,Shoulder Innovations Inc. Common Stock,$18.12,-0.58,-3.102%,375776655.00,United States,2025,146943,Health Care,Medical/Dental Instruments
SIBN,SI-BONE Inc. Common Stock,$15.12,-0.30,-1.946%,670561159.00,United States,2018,649314,Health Care,Medical/Dental Instruments
SID,Companhia Siderurgica Nacional S.A. Common Stock,$1.22,0.00,0.00%,1617834615.00,Brazil,,3029503,Industrials,Steel/Iron Ore
SIFY,Sify Technologies Limited American Depositary Shares,$16.59,0.54,3.364%,1200293136.00,India,,64661,Technology,Computer Software: Programming Data Processing
SIGA,SIGA Technologies Inc. Common Stock,$4.34,0.02,0.463%,311282581.00,United States,,291465,Health Care,Biotechnology: Pharmaceutical Preparations
SIGIP,Selective Insurance Group Inc. Depositary Shares each representing a 1/1000th interest in a share of 4.60% Non-Cumulative Preferred Stock Series B,$15.88,-0.092,-0.576%,950727978.00,United States,,935547,Finance,Property-Casualty Insurers
SILA,Sila Realty Trust Inc. Common Stock,$30.29,0.01,0.033%,1673413153.00,United States,2024,309997,Real Estate,Real Estate Investment Trusts
SION,Sionna Therapeutics Inc. Common Stock,$36.00,0.08,0.223%,1625411880.00,United States,2025,278628,Health Care,Biotechnology: Pharmaceutical Preparations
SKBL,Skyline Builders Group Holding Limited Class A Ordinary Shares,$3.02,-0.02,-0.658%,420400942.00,Hong Kong,2025,92159,Consumer Discretionary,Engineering & Construction
SKWD,Skyward Specialty Insurance Group Inc. Common Stock,$49.25,-0.80,-1.598%,1996745951.00,United States,2023,518739,Finance,Property-Casualty Insurers
SKYH,Sky Harbour Group Corporation Class A Common Stock,$9.40,0.19,2.063%,719362674.00,United States,2022,129531,Finance,Real Estate
SKYT,SkyWater Technology Inc. Common Stock,$37.90,1.29,3.524%,1864854416.00,United States,2021,970950,Technology,Semiconductors
SLDB,Solid Biosciences Inc. Common Stock,$7.36,0.22,3.081%,724589100.00,United States,2018,2064068,Health Care,Biotechnology: Biological Products (No Diagnostic Substances)
SLDE,Slide Insurance Holdings Inc. Common Stock,$16.62,-0.08,-0.479%,1903974669.00,United States,2025,670461,Finance,Property-Casualty Insurers
SLDP,Solid Power Inc. Class A Common Stock,$2.84,0.04,1.429%,638953685.00,United States,2021,5068266,Miscellaneous,Industrial Machinery/Components
SLI,Standard Lithium Ltd. Common Shares,$3.57,-0.01,-0.279%,869852516.00,Canada,2021,2106643,Industrials,Major Chemicals
SLN,Silence Therapeutics Plc American Depository Share,$7.00,0.31,4.634%,327600000.00,United Kingdom,,406284,Health Care,Biotechnology: Pharmaceutical Preparations
SLNHP,Soluna Holdings Inc 9.0% Series A Cumulative Perpetual Preferred Stock ,$11.15,-0.20,-1.762%,1576019663.00,United States,,17645,Technology,EDP Services
SLP,Simulations Plus Inc. Common Stock,$16.37,0.05,0.306%,330763740.00,United States,,178015,Technology,EDP Services
SLRC,SLR Investment Corp. Common Stock,$12.54,-0.17,-1.338%,684115110.00,United States,2010,392318,Finance,Finance/Investors Services
SLS,SELLAS Life Sciences Group Inc. Common Stock,$7.73,-0.10,-1.277%,1438031797.00,United States,,5836598,Health Care,Biotechnology: Pharmaceutical Preparations
SLSR,Solaris Resources Inc. Common Shares,$9.98,0.60,6.397%,1667012573.00,,2024,132584,,
SLVM,Sylvamo Corporation Common Stock,$41.02,-0.59,-1.418%,1629976299.00,United States,2021,238034,Basic Materials,Paper
SMA,SmartStop Self Storage REIT Inc. Common Stock,$32.25,0.01,0.031%,1785530764.00,United States,2025,516675,Real Estate,Real Estate Investment Trusts
SMBC,Southern Missouri Bancorp Inc. Common Stock,$71.16,-1.18,-1.631%,783872373.00,United States,,101719,Finance,Banks
SMBK,SmartFinancial Inc. Common Stock,$44.45,-1.01,-2.222%,760027125.00,United States,,99920,Finance,Major Banks
SMC,Summit Midstream Corporation Common Stock,$28.92,-0.96,-3.213%,588196737.00,United States,2012,107726,Utilities,Natural Gas Distribution
SMP,Standard Motor Products Inc. Common Stock,$39.02,-0.38,-0.964%,868713147.00,United States,,126628,Consumer Discretionary,Auto Parts:O.E.M.
SMPL,The Simply Good Foods Company Common Stock,$12.51,-0.06,-0.477%,1132017690.00,United States,,1508332,Consumer Staples,Packaged Foods
SMWB,Similarweb Ltd. Ordinary Shares,$5.25,0.87,19.863%,456573873.00,,2021,2585592,Technology,Computer Software: Programming Data Processing
SNDA,Sonida Senior Living Inc. Common Stock,$34.58,-0.47,-1.341%,1637961338.00,United States,,606469,Health Care,Hospital/Nursing Management
SNDL,SNDL Inc. Common Shares,$1.43,0.01,0.704%,372229000.00,Canada,2019,6218484,Health Care, Medicinal Chemicals and Botanical Products 
SNDX,Syndax Pharmaceuticals Inc. Common Stock,$18.48,0.23,1.26%,1637253119.00,United States,2016,1952768,Health Care,Biotechnology: Pharmaceutical Preparations
SOC,Sable Offshore Corp. Common Stock,$10.60,-0.28,-2.574%,1636246846.00,United States,2021,4580363,Energy,Oil & Gas Production
SOHU,Sohu.com Limited American Depositary Shares,$13.20,-0.23,-1.713%,344111090.00,China,,62272,Technology,EDP Services
SONO,Sonos Inc. Common Stock,$14.90,-0.46,-2.995%,1775017198.00,United States,2018,3189701,Consumer Staples,Consumer Electronics/Appliances
SOPH,SOPHiA GENETICS SA Ordinary Shares,$5.01,0.13,2.664%,359060197.00,Switzerland,2021,65071,Health Care,Biotechnology: Biological Products (No Diagnostic Substances)
SOR,Source Capital Inc. Cmn Shs of BI,$46.00,0.75,1.657%,383846218.00,United States,,12514,Finance,Investment Managers
SOUNW,SoundHound AI Inc. Warrant,$2.21,0.16,7.805%,956420893.00,United States,2021,38686,Technology,Computer Software: Prepackaged Software
SPB,Spectrum Brands Holdings Inc. Common Stock,$84.55,1.25,1.501%,1961077896.00,United States,,431126,Miscellaneous,Industrial Machinery/Components
SPCE,Virgin Galactic Holdings Inc. Common Stock,$3.56,-0.35,-8.951%,382409497.00,United States,2017,42604788,Consumer Discretionary,Transportation Services
SPFI,South Plains Financial Inc. Common Stock,$41.48,-0.89,-2.101%,794165876.00,United States,2019,90056,Finance,Major Banks
SPH,Suburban Propane Partners L.P. Common Stock,$17.45,-0.41,-2.296%,1157686345.00,United States,1996,404802,Consumer Discretionary,Other Specialty Stores
SPIR,Spire Global Inc. Class A Common Stock,$18.44,0.21,1.152%,741636037.00,United States,2020,1383188,Consumer Discretionary,Telecommunications Equipment
SPRY,ARS Pharmaceuticals Inc. Common Stock,$9.81,0.05,0.512%,974165000.00,United States,2020,1049802,Health Care,Biotechnology: Pharmaceutical Preparations
SPT,Sprout Social Inc Class A Common Stock,$7.25,-0.04,-0.549%,435765151.00,United States,2019,1485684,Technology,Computer Software: Prepackaged Software
SPTX,Seaport Therapeutics Inc. Common Stock,$17.44,-0.56,-3.111%,933572792.00,United States,2026,104029,Health Care,Biotechnology: Pharmaceutical Preparations
SRCE,1st Source Corporation Common Stock,$77.40,-1.12,-1.426%,1862932163.00,United States,,126511,Finance,Major Banks
SRPT,Sarepta Therapeutics Inc. Common Stock (DE),$15.77,0.46,3.005%,1664937021.00,United States,,2310466,Health Care,Biotechnology: Pharmaceutical Preparations
SRTA,Strata Critical Medical Inc. Class A Common Stock,$5.89,0.46,8.471%,509641497.00,United States,2019,1891948,Consumer Discretionary,Transportation Services
SSII,SS Innovations International Inc. Common Stock,$3.52,0.16,4.762%,704463003.00,India,,93096,Health Care,Medical/Dental Instruments
SSSS,SuRo Capital Corp. Common Stock,$13.56,-0.14,-1.022%,353512020.00,United States,2011,196904,Finance,Finance: Consumer Services
SSSSL,SuRo Capital Corp. 6.00% Notes due 2026,$25.0599,0.0849,0.34%,598633573.00,United States,,2824,Finance,Finance: Consumer Services
SSTK,Shutterstock Inc. Common Stock,$13.62,-0.67,-4.689%,500371751.00,United States,2012,304123,Technology,EDP Services
SSYS,Stratasys Ltd. Ordinary Shares (Israel),$8.90,-0.02,-0.224%,766935597.00,United States,1994,1620992,Technology,Computer peripheral equipment
STAA,STAAR Surgical Company Common Stock,$28.37,0.00,0.00%,1412499603.00,United States,,418811,Health Care,Ophthalmic Goods
STBA,S&T Bancorp Inc. Common Stock,$47.26,-0.59,-1.233%,1700267632.00,United States,,270724,Finance,Major Banks
STC,Stewart Information Services Corporation Common Stock,$65.59,0.37,0.567%,1995712374.00,United States,,191650,Finance,Specialty Insurers
STEL,Stellar Bancorp Inc. Common Stock,$38.33,-0.54,-1.389%,1951790354.00,United States,,335042,Finance,Major Banks
STGW,Stagwell Inc. Class A Common Stock,$6.59,-0.04,-0.603%,1633425085.00,Canada,,988158,Consumer Discretionary,Advertising
STOK,Stoke Therapeutics Inc. Common Stock,$30.00,0.18,0.604%,1868449650.00,United States,2019,833932,Health Care,Biotechnology: Pharmaceutical Preparations
STRA,Strategic Education Inc. Common Stock,$74.03,-3.38,-4.366%,1674033653.00,United States,1996,377233,Real Estate,Other Consumer Services
STRO,Sutro Biopharma Inc. Common Stock,$30.20,1.40,4.861%,500427258.00,United States,2018,188707,Health Care,Biotechnology: Biological Products (No Diagnostic Substances)
STRT,STRATTEC SECURITY CORPORATION Common Stock,$78.71,-0.77,-0.969%,328913269.00,United States,,58313,Consumer Discretionary,Auto Parts:O.E.M.
STRZ,Starz Entertainment Corp. Common Shares,$28.14,0.085,0.303%,472444683.00,United States,,80057,Consumer Discretionary,Movies/Entertainment
STTK,Shattuck Labs Inc. Common Stock,$4.63,-0.31,-6.275%,355030794.00,United States,2020,946334,Health Care,Biotechnology: Pharmaceutical Preparations
SUJA,Suja Life Inc. Class A Common Stock,$11.05,0.55,5.238%,426806383.00,United States,2026,414610,Consumer Staples,Beverages (Production/Distribution)
SUPV,Grupo Supervielle S.A. American Depositary Shares each Representing five Class B shares,$11.29,0.29,2.636%,1031278999.00,,2016,698550,Finance,Commercial Banks
SUPX,SuperX AI Technology Limited Ordinary Shares,$8.35,0.12,1.458%,360858067.00,Hong Kong,2024,199254,,
SVC,Service Properties Trust Common Stock,$1.60,-0.02,-1.235%,1035531138.00,United States,,4428040,Real Estate,Real Estate Investment Trusts
SVCO,Silvaco Group Inc. Common Stock,$12.25,0.08,0.657%,400434823.00,United States,2024,621456,Technology,Computer Software: Prepackaged Software
SVRA,Savara Inc. Common Stock,$5.33,0.07,1.331%,1092262040.00,United States,,1287879,Health Care,Biotechnology: Pharmaceutical Preparations
SVREW,SaverOne 2014 Ltd. Warrant,$0.0081,-0.0036,-30.769%,326909525.00,Israel,2022,14624,Technology,EDP Services
SVV,Savers Value Village Inc. Common Stock,$10.14,0.15,1.502%,1561419642.00,United States,2023,899599,Consumer Discretionary,Other Specialty Stores
SWBI,Smith & Wesson Brands Inc. Common Stock,$14.35,-0.41,-2.778%,638485241.00,United States,,548938,Industrials,Ordnance And Accessories
SWIM,Latham Group Inc. Common Stock,$5.45,-0.15,-2.679%,639893160.00,United States,2021,1319010,Industrials,Plastic Products
SWKHL,SWK Holdings Corporation 9.00% Senior Notes due 2027,$25.29,0.1825,0.727%,307207518.00,United States,,10045,,
SWMR,Swarmer Inc Common Stock,$41.96,-3.23,-7.148%,470382342.00,United States,2026,544231,Technology,Computer Software: Prepackaged Software
SXC,SunCoke Energy Inc. Common Stock,$9.21,-0.38,-3.962%,781497954.00,United States,2011,1353921,Industrials,Steel/Iron Ore
TACO,Berto Acquisition Corp. Ordinary Shares,$10.38,-0.01,-0.096%,378270368.00,United States,2025,30367,Finance,Blank Checks
TALK,Talkspace Inc. Common Stock,$5.20,-0.01,-0.192%,871065343.00,United States,2020,2704611,Health Care,Medical/Nursing Services
TASK,TaskUs Inc. Class A Common Stock,$5.38,-0.10,-1.825%,492690743.00,United States,2021,527840,Technology,EDP Services
TATT,TAT Technologies Ltd. Ordinary Shares,$45.45,0.30,0.664%,590083577.00,Israel,,119091,Industrials,Aerospace
TBLA,Taboola.com Ltd. Ordinary Shares,$4.94,0.20,4.219%,1350222299.00,Israel,,2187402,Technology,Computer Software: Programming Data Processing
TBLD,Thornburg Income Builder Opportunities Trust Common Stock,$22.00,0.19,0.871%,705801426.00,United States,2021,26382,Finance,Investment Managers
TBN,Tamboran Resources Corporation Common stock,$36.47,-3.90,-9.661%,1032790611.00,,2024,527458,Energy,Oil & Gas Production
TBPH,Theravance Biopharma Inc. Ordinary Shares,$16.32,-0.32,-1.923%,841345042.00,Cayman Islands,,346361,Health Care,Biotechnology: Pharmaceutical Preparations
TBRG,TruBridge Inc. Common Stock,$26.13,0.01,0.038%,391927424.00,United States,2002,151869,Technology,EDP Services
TCBIO,Texas Capital Bancshares Inc. Depositary Shares 5.75% Fixed Rate Non-Cumulative Perpetual Preferred Stock Series B,$20.70,0.29,1.421%,903988437.00,United States,,17220,Finance,Major Banks
TCBK,TriCo Bancshares Common Stock,$51.67,-0.97,-1.843%,1648820185.00,United States,,94053,Finance,Major Banks
TCBX,Third Coast Bancshares Inc. Common Stock,$39.36,-0.72,-1.796%,653063915.00,United States,,120888,Finance,Banks
TCI,Transcontinental Realty Investors Inc. Common Stock,$38.47,-3.00,-7.234%,332354487.00,United States,,4413,Real Estate,Real Estate Investment Trusts
TCMD,Tactile Systems Technology Inc. Common Stock,$26.36,0.05,0.19%,594583014.00,United States,2016,151064,Health Care,Medical/Dental Instruments
TCPC,BlackRock TCP Capital Corp. Common Stock,$3.60,-0.19,-5.013%,302049990.00,United States,2012,2330470,Finance,Finance/Investors Services
TDAY,USA TODAY Co. Inc. Common Stock,$7.60,-0.14,-1.809%,1114936044.00,United States,2014,1410199,Consumer Discretionary,Newspapers/Magazines
TDOC,Teladoc Health Inc. Common Stock,$7.46,0.12,1.635%,1346627629.00,United States,2015,3791937,Health Care,Medical/Nursing Services
TDUP,ThredUp Inc. Class A Common Stock,$5.21,0.16,3.168%,672302808.00,United States,2021,1550108,Consumer Discretionary,Catalog/Specialty Distribution
TECX,Tectonic Therapeutic Inc. Common Stock,$29.39,-0.89,-2.939%,554565377.00,United States,2018,103615,Health Care,Biotechnology: Biological Products (No Diagnostic Substances)
TEN,Tsakos Energy Navigation Ltd Common Shares,$38.90,0.13,0.335%,1171963757.00,Greece,,537367,Consumer Discretionary,Marine Transportation
TENX,Tenax Therapeutics Inc. Common Stock,$11.55,0.07,0.61%,306365586.00,United States,,759964,Health Care,Biotechnology: Pharmaceutical Preparations
TFIN,Triumph Financial Inc. Common Stock,$74.77,-0.91,-1.202%,1779993537.00,United States,,262922,Finance,Major Banks
TGLS,Tecnoglass Inc. Ordinary Shares,$43.88,0.09,0.206%,1946728126.00,Colombia,2022,209740,Consumer Discretionary,Electronic Components
TH,Target Hospitality Corp. Common Stock,$18.91,0.51,2.772%,1883161162.00,United States,2018,1132362,Consumer Discretionary,Hotels/Resorts
THFF,First Financial Corporation Common Stock,$73.37,-1.61,-2.147%,872508410.00,United States,,108103,Finance,Major Banks
THM,International Tower Hill Mines Ltd. Ordinary Shares (Canada),$2.25,0.16,7.656%,588684314.00,Canada,,820458,Basic Materials,Metal Mining
THRM,Gentherm Inc Common Stock,$35.67,-0.69,-1.898%,1093902234.00,United States,,603532,Consumer Discretionary,Auto Parts:O.E.M.
TIC,TIC Solutions Inc. Common Stock,$8.55,0.09,1.064%,1889914264.00,United States,2025,1860644,Consumer Discretionary,Business Services
TIGR,UP Fintech Holding Ltd American Depositary Share representing fifteen Class A Ordinary Shares,$4.73,-0.04,-0.839%,897277859.00,China,2019,2913255,Finance,Investment Bankers/Brokers/Service
TILE,Interface Inc. Common Stock,$31.35,-0.52,-1.632%,1820061619.00,United States,,614317,Consumer Discretionary,Home Furnishings
TIPT,Tiptree Inc. Common Stock,$17.66,-0.06,-0.339%,663487525.00,United States,,191249,Finance,Property-Casualty Insurers
TITN,Titan Machinery Inc. Common Stock,$19.91,-0.35,-1.728%,463946404.00,United States,2007,248775,Consumer Discretionary,Other Specialty Stores
TK,Teekay Corporation Ltd. Common Stock,$12.17,-0.16,-1.298%,1056094734.00,Bermuda,,493631,Consumer Discretionary,Marine Transportation
TLRY,Tilray Brands Inc. Common Stock ,$5.01,0.03,0.602%,583778226.00,United States,2018,3886433,Health Care, Medicinal Chemicals and Botanical Products 
TLS,Telos Corporation Common Stock,$4.48,-0.09,-1.969%,335189904.00,United States,2020,677846,Technology,EDP Services
TMCR,The Metals Royalty Company Inc. Common Stock,$9.48,0.14,1.499%,521979351.00,Canada,,39397,Basic Materials,Precious Metals
TMP,Tompkins Financial Corporation Common Stock,$90.58,-1.44,-1.565%,1302806796.00,United States,1997,62385,Finance,Major Banks
TMQ,Trilogy Metals Inc. Common Stock,$4.05,0.12,3.053%,698809838.00,Canada,,1900327,Basic Materials,Precious Metals
TNC,Tennant Company Common Stock,$86.59,-0.29,-0.334%,1475398611.00,United States,,162035,Industrials,Industrial Machinery/Components
TNDM,Tandem Diabetes Care Inc. Common Stock,$16.76,0.16,0.964%,1148547532.00,United States,2013,1682957,Health Care,Medical/Dental Instruments
TOI,The Oncology Institute Inc. Common Stock,$5.18,-0.13,-2.448%,517911593.00,United States,2020,2520589,Health Care,Medical/Nursing Services
TOYO,TOYO Co. Ltd Ordinary Shares,$12.40,-0.42,-3.276%,468211563.00,Japan,,787663,Consumer Discretionary,Miscellaneous manufacturing industries
TPB,Turning Point Brands Inc. Common Stock,$82.05,-0.50,-0.606%,1589106165.00,United States,2016,941967,Consumer Discretionary,Tobacco
TPTA,Terra Property Trust Inc. 6.00% Notes due 2026,$24.225,0.225,0.938%,589639262.00,,2021,2479,Real Estate,Real Estate Investment Trusts
TRAX,First Tracks Biotherapeutics Inc. Ordinary Shares ,$17.88,0.24,1.361%,623875772.00,United States,,484320,Health Care,Biotechnology: Pharmaceutical Preparations
TRC,Tejon Ranch Co Common Stock,$19.33,0.07,0.363%,521991843.00,United States,2000,112250,Finance,Real Estate
TREE,LendingTree Inc. Common Stock,$37.17,0.62,1.696%,518633679.00,United States,,205238,Finance,Finance: Consumer Services
TRIN,Trinity Capital Inc. Common Stock,$16.89,0.00,0.00%,1518202425.00,United States,2021,1063995,Finance,Finance: Consumer Services
TRINI,Trinity Capital Inc. 7.875% Notes Due 2029,$25.09,0.1422,0.57%,1764182274.00,United States,,36985,Finance,Finance: Consumer Services
TRINZ,Trinity Capital Inc. 7.875% Notes due 2029,$25.15,0.1322,0.528%,1768401124.00,United States,,16924,Finance,Finance: Consumer Services
TRIP,TripAdvisor Inc. Common Stock,$12.56,0.15,1.209%,1461496283.00,United States,,13713804,Technology,Computer Software: Programming Data Processing
TRLV,Trulieve Cannabis Corp. Subordinate Voting Shares,$9.86,-0.49,-4.734%,1896148450.00,,,1356497,Health Care, Medicinal Chemicals and Botanical Products 
TRNS,Transcat Inc. Common Stock,$91.60,0.34,0.373%,855607937.00,United States,,137514,Industrials,Electrical Products
TRON,Tron Inc. Common Stock,$1.80,0.04,2.273%,853887715.00,United States,2023,548467,Consumer Discretionary,Recreational Games/Products/Toys
TROX,Tronox Holdings plc Ordinary Shares (UK),$8.03,0.01,0.125%,1280978475.00,United States,,2473053,Industrials,Major Chemicals
TRS,TriMas Corporation Common Stock,$41.78,0.46,1.113%,1496880679.00,United States,2007,804196,Industrials,Industrial Specialties
TRST,TrustCo Bank Corp NY Common Stock,$53.05,-2.20,-3.982%,927038724.00,United States,,166087,Finance,Major Banks
TRTX,TPG RE Finance Trust Inc. Common Stock,$8.49,-0.10,-1.164%,656346694.00,United States,2017,620852,Real Estate,Real Estate Investment Trusts
TRUP,Trupanion Inc. Common Stock,$23.90,0.25,1.057%,1042529281.00,United States,,413827,Health Care,Medical Specialities
TRVG,trivago N.V. American Depositary Shares,$4.30,0.44,11.399%,303664598.00,Germany,2016,88959,Technology,EDP Services
TRX,TRX Gold Corporation Common Stock,$0.971,0.0417,4.487%,316479649.00,Canada,,2219452,Basic Materials,Precious Metals
TSAT,Telesat Corporation Class A Common Shares and Class B Variable Voting Shares ,$48.35,1.44,3.07%,1748318884.00,Canada,,387861,Industrials,Metal Fabrications
TSBK,Timberland Bancorp Inc. Common Stock,$42.09,-0.58,-1.359%,329478542.00,United States,,12215,Finance,Banks
TSHA,Taysha Gene Therapies Inc. Common Stock,$5.97,0.26,4.553%,1715545289.00,United States,2020,5629700,Health Care,Biotechnology: Biological Products (No Diagnostic Substances)
TSLX,Sixth Street Specialty Lending Inc. Common Stock,$16.40,-0.50,-2.959%,1558321440.00,,2014,800538,Finance,Investment Managers
TSSI,TSS Inc. Common Stock,$13.42,0.64,5.008%,376752490.00,United States,,1049783,Consumer Discretionary,Professional Services
TTI,Tetra Technologies Inc. Common Stock,$10.16,-0.24,-2.308%,1375562258.00,United States,,1397963,Energy,Oil & Gas Production
TUYA,Tuya Inc. American Depositary Shares each representing one Class A Ordinary Share,$1.99,-0.02,-0.995%,1220439347.00,China,2021,1070187,Technology,Computer Software: Prepackaged Software
TWFG,TWFG Inc. Class A Common Stock,$21.14,-0.42,-1.948%,1145123633.00,United States,2024,222022,Finance,Specialty Insurers
TWI,Titan International Inc. (DE) Common Stock,$7.59,-0.13,-1.684%,488583176.00,United States,,394455,Industrials,Steel/Iron Ore
TWO,Two Harbors Investment Corp,$12.24,-0.10,-0.81%,1285767116.00,United States,,1409072,Real Estate,Real Estate Investment Trusts
TXO,TXO Partners L.P. Common Units Representing Limited Partner Interests,$12.90,-0.27,-2.05%,712628340.00,United States,2023,113673,Energy,Oil & Gas Production
TY,Tri Continental Corporation Common Stock,$35.86,0.70,1.991%,1949024529.00,United States,,23842,Finance,Finance Companies
TYG,Tortoise Energy Infrastructure Corporation Common Stock,$42.61,-0.28,-0.653%,508247947.00,United States,2004,165822,Finance,Investment Managers
TYRA,Tyra Biosciences Inc. Common Stock,$28.55,1.56,5.78%,1697879378.00,United States,2021,987149,Health Care,Biotechnology: Pharmaceutical Preparations
UAMY,United States Antimony Corporation Common Stock,$7.48,0.44,6.25%,1108428453.00,United States,,6791615,Industrials,Metal Fabrications
UAN,CVR Partners LP Common Units representing Limited Partner Interests,$111.38,-1.13,-1.004%,1177246169.00,United States,2011,64184,Industrials,Agricultural Chemicals
UFCS,United Fire Group Inc. Common Stock,$47.91,-0.53,-1.094%,1229186913.00,United States,,130683,Finance,Property-Casualty Insurers
UFPT,UFP Technologies Inc. Common Stock,$233.665,-1.275,-0.543%,1807851851.00,United States,1993,168746,Health Care,Medical/Dental Instruments
UHAL,U-Haul Holding Company Common Stock,$62.08,-0.30,-0.481%,1217251479.00,United States,2022,298300,Consumer Discretionary,Rental/Leasing Companies
UHT,Universal Health Realty Income Trust Common Stock,$40.33,0.07,0.174%,559602867.00,United States,,189552,Real Estate,Real Estate Investment Trusts
ULCC,Frontier Group Holdings Inc. Common Stock,$6.57,0.32,5.12%,1509715931.00,United States,2021,6461119,Consumer Discretionary,Air Freight/Delivery Services
ULH,Universal Logistics Holdings Inc. Common Stock,$17.07,-0.07,-0.408%,450130625.00,United States,2005,43347,Industrials,Trucking Freight/Courier Services
UMAC,Unusual Machines Inc. Common Stock,$24.73,0.30,1.228%,1181943716.00,United States,2024,5398311,Technology,Radio And Television Broadcasting And Communications Equipment
UMH,UMH Properties Inc. Common Stock,$15.04,-0.24,-1.571%,1280899573.00,United States,1994,592838,Real Estate,Real Estate Investment Trusts
UNTY,Unity Bancorp Inc. Common Stock,$55.38,-1.25,-2.207%,556065153.00,United States,,46137,Finance,Major Banks
UP,Wheels Up Experience Inc. Class A Common Stock,$8.30,0.06,0.728%,300701837.00,Singapore,2020,87232,Consumer Discretionary,Transportation Services
UPB,Upstream Bio Inc. Common Stock,$6.10,0.00,0.00%,331961915.00,United States,2024,681435,Health Care,Biotechnology: Pharmaceutical Preparations
UPBD,Upbound Group Inc. Common Stock,$18.72,-0.22,-1.162%,1091258551.00,United States,,985749,Consumer Discretionary,Diversified Commercial Services
UPWK,Upwork Inc. Common Stock,$8.48,-0.01,-0.118%,1047433802.00,United States,2018,1795628,Technology,EDP Services
URG,Ur Energy Inc Common Shares (Canada),$1.70,0.13,8.28%,675464150.00,Canada,,19185078,Basic Materials,Precious Metals
URGN,UroGen Pharma Ltd. Ordinary Shares,$30.865,1.145,3.853%,1503795301.00,Israel,2017,804938,Health Care,Biotechnology: Pharmaceutical Preparations
UROY,Uranium Royalty Corp. Common Stock,$3.03,0.08,2.712%,443841996.00,Canada,,2555567,Finance,Investment Bankers/Brokers/Service
USAS,Americas Gold and Silver Corporation Common Shares no par value,$5.76,0.48,9.091%,1883137300.00,Canada,2017,4723468,Basic Materials,Metal Mining
USCB,USCB Financial Holdings Inc. Class A Common Stock,$19.52,-0.03,-0.153%,356511328.00,United States,2021,37738,Finance,Major Banks
USNA,USANA Health Sciences Inc. Common Stock,$19.41,-0.50,-2.511%,358367044.00,United States,,153356,Health Care, Medicinal Chemicals and Botanical Products 
USPH,U.S. Physical Therapy Inc. Common Stock,$65.52,-0.04,-0.061%,997135055.00,United States,1992,262793,Health Care,Medical/Nursing Services
UTL,UNITIL Corporation Common Stock,$51.52,-0.39,-0.751%,926886583.00,United States,1985,63251,Utilities,Power Generation
UTZ,Utz Brands Inc Class A Common Stock ,$7.22,0.08,1.12%,1038857360.00,United States,2018,1481426,Consumer Staples,Packaged Foods
UVE,UNIVERSAL INSURANCE HOLDINGS INC Common Stock,$37.06,-0.89,-2.345%,1034386033.00,United States,,110177,Finance,Property-Casualty Insurers
UVSP,Univest Financial Corporation Common Stock,$41.90,-0.68,-1.597%,1166739104.00,United States,,188892,Finance,Major Banks
UVV,Universal Corporation Common Stock,$53.33,-0.60,-1.113%,1329170042.00,United States,,268042,Industrials,Farming/Seeds/Milling
UXIN,Uxin Limited ADS,$2.12,0.11,5.473%,466358153.00,China,2018,271975,Consumer Discretionary,Business Services
UZD,Array Digital Infrastructure Inc. 6.250% Senior Notes due 2069,$18.87,0.04,0.212%,1622820000.00,United States,2020,5720,Telecommunications,Telecommunications Equipment
UZE,Array Digital Infrastructure Inc. 5.500% Senior Notes due 2070,$16.88,-0.16,-0.939%,1451680000.00,United States,2020,5467,Telecommunications,Telecommunications Equipment
UZF,Array Digital Infrastructure Inc. 5.500% Senior Notes due 2070,$16.88,0.08,0.476%,1451680000.00,United States,2021,10364,Telecommunications,Telecommunications Equipment
VALN,Valneva SE American Depositary Shares,$5.39,0.035,0.654%,467354568.00,France,2021,14963,Health Care,Biotechnology: Biological Products (No Diagnostic Substances)
VALU,Value Line Inc. Common Stock,$34.68,0.62,1.82%,325549414.00,United States,1983,4851,Finance,Investment Managers
VBNK,VersaBank Common Shares,$19.44,-0.76,-3.762%,625884350.00,Canada,,117182,Finance,Commercial Banks
VCEL,Vericel Corporation Common Stock,$38.29,0.83,2.216%,1955402450.00,United States,,476570,Health Care,Biotechnology: Biological Products (No Diagnostic Substances)
VCV,Invesco California Value Municipal Income Trust Common Stock,$10.60,-0.063,-0.591%,507639565.00,United States,,74470,Finance,Trusts Except Educational Religious and Charitable
VEL,Velocity Financial Inc. Common Stock,$17.52,-0.04,-0.228%,687752523.00,United States,2020,58403,Finance,Finance: Consumer Services
VELO,Velo3D Inc. Common stock,$23.09,-2.41,-9.451%,688105136.00,United States,,5672999,Technology,Industrial Machinery/Components
VERX,Vertex Inc. Class A Common Stock,$11.87,-0.41,-3.339%,1920766971.00,United States,2020,1876600,Technology,Computer Software: Prepackaged Software
VET,Vermilion Energy Inc. Common (Canada),$10.56,-0.59,-5.291%,1617792000.00,Canada,,2598327,Energy,Oil & Gas Production
VFSWW,VinFast Auto Ltd. Warrant,$0.3301,-0.0199,-5.686%,772280837.00,Singapore,,3870,Industrials,Auto Manufacturing
VGM,Invesco Trust for Investment Grade Municipals Common Stock (DE),$10.26,0.05,0.49%,556419992.00,United States,,303172,Finance,Trusts Except Educational Religious and Charitable
VGZ,Vista Gold Corp Common Stock,$2.49,0.15,6.41%,363468652.00,United States,1986,1749238,Basic Materials,Precious Metals
VHI,Valhi Inc. Common Stock,$14.54,-0.26,-1.757%,411515340.00,United States,,11403,Basic Materials,Major Chemicals
VIA,Via Transportation Inc. Class A Common Stock,$14.98,-0.12,-0.795%,1217812148.00,United States,2025,919715,Technology,Computer Software: Prepackaged Software
VINP,Vinci Compass Investments Ltd. Class A Common Shares,$10.01,0.26,2.667%,654875201.00,Brazil,2021,146699,Finance,Investment Managers
VIR,Vir Biotechnology Inc. Common Stock,$8.61,0.00,0.00%,1452093496.00,United States,2019,1396506,Health Care,Biotechnology: Biological Products (No Diagnostic Substances)
VITL,Vital Farms Inc. Common Stock,$10.61,0.01,0.094%,454622097.00,United States,2020,1805899,Consumer Staples,Packaged Foods
VKI,Invesco Advantage Municipal Income Trust II Common Shares of Beneficial Interest (DE),$9.19,-0.06,-0.649%,408091324.00,United States,1993,118004,Finance,Finance Companies
VKQ,Invesco Municipal Trust Common Stock,$9.81,-0.02,-0.203%,542841402.00,United States,,157121,Finance,Trusts Except Educational Religious and Charitable
VLGEA,Village Super Market Inc. Class A Common Stock,$40.83,-0.76,-1.827%,604671518.00,United States,,41749,Consumer Staples,Food Chains
VLRS,Controladora Vuela Compania de Aviacion S.A.B. de C.V. American Depositary Shares each representing ten (10) Ordinary Participation Certificates,$8.33,0.29,3.607%,967912022.00,,2013,689424,Consumer Discretionary,Air Freight/Delivery Services
VMD,Viemed Healthcare Inc. Common Shares,$10.44,-0.01,-0.096%,400236213.00,United States,,223404,Health Care,Misc Health and Biotechnology Services
VMET,Versamet Royalties Corporation Common Stock,$13.05,0.51,4.067%,1408384084.00,Canada,,295431,,
VMO,Invesco Municipal Opportunity Trust Common Stock,$9.75,0.00,0.00%,657546679.00,United States,,227592,Finance,Trusts Except Educational Religious and Charitable
VNDA,Vanda Pharmaceuticals Inc. Common Stock,$5.88,0.01,0.17%,353597105.00,United States,2006,1131073,Health Care,Biotechnology: Pharmaceutical Preparations
VOR,Vor Biopharma Inc. Common Stock,$14.07,-0.29,-2.019%,762395289.00,United States,2021,1913019,Health Care,Biotechnology: Biological Products (No Diagnostic Substances)
VOXR,Vox Royalty Corp. Common Stock,$5.34,0.16,3.089%,367935324.00,Canada,,596136,Basic Materials,Precious Metals
VPG,Vishay Precision Group Inc. Common Stock,$146.03,6.51,4.666%,1942345030.00,United States,,697723,Technology,Electrical Products
VRDN,Viridian Therapeutics Inc. Common Stock,$16.30,-0.05,-0.306%,1680118262.00,United States,2014,1707496,Health Care,Medical Specialities
VREX,Varex Imaging Corporation Common Stock,$10.44,-0.60,-5.435%,439524000.00,United States,,262407,Technology,Industrial Machinery/Components
VRRM,Verra Mobility Corporation Class A Common Stock,$4.98,0.31,6.638%,756495132.00,United States,2017,8130266,Consumer Discretionary,Transportation Services
VRTS,Virtus Investment Partners Inc. Common Stock,$143.78,-1.40,-0.964%,960755501.00,United States,,103777,Finance,Investment Managers
VRXA,Veraxa Biotech AG Ordinary Shares,$21.26,1.26,6.30%,672347500.00,Switzerland,,59895,Health Care,Biotechnology: Pharmaceutical Preparations
VSTM,Verastem Inc. Common Stock,$4.00,-0.10,-2.439%,351494556.00,United States,2012,2322493,Health Care,Biotechnology: Pharmaceutical Preparations
VSTS,Vestis Corporation Common Stock,$13.14,-0.05,-0.379%,1735860777.00,United States,2023,973342,Consumer Discretionary,Consumer Specialties
VTEX,VTEX Class A Common Shares,$3.60,-0.02,-0.552%,685309162.00,United Kingdom,2021,1162199,Technology,Computer Software: Prepackaged Software
VTOL,Bristow Group Inc. Common Stock,$43.13,-0.83,-1.888%,1276906780.00,United States,,210357,Consumer Discretionary,Transportation Services
VTS,Vitesse Energy Inc. Common Stock,$16.00,-1.15,-6.706%,667398784.00,United States,2023,931178,Energy,Oil & Gas Production
VYX,NCR Voyix Corporation Common Stock,$7.44,-0.41,-5.223%,1025285382.00,United States,,3876336,Miscellaneous,Office Equipment/Supplies/Services
VZLA,Vizsla Silver Corp. Common Shares,$3.65,0.06,1.671%,1275670748.00,Canada,2024,6713921,Basic Materials,Precious Metals
WABC,Westamerica Bancorporation Common Stock,$57.64,-0.51,-0.877%,1353845726.00,United States,,297320,Finance,Major Banks
WAFDP,WaFd Inc. Depositary Shares,$16.25,0.00,0.00%,1200687800.00,United States,,14764,Finance,Major Banks
WASH,Washington Trust Bancorp Inc. Common Stock,$35.18,-0.69,-1.924%,670727562.00,United States,,189175,Finance,Major Banks
WAVE,Eco Wave Power Global AB (publ) American Depositary Shares,$7.53,-0.0001,-0.001%,351781329.00,Israel,2021,12312,Utilities,Electric Utilities: Central
WB,Weibo Corporation American Depositary Share,$7.67,0.03,0.393%,1884308627.00,China,2014,895473,Technology,Computer Software: Programming Data Processing
WBTN,WEBTOON Entertainment Inc. Common stock,$12.41,0.41,3.417%,1678262999.00,United States,2024,239672,Consumer Discretionary,Publishing
WD,Walker & Dunlop Inc Common Stock,$51.28,-1.98,-3.718%,1760506038.00,United States,2010,326594,Finance,Finance: Consumer Services
WDH,Waterdrop Inc. American Depositary Shares (each representing the right to receive 10 Class A Ordinary Shares),$1.40,0.00,0.00%,503022734.00,Cayman Islands,2021,173033,Finance,Specialty Insurers
WEAV,Weave Communications Inc. Common Stock,$5.44,-0.08,-1.449%,432837054.00,United States,2021,1189194,Technology,Computer Software: Prepackaged Software
WEN,Wendy's Company (The) Common Stock,$6.91,0.12,1.767%,1316221222.00,United States,,7005235,Consumer Discretionary,Restaurants
WEST,Westrock Coffee Company Common Stock,$8.81,-0.69,-7.263%,859485645.00,United States,,684382,Consumer Staples,Beverages (Production/Distribution)
WEYS,Weyco Group Inc. Common Stock,$36.28,-0.72,-1.946%,345828289.00,United States,,16469,Consumer Staples,Apparel
WGO,Winnebago Industries Inc. Common Stock,$29.50,0.26,0.889%,833840717.00,United States,,974936,Industrials,Homebuilding
WGS,GeneDx Holdings Corp. Class A Common Stock,$61.32,1.40,2.336%,1820469816.00,United States,2020,980134,Technology,Retail: Computer Software & Peripheral Equipment
WHFCL,WhiteHorse Finance Inc. 7.875% Notes due 2028,$25.45,0.05,0.197%,591536590.00,United States,,2860,,
WHK,WhiteHawk Minerals Corp Class A Common Stock,$27.12,-0.17,-0.623%,704349222.00,,2026,406809,Energy,Oil & Gas Production
WILC,G. Willi-Food International  Ltd. Ordinary Shares,$34.99,0.50,1.45%,487421547.00,Israel,,1893,Consumer Discretionary,Food Distributors
WINA,Winmark Corporation Common Stock,$402.61,1.99,0.497%,1440406121.00,United States,,49195,Consumer Discretionary,Other Specialty Stores
WKC,World Kinect Corporation Common Stock,$31.27,-0.45,-1.419%,1605884953.00,United States,,978783,Energy,Oil Refining/Marketing
WLDN,Willdan Group Inc. Common Stock,$95.51,-0.79,-0.82%,1443213979.00,United States,2006,353862,Consumer Discretionary,Military/Government/Technical
WLFC,Willis Lease Finance Corporation Common Stock,$190.83,0.57,0.30%,1463623927.00,United States,1996,100586,Consumer Discretionary,Industrial Specialties
WLKP,Westlake Chemical Partners LP Common Units representing limited partner interests,$23.25,-0.08,-0.343%,819466687.00,United States,2014,17438,Industrials,Major Chemicals
WLTH,Wealthfront Corporation Common Stock,$8.80,-0.16,-1.786%,1315621287.00,United States,2025,2462034,Finance,Finance: Consumer Services
WMK,Weis Markets Inc. Common Stock,$79.24,-3.39,-4.103%,1960761866.00,United States,,215970,Consumer Staples,Food Chains
WNC,Wabash National Corporation Common Stock,$9.46,-0.25,-2.575%,384775728.00,United States,1991,1201154,Industrials,Construction/Ag Equipment/Trucks
WOOF,Petco Health and Wellness Company Inc. Class A Common Stock,$2.79,0.04,1.455%,902163335.00,United States,2021,1779555,Consumer Discretionary,Other Specialty Stores
WRLD,World Acceptance Corporation Common Stock,$173.15,-5.30,-2.97%,803471927.00,United States,1991,74983,Finance,Finance: Consumer Services
WRN,Western Copper and Gold Corporation Common Stock,$2.56,0.14,5.785%,577621632.00,Canada,2011,1427070,Basic Materials,Metal Mining
WSBF,Waterstone Financial Inc. Common Stock (MD),$19.15,-0.47,-2.396%,345716520.00,United States,2005,56368,Finance,Savings Institutions
WSR,Whitestone REIT Common Shares,$19.08,0.02,0.105%,980597081.00,United States,2010,213770,Real Estate,Real Estate Investment Trusts
WTBA,West Bancorporation Common Stock,$24.63,-0.64,-2.533%,419402128.00,United States,,52357,Finance,Major Banks
WTFCN,Wintrust Financial Corporation Depositary Shares Each Representing a 1/1000th Interest in a Share of 7.875% Fixed-Rate Reset Non-Cumulative Perpetual Preferred StocK,$26.30,0.065,0.248%,1773875983.00,United States,,62593,Finance,Major Banks
WTI,W&T Offshore Inc. Common Stock,$3.39,-0.67,-16.502%,504356396.00,United States,2005,6960898,Energy,Oil & Gas Production
WVE,Wave Life Sciences Ltd. Ordinary Shares,$6.00,0.13,2.215%,1154413212.00,Singapore,2015,2357563,Health Care,Biotechnology: Pharmaceutical Preparations
WWW,Wolverine World Wide Inc. Common Stock,$17.77,-0.25,-1.387%,1456954144.00,United States,,917185,Consumer Discretionary,Shoe Manufacturing
WYFI,WhiteFiber Inc. Ordinary Shares,$29.98,5.28,21.377%,1157654196.00,United States,2025,1972044,Finance,Finance: Consumer Services
XERS,Xeris Biopharma Holdings Inc. Common Stock,$6.88,0.09,1.325%,1187777338.00,United States,2018,2169565,Health Care,Biotechnology: Pharmaceutical Preparations
XFLT,XAI Floating Rate & Alternative Income Trust Common Shares of Beneficial Interest,$17.55,-0.38,-2.119%,622472737.00,United States,2017,90067,Finance,Investment Managers
XFOR,X4 Pharmaceuticals Inc. Common Stock,$4.08,0.08,2.00%,384824360.00,United States,2017,511109,Health Care,Biotechnology: Biological Products (No Diagnostic Substances)
XHR,Xenia Hotels & Resorts Inc. Common Stock,$19.13,-0.32,-1.645%,1764662824.00,United States,2015,1655973,Consumer Discretionary,Hotels/Resorts
XIFR,XPLR Infrastructure LP Common Units representing limited partner interests,$11.66,0.00,0.00%,1099220790.00,United States,2014,786475,Utilities,Electric Utilities: Central
XMAX,XMAX Inc. Common Stock,$8.41,0.31,3.827%,534895562.00,United States,,1086429,Consumer Discretionary,Home Furnishings
XNCR,Xencor Inc. Common Stock,$12.21,-0.12,-0.973%,905268887.00,United States,2013,638722,Health Care,Biotechnology: Pharmaceutical Preparations
XNET,Xunlei Limited American Depositary Shares,$5.32,0.09,1.721%,1693190660.00,China,2014,528863,Technology,Computer Software: Prepackaged Software
XOMA,XOMA Royalty Corporation Common Stock,$41.95,0.16,0.383%,526096209.00,United States,1986,108450,Health Care,Biotechnology: Pharmaceutical Preparations
XOMAO,XOMA Royalty Corporation Depositary Shares Rep Series B 8.375% Cumulative Preferred Stock,$25.40,-0.02,-0.079%,318542162.00,United States,,10825,Health Care,Biotechnology: Pharmaceutical Preparations
XOMAP,XOMA Royalty Corporation 8.625% Series A Cumulative Perpetual Preferred Stock,$25.4348,-0.0302,-0.119%,318978590.00,United States,,1442,Health Care,Biotechnology: Pharmaceutical Preparations
XPEL,XPEL Inc. Common Stock,$45.50,0.37,0.82%,1254024818.00,United States,,199043,Industrials,Industrial Specialties
XPER,Xperi Inc. Common Stock ,$7.71,0.00,0.00%,372172926.00,United States,2022,317336,Technology,Computer Software: Prepackaged Software
XPOF,Xponential Fitness Inc. Class A Common Stock,$6.82,0.35,5.41%,335373500.00,United States,2021,602321,Consumer Discretionary,Services-Misc. Amusement & Recreation
XPRO,Expro Group Holdings N.V. Common Stock,$15.67,-0.79,-4.80%,1776904085.00,United States,2013,498951,Energy,Oilfield Services/Equipment
XRN,Chiron Real Estate Inc. Common Stock,$36.31,-0.77,-2.077%,480556677.00,United States,2016,179242,Real Estate,Real Estate Investment Trusts
XRX,Xerox Holdings Corporation Common Stock,$3.42,-0.05,-1.441%,447254785.00,United States,,3206151,Technology,Computer peripheral equipment
XZO,Exzeo Group Inc. Common Stock,$13.29,0.19,1.45%,1208305935.00,,2025,198504,Finance,Property-Casualty Insurers
YALA,Yalla Group Limited American Depositary Shares each representing one Class A Ordinary Share,$5.42,0.11,2.072%,822913110.00,United Arab Emirates,2020,392789,Technology,Computer Software: Programming Data Processing
YB,Yuanbao Inc. American Depositary Shares,$15.82,0.19,1.216%,728988780.00,China,2025,85867,Finance,Specialty Insurers
YELP,Yelp Inc. Common Stock,$22.57,-0.53,-2.294%,1241140189.00,United States,2012,1514603,Consumer Discretionary,Other Consumer Services
YEXT,Yext Inc. Common Stock,$4.05,-0.01,-0.246%,406004870.00,United States,2017,1393438,Technology,EDP Services
YORW,York Water Company (The) Common Stock,$29.84,-0.12,-0.401%,483686676.00,United States,,101067,Utilities,Water Supply
YSG,Yatsen Holding Limited American Depositary Shares each representing twenty (20) Class A Ordinary Shares,$3.35,0.24,7.717%,314449097.00,China,,159139,Consumer Discretionary,Package Goods/Cosmetics
YSWY,Yesway Inc. Class A Common Stock,$21.70,-1.54,-6.627%,1371326010.00,United States,2026,607931,Consumer Staples,Food Chains
ZBIO,Zenas BioPharma Inc. Common Stock,$18.71,-1.09,-5.505%,1181225484.00,United States,2024,511912,Health Care,Biotechnology: Pharmaceutical Preparations
ZD,Ziff Davis Inc. Common Stock,$45.85,-0.41,-0.886%,1688903090.00,United States,,462634,Telecommunications,Telecommunications Equipment
ZKH,ZKH Group Limited American Depositary Shares each representing thirty-five (35) Class A Ordinary Shares,$2.74,-0.06,-2.143%,435438929.00,Cayman Islands,2023,86326,Consumer Discretionary,RETAIL: Building Materials
ZLAB,Zai Lab Limited American Depositary Shares,$17.73,0.66,3.866%,1992051632.00,China,2017,637990,Health Care,Biotechnology: Pharmaceutical Preparations
ZSQR,Z Squared Inc. Common Stock,$12.77,1.845,16.888%,656780166.00,United States,2020,344273,Finance,Finance: Consumer Services
ZUMZ,Zumiez Inc. Common Stock,$18.36,-0.03,-0.163%,309773867.00,United States,2005,222116,Consumer Discretionary,Clothing/Shoe/Accessory Stores
ZURA,Zura Bio Limited Class A Ordinary Shares,$3.68,-0.02,-0.541%,349591573.00,Cayman Islands,,517325,Health Care,Biotechnology: Biological Products (No Diagnostic Substances)
ZVRA,Zevra Therapeutics Inc. Common Stock,$12.55,-0.10,-0.791%,741894304.00,United States,,1873040,Health Care,Biotechnology: Pharmaceutical Preparations
ZYME,Zymeworks Inc. Common Stock,$23.26,0.38,1.661%,1698516399.00,United States,,526445,Health Care,Biotechnology: Pharmaceutical Preparations
